nom_schema;nom_table;nom_variable_actuel;type_actuel;type_final;new_nom_variable
intermediate;backbone;str_match_id;VARCHAR;VARCHAR;str_match_id
intermediate;backbone;str_team_id;VARCHAR;VARCHAR;str_team_id
intermediate;backbone;str_opponent_id;VARCHAR;VARCHAR;str_opponent_id
intermediate;backbone;dt_date;DATE;DATE;dt_date
intermediate;backbone;str_venue;VARCHAR;VARCHAR;str_venue
intermediate;backbone;str_season;VARCHAR;VARCHAR;str_season
intermediate;backbone;str_league_source;VARCHAR;VARCHAR;str_league_source
intermediate;backbone;str_comp_category;VARCHAR;VARCHAR;str_comp_category
intermediate;backbone;str_result_1n2;VARCHAR;VARCHAR;str_result_1n2
intermediate;backbone;str_formation;VARCHAR;VARCHAR;str_formation
intermediate;backbone;int_gf;INTEGER;INTEGER;int_gf
intermediate;backbone;int_ga;INTEGER;INTEGER;int_ga
intermediate;backbone;int_poss;INTEGER;INTEGER;int_poss
intermediate;backbone;int_shots_on_target_faced;INTEGER;INTEGER;int_shots_on_target_faced
intermediate;backbone;int_saves;INTEGER;INTEGER;int_saves
intermediate;backbone;dec_save_pct;FLOAT;FLOAT;dec_save_pct
intermediate;backbone;int_clean_sheet;INTEGER;INTEGER;int_clean_sheet
intermediate;backbone;int_shots_total;INTEGER;INTEGER;int_shots_total
intermediate;backbone;int_shots_on_target;INTEGER;INTEGER;int_shots_on_target
intermediate;backbone;dec_goals_per_shot;DOUBLE;DOUBLE;dec_goals_per_shot
intermediate;backbone;int_yellow_cards;INTEGER;INTEGER;int_yellow_cards
intermediate;backbone;int_second_yellow_cards;INTEGER;INTEGER;int_second_yellow_cards
intermediate;backbone;int_red_cards;INTEGER;INTEGER;int_red_cards
intermediate;backbone;int_fouls_committed;INTEGER;INTEGER;int_fouls_committed
intermediate;backbone;int_interceptions;INTEGER;INTEGER;int_interceptions
intermediate;backbone;int_tackles_won;INTEGER;INTEGER;int_tackles_won
intermediate;backbone;dec_np_xg;DOUBLE;DOUBLE;dec_np_xg
intermediate;backbone;dec_np_xg_conceded;DOUBLE;DOUBLE;dec_np_xg_conceded
intermediate;backbone;dec_ppda;DOUBLE;DOUBLE;dec_ppda
intermediate;backbone;dec_ppda_allowed;DOUBLE;DOUBLE;dec_ppda_allowed
intermediate;backbone;dec_np_xg_diff_match;DOUBLE;DOUBLE;dec_np_xg_diff_match
intermediate;backbone;dec_odds_pinnacle_team;DOUBLE;DOUBLE;dec_odds_pinnacle_team
intermediate;backbone;dec_odds_pinnacle_draw;DOUBLE;DOUBLE;dec_odds_pinnacle_draw
intermediate;backbone;dec_odds_pinnacle_opp;DOUBLE;DOUBLE;dec_odds_pinnacle_opp
intermediate;backbone;dec_odds_avg_team;DOUBLE;DOUBLE;dec_odds_avg_team
intermediate;backbone;dec_odds_avg_draw;DOUBLE;DOUBLE;dec_odds_avg_draw
intermediate;backbone;dec_odds_avg_opp;DOUBLE;DOUBLE;dec_odds_avg_opp
intermediate;backbone;dec_pinnacle_prob_team;DOUBLE;DOUBLE;dec_pinnacle_prob_team
intermediate;backbone;dec_pinnacle_prob_draw;DOUBLE;DOUBLE;dec_pinnacle_prob_draw
intermediate;backbone;dec_pinnacle_prob_opp;DOUBLE;DOUBLE;dec_pinnacle_prob_opp
intermediate;backbone;dec_market_prob_team;DOUBLE;DOUBLE;dec_market_prob_team
intermediate;backbone;dec_market_prob_draw;DOUBLE;DOUBLE;dec_market_prob_draw
intermediate;backbone;dec_market_prob_opp;DOUBLE;DOUBLE;dec_market_prob_opp
intermediate;backbone;dec_pinnacle_prob_close_team;DOUBLE;DOUBLE;dec_pinnacle_prob_close_team
intermediate;backbone;dec_pinnacle_prob_close_draw;DOUBLE;DOUBLE;dec_pinnacle_prob_close_draw
intermediate;backbone;dec_pinnacle_prob_close_opp;DOUBLE;DOUBLE;dec_pinnacle_prob_close_opp
intermediate;backbone;dec_market_prob_close_team;DOUBLE;DOUBLE;dec_market_prob_close_team
intermediate;backbone;dec_market_prob_close_draw;DOUBLE;DOUBLE;dec_market_prob_close_draw
intermediate;backbone;dec_market_prob_close_opp;DOUBLE;DOUBLE;dec_market_prob_close_opp
intermediate;backbone;dec_pinnacle_drift_team;DOUBLE;DOUBLE;dec_pinnacle_drift_team
intermediate;backbone;dec_pinnacle_drift_draw;DOUBLE;DOUBLE;dec_pinnacle_drift_draw
intermediate;backbone;dec_pinnacle_drift_opp;DOUBLE;DOUBLE;dec_pinnacle_drift_opp
intermediate;backbone;dec_pinnacle_prob_over25;DOUBLE;DOUBLE;dec_pinnacle_prob_over25
intermediate;backbone;dec_pinnacle_prob_under25;DOUBLE;DOUBLE;dec_pinnacle_prob_under25
intermediate;backbone;dec_pinnacle_prob_close_over25;DOUBLE;DOUBLE;dec_pinnacle_prob_close_over25
intermediate;backbone;dec_pinnacle_prob_close_under25;DOUBLE;DOUBLE;dec_pinnacle_prob_close_under25
intermediate;corner_profiles;match_id;VARCHAR;VARCHAR;str_match_id
intermediate;corner_profiles;team_id;BIGINT;VARCHAR;str_team_id
intermediate;corner_profiles;corner_taker_id;INTEGER;VARCHAR;str_corner_taker_id
intermediate;corner_profiles;corner_row_num;INTEGER;INTEGER;int_corner_row_num
intermediate;corner_profiles;expanded_minute;INTEGER;INTEGER;int_expanded_minute
intermediate;corner_profiles;corner_side;VARCHAR;VARCHAR;str_corner_side
intermediate;corner_profiles;landing_zone;VARCHAR;VARCHAR;str_landing_zone
intermediate;corner_profiles;n_aerial_duels;BIGINT;BIGINT;int_n_aerial_duels
intermediate;corner_profiles;shot_body_part;VARCHAR;VARCHAR;str_shot_body_part
intermediate;corner_profiles;clearance_player_id;INTEGER;VARCHAR;str_clearance_player_id
intermediate;corner_profiles;clearance_quality;VARCHAR;VARCHAR;str_clearance_quality
intermediate;corner_profiles;is_headed_clearance;BOOLEAN;BOOLEAN;bool_is_headed_clearance
intermediate;corner_profiles;outcome;VARCHAR;VARCHAR;str_outcome
intermediate;corner_profiles;chain_danger_total;DOUBLE;DOUBLE;dec_chain_danger_total
intermediate;corner_profiles;chain_danger_momentum;DOUBLE;DOUBLE;dec_chain_danger_momentum
gold;equipe_adversaire_match;match_id;VARCHAR;VARCHAR;str_match_id
gold;equipe_adversaire_match;team_id;BIGINT;VARCHAR;str_team_id
gold;equipe_adversaire_match;opponent_id;BIGINT;VARCHAR;str_opponent_id
gold;equipe_adversaire_match;date;DATE;DATE;dt_date
gold;equipe_adversaire_match;season;VARCHAR;VARCHAR;str_season
gold;equipe_adversaire_match;league_source;VARCHAR;VARCHAR;str_league_source
gold;equipe_adversaire_match;h2h_played;HUGEINT;BIGINT;int_h2h_played
gold;equipe_adversaire_match;h2h_home_played;HUGEINT;BIGINT;int_h2h_home_played
gold;equipe_adversaire_match;h2h_win_rate_cutoff;DOUBLE;DOUBLE;dec_h2h_win_rate_cutoff
gold;equipe_adversaire_match;h2h_draw_rate_cutoff;DOUBLE;DOUBLE;dec_h2h_draw_rate_cutoff
gold;equipe_adversaire_match;h2h_loss_rate_cutoff;DOUBLE;DOUBLE;dec_h2h_loss_rate_cutoff
gold;equipe_adversaire_match;h2h_home_win_rate_cutoff;DOUBLE;DOUBLE;dec_h2h_home_win_rate_cutoff
gold;equipe_adversaire_match;h2h_avg_gf_10;DOUBLE;DOUBLE;dec_h2h_avg_gf_10
gold;equipe_adversaire_match;h2h_avg_ga_10;DOUBLE;DOUBLE;dec_h2h_avg_ga_10
gold;equipe_adversaire_match;h2h_avg_xg_diff_10;DOUBLE;DOUBLE;dec_h2h_avg_xg_diff_10
gold;equipe_confrontation_match;match_id;VARCHAR;VARCHAR;str_match_id
gold;equipe_confrontation_match;team_id;BIGINT;VARCHAR;str_team_id
gold;equipe_confrontation_match;opponent_id;BIGINT;VARCHAR;str_opponent_id
gold;equipe_confrontation_match;opp_press_ppda_rolling_3;DOUBLE;DOUBLE;dec_opp_press_ppda_rolling_3
gold;equipe_confrontation_match;self_buildup_resistance_rolling_3;DOUBLE;DOUBLE;dec_self_buildup_resistance_rolling_3
gold;equipe_confrontation_match;matchup_high_press_vs_buildup_rolling_3;DOUBLE;DOUBLE;dec_matchup_high_press_vs_buildup_rolling_3
gold;equipe_confrontation_match;opp_press_ppda_rolling_5;DOUBLE;DOUBLE;dec_opp_press_ppda_rolling_5
gold;equipe_confrontation_match;self_buildup_resistance_rolling_5;DOUBLE;DOUBLE;dec_self_buildup_resistance_rolling_5
gold;equipe_confrontation_match;matchup_high_press_vs_buildup_rolling_5;DOUBLE;DOUBLE;dec_matchup_high_press_vs_buildup_rolling_5
gold;equipe_confrontation_match;opp_press_ppda_rolling_10;DOUBLE;DOUBLE;dec_opp_press_ppda_rolling_10
gold;equipe_confrontation_match;self_buildup_resistance_rolling_10;DOUBLE;DOUBLE;dec_self_buildup_resistance_rolling_10
gold;equipe_confrontation_match;matchup_high_press_vs_buildup_rolling_10;DOUBLE;DOUBLE;dec_matchup_high_press_vs_buildup_rolling_10
gold;equipe_confrontation_match;self_team_xgbuildup_lag;DOUBLE;DOUBLE;dec_self_team_xgbuildup_lag
gold;equipe_confrontation_match;opp_team_xgbuildup_lag;DOUBLE;DOUBLE;dec_opp_team_xgbuildup_lag
gold;equipe_confrontation_zone;match_id;VARCHAR;VARCHAR;str_match_id
gold;equipe_confrontation_zone;team_id;BIGINT;VARCHAR;str_team_id
gold;equipe_confrontation_zone;off_danger_gauche;DOUBLE;DOUBLE;dec_off_danger_gauche
gold;equipe_confrontation_zone;off_danger_axe;DOUBLE;DOUBLE;dec_off_danger_axe
gold;equipe_confrontation_zone;off_danger_droit;DOUBLE;DOUBLE;dec_off_danger_droit
gold;equipe_confrontation_zone;off_cross_gauche;DOUBLE;DOUBLE;dec_off_cross_gauche
gold;equipe_confrontation_zone;off_cross_droit;DOUBLE;DOUBLE;dec_off_cross_droit
gold;equipe_confrontation_zone;off_dribble_gauche;DOUBLE;DOUBLE;dec_off_dribble_gauche
gold;equipe_confrontation_zone;off_dribble_droit;DOUBLE;DOUBLE;dec_off_dribble_droit
gold;equipe_confrontation_zone;off_central_axe;DOUBLE;DOUBLE;dec_off_central_axe
gold;equipe_confrontation_zone;def_danger_gauche;DOUBLE;DOUBLE;dec_def_danger_gauche
gold;equipe_confrontation_zone;def_danger_axe;DOUBLE;DOUBLE;dec_def_danger_axe
gold;equipe_confrontation_zone;def_danger_droit;DOUBLE;DOUBLE;dec_def_danger_droit
gold;equipe_confrontation_zone;def_cross_gauche;DOUBLE;DOUBLE;dec_def_cross_gauche
gold;equipe_confrontation_zone;def_cross_droit;DOUBLE;DOUBLE;dec_def_cross_droit
gold;equipe_confrontation_zone;def_dribble_gauche;DOUBLE;DOUBLE;dec_def_dribble_gauche
gold;equipe_confrontation_zone;def_dribble_droit;DOUBLE;DOUBLE;dec_def_dribble_droit
gold;equipe_confrontation_zone;def_central_axe;DOUBLE;DOUBLE;dec_def_central_axe
gold;equipe_gardien_match;str_match_id;VARCHAR;VARCHAR;str_match_id
gold;equipe_gardien_match;str_team_id;VARCHAR;VARCHAR;str_team_id
gold;equipe_gardien_match;keeper_psxg_plus_minus_lag;DOUBLE;DOUBLE;dec_keeper_psxg_plus_minus_lag
gold;equipe_gardien_match;keeper_psxg_per_shot_lag;DOUBLE;DOUBLE;dec_keeper_psxg_per_shot_lag
gold;equipe_gardien_match;keeper_save_pct_lag;DOUBLE;DOUBLE;dec_keeper_save_pct_lag
gold;equipe_gardien_match;keeper_shots_faced_lag;HUGEINT;BIGINT;int_keeper_shots_faced_lag
gold;equipe_lineup_match;match_id;VARCHAR;VARCHAR;str_match_id
gold;equipe_lineup_match;team_id;BIGINT;VARCHAR;str_team_id
gold;equipe_lineup_match;lineup_sum_xg_per90_lag;DOUBLE;DOUBLE;dec_lineup_sum_xg_per90_lag
gold;equipe_lineup_match;lineup_avg_shots_per90_lag;DOUBLE;DOUBLE;dec_lineup_avg_shots_per90_lag
gold;equipe_lineup_match;lineup_avg_def_actions_per90_lag;DOUBLE;DOUBLE;dec_lineup_avg_def_actions_per90_lag
gold;equipe_lineup_match;lineup_avg_aerial_win_rate_lag;DOUBLE;DOUBLE;dec_lineup_avg_aerial_win_rate_lag
gold;equipe_lineup_match;n_starters_profiled;BIGINT;BIGINT;int_n_starters_profiled
gold;equipe_match;str_match_id;VARCHAR;VARCHAR;str_match_id
gold;equipe_match;str_team_id;VARCHAR;VARCHAR;str_team_id
gold;equipe_match;str_opponent_id;VARCHAR;VARCHAR;str_opponent_id
gold;equipe_match;dt_date;DATE;DATE;dt_date
gold;equipe_match;str_season;VARCHAR;VARCHAR;str_season
gold;equipe_match;str_league_source;VARCHAR;VARCHAR;str_league_source
gold;equipe_match;str_venue;VARCHAR;VARCHAR;str_venue
gold;equipe_match;str_comp_category;VARCHAR;VARCHAR;str_comp_category
gold;equipe_match;int_is_home;INTEGER;INTEGER;int_is_home
gold;equipe_match;int_days_since_last_game;BIGINT;BIGINT;int_days_since_last_game
gold;equipe_match;dec_avg_gf_rolling_3;DOUBLE;DOUBLE;dec_avg_gf_rolling_3
gold;equipe_match;dec_avg_ga_rolling_3;DOUBLE;DOUBLE;dec_avg_ga_rolling_3
gold;equipe_match;dec_avg_np_xg_rolling_3;DOUBLE;DOUBLE;dec_avg_np_xg_rolling_3
gold;equipe_match;dec_avg_np_xg_conceded_rolling_3;DOUBLE;DOUBLE;dec_avg_np_xg_conceded_rolling_3
gold;equipe_match;dec_avg_np_xg_diff_rolling_3;DOUBLE;DOUBLE;dec_avg_np_xg_diff_rolling_3
gold;equipe_match;dec_points_rolling_3;DOUBLE;DOUBLE;dec_points_rolling_3
gold;equipe_match;dec_win_rate_rolling_3;DOUBLE;DOUBLE;dec_win_rate_rolling_3
gold;equipe_match;dec_draw_rate_rolling_3;DOUBLE;DOUBLE;dec_draw_rate_rolling_3
gold;equipe_match;dec_loss_rate_rolling_3;DOUBLE;DOUBLE;dec_loss_rate_rolling_3
gold;equipe_match;dec_clean_sheet_rate_rolling_3;DOUBLE;DOUBLE;dec_clean_sheet_rate_rolling_3
gold;equipe_match;dec_failed_to_score_rate_rolling_3;DOUBLE;DOUBLE;dec_failed_to_score_rate_rolling_3
gold;equipe_match;dec_shots_rolling_3;DOUBLE;DOUBLE;dec_shots_rolling_3
gold;equipe_match;dec_shots_ot_rolling_3;DOUBLE;DOUBLE;dec_shots_ot_rolling_3
gold;equipe_match;dec_ppda_rolling_3;DOUBLE;DOUBLE;dec_ppda_rolling_3
gold;equipe_match;dec_ppda_allowed_rolling_3;DOUBLE;DOUBLE;dec_ppda_allowed_rolling_3
gold;equipe_match;dec_field_tilt_rolling_3;DOUBLE;DOUBLE;dec_field_tilt_rolling_3
gold;equipe_match;dec_counter_attack_dna_rolling_3;DOUBLE;DOUBLE;dec_counter_attack_dna_rolling_3
gold;equipe_match;dec_attack_left_pct_rolling_3;DOUBLE;DOUBLE;dec_attack_left_pct_rolling_3
gold;equipe_match;dec_attack_center_pct_rolling_3;DOUBLE;DOUBLE;dec_attack_center_pct_rolling_3
gold;equipe_match;dec_attack_right_pct_rolling_3;DOUBLE;DOUBLE;dec_attack_right_pct_rolling_3
gold;equipe_match;dec_def_exposed_left_pct_rolling_3;DOUBLE;DOUBLE;dec_def_exposed_left_pct_rolling_3
gold;equipe_match;dec_def_exposed_center_pct_rolling_3;DOUBLE;DOUBLE;dec_def_exposed_center_pct_rolling_3
gold;equipe_match;dec_def_exposed_right_pct_rolling_3;DOUBLE;DOUBLE;dec_def_exposed_right_pct_rolling_3
gold;equipe_match;dec_cross_rate_rolling_3;DOUBLE;DOUBLE;dec_cross_rate_rolling_3
gold;equipe_match;dec_through_ball_rate_rolling_3;DOUBLE;DOUBLE;dec_through_ball_rate_rolling_3
gold;equipe_match;dec_long_ball_rate_rolling_3;DOUBLE;DOUBLE;dec_long_ball_rate_rolling_3
gold;equipe_match;dec_shot_six_yard_pct_rolling_3;DOUBLE;DOUBLE;dec_shot_six_yard_pct_rolling_3
gold;equipe_match;dec_shot_open_play_pct_rolling_3;DOUBLE;DOUBLE;dec_shot_open_play_pct_rolling_3
gold;equipe_match;dec_shot_set_piece_pct_rolling_3;DOUBLE;DOUBLE;dec_shot_set_piece_pct_rolling_3
gold;equipe_match;dec_set_piece_reliance_rolling_3;DOUBLE;DOUBLE;dec_set_piece_reliance_rolling_3
gold;equipe_match;dec_defensive_line_height_rolling_3;DOUBLE;DOUBLE;dec_defensive_line_height_rolling_3
gold;equipe_match;dec_yellow_cards_rolling_3;DOUBLE;DOUBLE;dec_yellow_cards_rolling_3
gold;equipe_match;dec_fouls_committed_rolling_3;DOUBLE;DOUBLE;dec_fouls_committed_rolling_3
gold;equipe_match;dec_fouls_drawn_rolling_3;DOUBLE;DOUBLE;dec_fouls_drawn_rolling_3
gold;equipe_match;dec_corners_for_rolling_3;DOUBLE;DOUBLE;dec_corners_for_rolling_3
gold;equipe_match;dec_corners_against_rolling_3;DOUBLE;DOUBLE;dec_corners_against_rolling_3
gold;equipe_match;dec_shots_blocked_rolling_3;DOUBLE;DOUBLE;dec_shots_blocked_rolling_3
gold;equipe_match;dec_avg_gf_rolling_5;DOUBLE;DOUBLE;dec_avg_gf_rolling_5
gold;equipe_match;dec_avg_ga_rolling_5;DOUBLE;DOUBLE;dec_avg_ga_rolling_5
gold;equipe_match;dec_avg_np_xg_rolling_5;DOUBLE;DOUBLE;dec_avg_np_xg_rolling_5
gold;equipe_match;dec_avg_np_xg_conceded_rolling_5;DOUBLE;DOUBLE;dec_avg_np_xg_conceded_rolling_5
gold;equipe_match;dec_avg_np_xg_diff_rolling_5;DOUBLE;DOUBLE;dec_avg_np_xg_diff_rolling_5
gold;equipe_match;dec_points_rolling_5;DOUBLE;DOUBLE;dec_points_rolling_5
gold;equipe_match;dec_win_rate_rolling_5;DOUBLE;DOUBLE;dec_win_rate_rolling_5
gold;equipe_match;dec_draw_rate_rolling_5;DOUBLE;DOUBLE;dec_draw_rate_rolling_5
gold;equipe_match;dec_loss_rate_rolling_5;DOUBLE;DOUBLE;dec_loss_rate_rolling_5
gold;equipe_match;dec_clean_sheet_rate_rolling_5;DOUBLE;DOUBLE;dec_clean_sheet_rate_rolling_5
gold;equipe_match;dec_failed_to_score_rate_rolling_5;DOUBLE;DOUBLE;dec_failed_to_score_rate_rolling_5
gold;equipe_match;dec_shots_rolling_5;DOUBLE;DOUBLE;dec_shots_rolling_5
gold;equipe_match;dec_shots_ot_rolling_5;DOUBLE;DOUBLE;dec_shots_ot_rolling_5
gold;equipe_match;dec_ppda_rolling_5;DOUBLE;DOUBLE;dec_ppda_rolling_5
gold;equipe_match;dec_ppda_allowed_rolling_5;DOUBLE;DOUBLE;dec_ppda_allowed_rolling_5
gold;equipe_match;dec_field_tilt_rolling_5;DOUBLE;DOUBLE;dec_field_tilt_rolling_5
gold;equipe_match;dec_counter_attack_dna_rolling_5;DOUBLE;DOUBLE;dec_counter_attack_dna_rolling_5
gold;equipe_match;dec_attack_left_pct_rolling_5;DOUBLE;DOUBLE;dec_attack_left_pct_rolling_5
gold;equipe_match;dec_attack_center_pct_rolling_5;DOUBLE;DOUBLE;dec_attack_center_pct_rolling_5
gold;equipe_match;dec_attack_right_pct_rolling_5;DOUBLE;DOUBLE;dec_attack_right_pct_rolling_5
gold;equipe_match;dec_def_exposed_left_pct_rolling_5;DOUBLE;DOUBLE;dec_def_exposed_left_pct_rolling_5
gold;equipe_match;dec_def_exposed_center_pct_rolling_5;DOUBLE;DOUBLE;dec_def_exposed_center_pct_rolling_5
gold;equipe_match;dec_def_exposed_right_pct_rolling_5;DOUBLE;DOUBLE;dec_def_exposed_right_pct_rolling_5
gold;equipe_match;dec_cross_rate_rolling_5;DOUBLE;DOUBLE;dec_cross_rate_rolling_5
gold;equipe_match;dec_through_ball_rate_rolling_5;DOUBLE;DOUBLE;dec_through_ball_rate_rolling_5
gold;equipe_match;dec_long_ball_rate_rolling_5;DOUBLE;DOUBLE;dec_long_ball_rate_rolling_5
gold;equipe_match;dec_shot_six_yard_pct_rolling_5;DOUBLE;DOUBLE;dec_shot_six_yard_pct_rolling_5
gold;equipe_match;dec_shot_open_play_pct_rolling_5;DOUBLE;DOUBLE;dec_shot_open_play_pct_rolling_5
gold;equipe_match;dec_shot_set_piece_pct_rolling_5;DOUBLE;DOUBLE;dec_shot_set_piece_pct_rolling_5
gold;equipe_match;dec_set_piece_reliance_rolling_5;DOUBLE;DOUBLE;dec_set_piece_reliance_rolling_5
gold;equipe_match;dec_defensive_line_height_rolling_5;DOUBLE;DOUBLE;dec_defensive_line_height_rolling_5
gold;equipe_match;dec_yellow_cards_rolling_5;DOUBLE;DOUBLE;dec_yellow_cards_rolling_5
gold;equipe_match;dec_fouls_committed_rolling_5;DOUBLE;DOUBLE;dec_fouls_committed_rolling_5
gold;equipe_match;dec_fouls_drawn_rolling_5;DOUBLE;DOUBLE;dec_fouls_drawn_rolling_5
gold;equipe_match;dec_corners_for_rolling_5;DOUBLE;DOUBLE;dec_corners_for_rolling_5
gold;equipe_match;dec_corners_against_rolling_5;DOUBLE;DOUBLE;dec_corners_against_rolling_5
gold;equipe_match;dec_shots_blocked_rolling_5;DOUBLE;DOUBLE;dec_shots_blocked_rolling_5
gold;equipe_match;dec_avg_gf_rolling_10;DOUBLE;DOUBLE;dec_avg_gf_rolling_10
gold;equipe_match;dec_avg_ga_rolling_10;DOUBLE;DOUBLE;dec_avg_ga_rolling_10
gold;equipe_match;dec_avg_np_xg_rolling_10;DOUBLE;DOUBLE;dec_avg_np_xg_rolling_10
gold;equipe_match;dec_avg_np_xg_conceded_rolling_10;DOUBLE;DOUBLE;dec_avg_np_xg_conceded_rolling_10
gold;equipe_match;dec_avg_np_xg_diff_rolling_10;DOUBLE;DOUBLE;dec_avg_np_xg_diff_rolling_10
gold;equipe_match;dec_points_rolling_10;DOUBLE;DOUBLE;dec_points_rolling_10
gold;equipe_match;dec_win_rate_rolling_10;DOUBLE;DOUBLE;dec_win_rate_rolling_10
gold;equipe_match;dec_draw_rate_rolling_10;DOUBLE;DOUBLE;dec_draw_rate_rolling_10
gold;equipe_match;dec_loss_rate_rolling_10;DOUBLE;DOUBLE;dec_loss_rate_rolling_10
gold;equipe_match;dec_clean_sheet_rate_rolling_10;DOUBLE;DOUBLE;dec_clean_sheet_rate_rolling_10
gold;equipe_match;dec_failed_to_score_rate_rolling_10;DOUBLE;DOUBLE;dec_failed_to_score_rate_rolling_10
gold;equipe_match;dec_shots_rolling_10;DOUBLE;DOUBLE;dec_shots_rolling_10
gold;equipe_match;dec_shots_ot_rolling_10;DOUBLE;DOUBLE;dec_shots_ot_rolling_10
gold;equipe_match;dec_ppda_rolling_10;DOUBLE;DOUBLE;dec_ppda_rolling_10
gold;equipe_match;dec_ppda_allowed_rolling_10;DOUBLE;DOUBLE;dec_ppda_allowed_rolling_10
gold;equipe_match;dec_field_tilt_rolling_10;DOUBLE;DOUBLE;dec_field_tilt_rolling_10
gold;equipe_match;dec_counter_attack_dna_rolling_10;DOUBLE;DOUBLE;dec_counter_attack_dna_rolling_10
gold;equipe_match;dec_attack_left_pct_rolling_10;DOUBLE;DOUBLE;dec_attack_left_pct_rolling_10
gold;equipe_match;dec_attack_center_pct_rolling_10;DOUBLE;DOUBLE;dec_attack_center_pct_rolling_10
gold;equipe_match;dec_attack_right_pct_rolling_10;DOUBLE;DOUBLE;dec_attack_right_pct_rolling_10
gold;equipe_match;dec_def_exposed_left_pct_rolling_10;DOUBLE;DOUBLE;dec_def_exposed_left_pct_rolling_10
gold;equipe_match;dec_def_exposed_center_pct_rolling_10;DOUBLE;DOUBLE;dec_def_exposed_center_pct_rolling_10
gold;equipe_match;dec_def_exposed_right_pct_rolling_10;DOUBLE;DOUBLE;dec_def_exposed_right_pct_rolling_10
gold;equipe_match;dec_cross_rate_rolling_10;DOUBLE;DOUBLE;dec_cross_rate_rolling_10
gold;equipe_match;dec_through_ball_rate_rolling_10;DOUBLE;DOUBLE;dec_through_ball_rate_rolling_10
gold;equipe_match;dec_long_ball_rate_rolling_10;DOUBLE;DOUBLE;dec_long_ball_rate_rolling_10
gold;equipe_match;dec_shot_six_yard_pct_rolling_10;DOUBLE;DOUBLE;dec_shot_six_yard_pct_rolling_10
gold;equipe_match;dec_shot_open_play_pct_rolling_10;DOUBLE;DOUBLE;dec_shot_open_play_pct_rolling_10
gold;equipe_match;dec_shot_set_piece_pct_rolling_10;DOUBLE;DOUBLE;dec_shot_set_piece_pct_rolling_10
gold;equipe_match;dec_set_piece_reliance_rolling_10;DOUBLE;DOUBLE;dec_set_piece_reliance_rolling_10
gold;equipe_match;dec_defensive_line_height_rolling_10;DOUBLE;DOUBLE;dec_defensive_line_height_rolling_10
gold;equipe_match;dec_yellow_cards_rolling_10;DOUBLE;DOUBLE;dec_yellow_cards_rolling_10
gold;equipe_match;dec_fouls_committed_rolling_10;DOUBLE;DOUBLE;dec_fouls_committed_rolling_10
gold;equipe_match;dec_fouls_drawn_rolling_10;DOUBLE;DOUBLE;dec_fouls_drawn_rolling_10
gold;equipe_match;dec_corners_for_rolling_10;DOUBLE;DOUBLE;dec_corners_for_rolling_10
gold;equipe_match;dec_corners_against_rolling_10;DOUBLE;DOUBLE;dec_corners_against_rolling_10
gold;equipe_match;dec_shots_blocked_rolling_10;DOUBLE;DOUBLE;dec_shots_blocked_rolling_10
gold;equipe_match;dec_season_xg_per_shot_for_lag;DOUBLE;DOUBLE;dec_season_xg_per_shot_for_lag
gold;equipe_match;dec_season_xg_per_shot_against_lag;DOUBLE;DOUBLE;dec_season_xg_per_shot_against_lag
intermediate;event_values;match_id;VARCHAR;VARCHAR;str_match_id
intermediate;event_values;team_id;BIGINT;VARCHAR;str_team_id
intermediate;event_values;player_id;INTEGER;VARCHAR;str_player_id
intermediate;event_values;event_id;INTEGER;VARCHAR;str_event_id
intermediate;event_values;row_num;INTEGER;INTEGER;int_row_num
intermediate;event_values;expanded_minute;INTEGER;INTEGER;int_expanded_minute
intermediate;event_values;period;INTEGER;INTEGER;int_period
intermediate;event_values;type_id;INTEGER;VARCHAR;str_type_id
intermediate;event_values;type_name;VARCHAR;VARCHAR;str_type_name
intermediate;event_values;outcome_id;INTEGER;VARCHAR;str_outcome_id
intermediate;event_values;is_shot;BOOLEAN;BOOLEAN;bool_is_shot
intermediate;event_values;x;DOUBLE;DOUBLE;dec_x
intermediate;event_values;y;DOUBLE;DOUBLE;dec_y
intermediate;event_values;match_date;DATE;DATE;dt_match_date
intermediate;event_values;season;VARCHAR;VARCHAR;str_season
intermediate;event_values;league_source;VARCHAR;VARCHAR;str_league_source
intermediate;event_values;scraped_at;VARCHAR;TIMESTAMP;dt_scraped_at
intermediate;event_values;danger_position;DOUBLE;DOUBLE;dec_danger_position
intermediate;event_values;chance_creation;DECIMAL(3,2);DECIMAL(3,2);dec_chance_creation
intermediate;event_values;def_execution_quality;DECIMAL(3,2);DECIMAL(3,2);dec_def_execution_quality
intermediate;event_values;pressure_context;DECIMAL(4,2);DECIMAL(4,2);dec_pressure_context
intermediate;event_values;context_weight;DECIMAL(3,2);DECIMAL(3,2);dec_context_weight
intermediate;event_values;action_value;DOUBLE;DOUBLE;dec_action_value
intermediate;events_qual;match_id;VARCHAR;VARCHAR;str_match_id
intermediate;events_qual;team_id;BIGINT;VARCHAR;str_team_id
intermediate;events_qual;player_id;INTEGER;VARCHAR;str_player_id
intermediate;events_qual;event_id;INTEGER;VARCHAR;str_event_id
intermediate;events_qual;minute;INTEGER;INTEGER;int_minute
intermediate;events_qual;second;INTEGER;INTEGER;int_second
intermediate;events_qual;expanded_minute;INTEGER;INTEGER;int_expanded_minute
intermediate;events_qual;period;INTEGER;INTEGER;int_period
intermediate;events_qual;x;DOUBLE;DOUBLE;dec_x
intermediate;events_qual;y;DOUBLE;DOUBLE;dec_y
intermediate;events_qual;end_x;DOUBLE;DOUBLE;dec_end_x
intermediate;events_qual;end_y;DOUBLE;DOUBLE;dec_end_y
intermediate;events_qual;type_id;INTEGER;VARCHAR;str_type_id
intermediate;events_qual;type_name;VARCHAR;VARCHAR;str_type_name
intermediate;events_qual;outcome_id;INTEGER;VARCHAR;str_outcome_id
intermediate;events_qual;is_touch;BOOLEAN;BOOLEAN;bool_is_touch
intermediate;events_qual;is_shot;BOOLEAN;BOOLEAN;bool_is_shot
intermediate;events_qual;row_num;INTEGER;INTEGER;int_row_num
intermediate;events_qual;qual_type_id;INTEGER;VARCHAR;str_qual_type_id
intermediate;events_qual;qual_type_name;VARCHAR;VARCHAR;str_qual_type_name
intermediate;events_qual;qual_value;VARCHAR;VARCHAR;str_qual_value
intermediate;freekick_profiles;match_id;VARCHAR;VARCHAR;str_match_id
intermediate;freekick_profiles;chain_id;VARCHAR;VARCHAR;str_chain_id
intermediate;freekick_profiles;chain_number;HUGEINT;BIGINT;int_chain_number
intermediate;freekick_profiles;chain_team_id;BIGINT;VARCHAR;str_chain_team_id
intermediate;freekick_profiles;freekick_taker_id;INTEGER;VARCHAR;str_freekick_taker_id
intermediate;freekick_profiles;row_num;INTEGER;INTEGER;int_row_num
intermediate;freekick_profiles;event_id;INTEGER;VARCHAR;str_event_id
intermediate;freekick_profiles;expanded_minute;INTEGER;INTEGER;int_expanded_minute
intermediate;freekick_profiles;second;INTEGER;INTEGER;int_second
intermediate;freekick_profiles;type_id;INTEGER;VARCHAR;str_type_id
intermediate;freekick_profiles;outcome_id;INTEGER;VARCHAR;str_outcome_id
intermediate;freekick_profiles;x;DOUBLE;DOUBLE;dec_x
intermediate;freekick_profiles;y;DOUBLE;DOUBLE;dec_y
intermediate;freekick_profiles;fk_type;VARCHAR;VARCHAR;str_fk_type
intermediate;freekick_profiles;is_offside;BOOLEAN;BOOLEAN;bool_is_offside
intermediate;freekick_profiles;fk_zone_type;VARCHAR;VARCHAR;str_fk_zone_type
intermediate;freekick_profiles;outcome;VARCHAR;VARCHAR;str_outcome
intermediate;freekick_profiles;chain_danger_total;DOUBLE;DOUBLE;dec_chain_danger_total
intermediate;freekick_profiles;chain_danger_momentum;DOUBLE;DOUBLE;dec_chain_danger_momentum
intermediate;freekick_profiles;shot_body_part;VARCHAR;VARCHAR;str_shot_body_part
intermediate;freekick_profiles;clearance_player_id;INTEGER;VARCHAR;str_clearance_player_id
intermediate;freekick_profiles;clearance_quality;VARCHAR;VARCHAR;str_clearance_quality
intermediate;freekick_profiles;is_headed_clearance;BOOLEAN;BOOLEAN;bool_is_headed_clearance
intermediate;freekick_profiles;x_m;DOUBLE;DOUBLE;dec_x_m
intermediate;freekick_profiles;y_m;DOUBLE;DOUBLE;dec_y_m
intermediate;freekick_profiles;distance_to_goal;DOUBLE;DOUBLE;dec_distance_to_goal
intermediate;freekick_profiles;angle;DOUBLE;DOUBLE;dec_angle
gold;gardien_saison;keeper_id;BIGINT;VARCHAR;str_keeper_id
gold;gardien_saison;season;VARCHAR;VARCHAR;str_season
gold;gardien_saison;keeper_psxg_plus_minus_lag;DOUBLE;DOUBLE;dec_keeper_psxg_plus_minus_lag
gold;gardien_saison;keeper_psxg_per_shot_lag;DOUBLE;DOUBLE;dec_keeper_psxg_per_shot_lag
gold;gardien_saison;keeper_save_pct_lag;DOUBLE;DOUBLE;dec_keeper_save_pct_lag
gold;gardien_saison;keeper_shots_faced_lag;HUGEINT;BIGINT;int_keeper_shots_faced_lag
gold;gardien_saison;profile_confidence_flag;VARCHAR;VARCHAR;str_profile_confidence_flag
intermediate;h2h_history;str_match_id;VARCHAR;VARCHAR;str_match_id
intermediate;h2h_history;str_team_id;VARCHAR;VARCHAR;str_team_id
intermediate;h2h_history;str_opponent_id;VARCHAR;VARCHAR;str_opponent_id
intermediate;h2h_history;dt_date;DATE;DATE;dt_date
intermediate;h2h_history;str_season;VARCHAR;VARCHAR;str_season
intermediate;h2h_history;str_league_source;VARCHAR;VARCHAR;str_league_source
intermediate;h2h_history;str_venue;VARCHAR;VARCHAR;str_venue
intermediate;h2h_history;int_gf;INTEGER;INTEGER;int_gf
intermediate;h2h_history;int_ga;INTEGER;INTEGER;int_ga
intermediate;h2h_history;str_result_1n2;VARCHAR;VARCHAR;str_result_1n2
intermediate;h2h_history;dec_np_xg;DOUBLE;DOUBLE;dec_np_xg
intermediate;h2h_history;dec_np_xg_conceded;DOUBLE;DOUBLE;dec_np_xg_conceded
intermediate;h2h_history;int_h2h_played;HUGEINT;BIGINT;int_h2h_played
intermediate;h2h_history;int_h2h_wins;HUGEINT;BIGINT;int_h2h_wins
intermediate;h2h_history;int_h2h_draws;HUGEINT;BIGINT;int_h2h_draws
intermediate;h2h_history;int_h2h_losses;HUGEINT;BIGINT;int_h2h_losses
intermediate;h2h_history;int_h2h_home_played;HUGEINT;BIGINT;int_h2h_home_played
intermediate;h2h_history;int_h2h_home_wins;HUGEINT;BIGINT;int_h2h_home_wins
intermediate;h2h_history;int_h2h_home_draws;HUGEINT;BIGINT;int_h2h_home_draws
intermediate;h2h_history;int_h2h_home_losses;HUGEINT;BIGINT;int_h2h_home_losses
intermediate;h2h_history;int_h2h_away_played;HUGEINT;BIGINT;int_h2h_away_played
intermediate;h2h_history;int_h2h_away_wins;HUGEINT;BIGINT;int_h2h_away_wins
intermediate;h2h_history;int_h2h_away_draws;HUGEINT;BIGINT;int_h2h_away_draws
intermediate;h2h_history;int_h2h_away_losses;HUGEINT;BIGINT;int_h2h_away_losses
intermediate;h2h_history;int_h2h_played_10;HUGEINT;BIGINT;int_h2h_played_10
intermediate;h2h_history;int_h2h_wins_10;HUGEINT;BIGINT;int_h2h_wins_10
intermediate;h2h_history;int_h2h_draws_10;HUGEINT;BIGINT;int_h2h_draws_10
intermediate;h2h_history;int_h2h_losses_10;HUGEINT;BIGINT;int_h2h_losses_10
intermediate;h2h_history;dec_h2h_avg_gf_10;DOUBLE;DOUBLE;dec_h2h_avg_gf_10
intermediate;h2h_history;dec_h2h_avg_ga_10;DOUBLE;DOUBLE;dec_h2h_avg_ga_10
intermediate;h2h_history;dec_h2h_avg_xg_diff_10;DOUBLE;DOUBLE;dec_h2h_avg_xg_diff_10
intermediate;int_defensive_blocks;match_id;VARCHAR;VARCHAR;str_match_id
intermediate;int_defensive_blocks;row_num;INTEGER;INTEGER;int_row_num
intermediate;int_defensive_blocks;event_id;INTEGER;VARCHAR;str_event_id
intermediate;int_defensive_blocks;season;VARCHAR;VARCHAR;str_season
intermediate;int_defensive_blocks;league_source;VARCHAR;VARCHAR;str_league_source
intermediate;int_defensive_blocks;scraped_at;VARCHAR;TIMESTAMP;dt_scraped_at
intermediate;int_defensive_blocks;expanded_minute;INTEGER;INTEGER;int_expanded_minute
intermediate;int_defensive_blocks;blocking_team_id;BIGINT;VARCHAR;str_blocking_team_id
intermediate;int_defensive_blocks;blocker_player_id;INTEGER;VARCHAR;str_blocker_player_id
intermediate;int_defensive_blocks;blocked_team_id;BIGINT;VARCHAR;str_blocked_team_id
intermediate;int_defensive_blocks;blocked_player_id;INTEGER;VARCHAR;str_blocked_player_id
intermediate;int_defensive_blocks;blocked_type;VARCHAR;VARCHAR;str_blocked_type
intermediate;int_defensive_blocks;block_x;DOUBLE;DOUBLE;dec_block_x
intermediate;int_defensive_blocks;block_y;DOUBLE;DOUBLE;dec_block_y
intermediate;int_event_enriched;match_id;VARCHAR;VARCHAR;str_match_id
intermediate;int_event_enriched;team_id;BIGINT;VARCHAR;str_team_id
intermediate;int_event_enriched;player_id;INTEGER;VARCHAR;str_player_id
intermediate;int_event_enriched;event_id;INTEGER;VARCHAR;str_event_id
intermediate;int_event_enriched;row_num;INTEGER;INTEGER;int_row_num
intermediate;int_event_enriched;expanded_minute;INTEGER;INTEGER;int_expanded_minute
intermediate;int_event_enriched;second;INTEGER;INTEGER;int_second
intermediate;int_event_enriched;period;INTEGER;INTEGER;int_period
intermediate;int_event_enriched;type_id;INTEGER;VARCHAR;str_type_id
intermediate;int_event_enriched;type_name;VARCHAR;VARCHAR;str_type_name
intermediate;int_event_enriched;outcome_id;INTEGER;VARCHAR;str_outcome_id
intermediate;int_event_enriched;is_shot;BOOLEAN;BOOLEAN;bool_is_shot
intermediate;int_event_enriched;is_touch;BOOLEAN;BOOLEAN;bool_is_touch
intermediate;int_event_enriched;x;DOUBLE;DOUBLE;dec_x
intermediate;int_event_enriched;y;DOUBLE;DOUBLE;dec_y
intermediate;int_event_enriched;end_x;DOUBLE;DOUBLE;dec_end_x
intermediate;int_event_enriched;end_y;DOUBLE;DOUBLE;dec_end_y
intermediate;int_event_enriched;is_own_goal;BOOLEAN;BOOLEAN;bool_is_own_goal
intermediate;int_event_enriched;related_event_id;INTEGER;VARCHAR;str_related_event_id
intermediate;int_event_enriched;related_player_id;INTEGER;VARCHAR;str_related_player_id
intermediate;int_event_enriched;card_type;VARCHAR;VARCHAR;str_card_type
intermediate;int_event_enriched;goal_mouth_y;DOUBLE;DOUBLE;dec_goal_mouth_y
intermediate;int_event_enriched;goal_mouth_z;DOUBLE;DOUBLE;dec_goal_mouth_z
intermediate;int_event_enriched;blocked_x;DOUBLE;DOUBLE;dec_blocked_x
intermediate;int_event_enriched;blocked_y;DOUBLE;DOUBLE;dec_blocked_y
intermediate;int_event_enriched;match_date;DATE;DATE;dt_match_date
intermediate;int_event_enriched;season;VARCHAR;VARCHAR;str_season
intermediate;int_event_enriched;league_source;VARCHAR;VARCHAR;str_league_source
intermediate;int_event_enriched;scraped_at;VARCHAR;TIMESTAMP;dt_scraped_at
intermediate;int_event_enriched;is_leading_to_goal;INTEGER;INTEGER;int_is_leading_to_goal
intermediate;int_event_enriched;is_intentional_goal_assist;INTEGER;INTEGER;int_is_intentional_goal_assist
intermediate;int_event_enriched;is_intentional_assist;INTEGER;INTEGER;int_is_intentional_assist
intermediate;int_event_enriched;is_big_chance_created;INTEGER;INTEGER;int_is_big_chance_created
intermediate;int_event_enriched;is_key_pass;INTEGER;INTEGER;int_is_key_pass
intermediate;int_event_enriched;is_shot_assist;INTEGER;INTEGER;int_is_shot_assist
intermediate;int_event_enriched;is_leading_to_attempt;INTEGER;INTEGER;int_is_leading_to_attempt
intermediate;int_event_enriched;has_defensive_qual;INTEGER;INTEGER;int_has_defensive_qual
intermediate;int_event_enriched;has_offensive_qual;INTEGER;INTEGER;int_has_offensive_qual
intermediate;int_event_enriched;has_opposite_event;INTEGER;INTEGER;int_has_opposite_event
intermediate;int_event_enriched;team_score;BIGINT;BIGINT;int_team_score
intermediate;int_event_enriched;opp_score;BIGINT;BIGINT;int_opp_score
intermediate;int_fbref_keeper;str_match_id;VARCHAR;VARCHAR;str_match_id
intermediate;int_fbref_keeper;str_team_id;VARCHAR;VARCHAR;str_team_id
intermediate;int_fbref_keeper;str_opponent_id;VARCHAR;VARCHAR;str_opponent_id
intermediate;int_fbref_keeper;dt_date;DATE;DATE;dt_date
intermediate;int_fbref_keeper;str_time;VARCHAR;VARCHAR;str_time
intermediate;int_fbref_keeper;str_league_source;VARCHAR;VARCHAR;str_league_source
intermediate;int_fbref_keeper;str_day;VARCHAR;VARCHAR;str_day
intermediate;int_fbref_keeper;str_venue;VARCHAR;VARCHAR;str_venue
intermediate;int_fbref_keeper;str_result;VARCHAR;VARCHAR;str_result
intermediate;int_fbref_keeper;str_season;VARCHAR;VARCHAR;str_season
intermediate;int_fbref_keeper;str_source;VARCHAR;VARCHAR;str_source
intermediate;int_fbref_keeper;dt_scraped_at;TIMESTAMP;TIMESTAMP;dt_scraped_at
intermediate;int_fbref_keeper;str_comp_category;VARCHAR;VARCHAR;str_comp_category
intermediate;int_fbref_keeper;str_result_1n2;VARCHAR;VARCHAR;str_result_1n2
intermediate;int_fbref_keeper;int_gf;INTEGER;INTEGER;int_gf
intermediate;int_fbref_keeper;int_ga;INTEGER;INTEGER;int_ga
intermediate;int_fbref_keeper;int_ga_keeper;INTEGER;INTEGER;int_ga_keeper
intermediate;int_fbref_keeper;int_saves;INTEGER;INTEGER;int_saves
intermediate;int_fbref_keeper;int_sota;INTEGER;INTEGER;int_sota
intermediate;int_fbref_keeper;dec_save_pct;FLOAT;FLOAT;dec_save_pct
intermediate;int_fbref_keeper;int_pk_allowed;INTEGER;INTEGER;int_pk_allowed
intermediate;int_fbref_keeper;int_pk_saved;INTEGER;INTEGER;int_pk_saved
intermediate;int_fbref_keeper;int_pk_missed;INTEGER;INTEGER;int_pk_missed
intermediate;int_fbref_keeper;int_pk_att;INTEGER;INTEGER;int_pk_att
intermediate;int_fbref_keeper;int_cs;INTEGER;INTEGER;int_cs
intermediate;int_fbref_misc;str_match_id;VARCHAR;VARCHAR;str_match_id
intermediate;int_fbref_misc;str_team_id;VARCHAR;VARCHAR;str_team_id
intermediate;int_fbref_misc;str_opponent_id;VARCHAR;VARCHAR;str_opponent_id
intermediate;int_fbref_misc;dt_date;DATE;DATE;dt_date
intermediate;int_fbref_misc;str_time;VARCHAR;VARCHAR;str_time
intermediate;int_fbref_misc;str_league_source;VARCHAR;VARCHAR;str_league_source
intermediate;int_fbref_misc;str_day;VARCHAR;VARCHAR;str_day
intermediate;int_fbref_misc;str_venue;VARCHAR;VARCHAR;str_venue
intermediate;int_fbref_misc;str_result;VARCHAR;VARCHAR;str_result
intermediate;int_fbref_misc;int_gf;INTEGER;INTEGER;int_gf
intermediate;int_fbref_misc;int_ga;INTEGER;INTEGER;int_ga
intermediate;int_fbref_misc;int_crdy;INTEGER;INTEGER;int_crdy
intermediate;int_fbref_misc;int_crdr;INTEGER;INTEGER;int_crdr
intermediate;int_fbref_misc;int_crdy2;INTEGER;INTEGER;int_crdy2
intermediate;int_fbref_misc;int_pkwon;INTEGER;INTEGER;int_pkwon
intermediate;int_fbref_misc;int_pkcon;INTEGER;INTEGER;int_pkcon
intermediate;int_fbref_misc;int_og;INTEGER;INTEGER;int_og
intermediate;int_fbref_misc;str_season;VARCHAR;VARCHAR;str_season
intermediate;int_fbref_misc;str_source;VARCHAR;VARCHAR;str_source
intermediate;int_fbref_misc;dt_scraped_at;TIMESTAMP;TIMESTAMP;dt_scraped_at
intermediate;int_fbref_misc;str_comp_category;VARCHAR;VARCHAR;str_comp_category
intermediate;int_fbref_misc;str_result_1n2;VARCHAR;VARCHAR;str_result_1n2
intermediate;int_fbref_misc;int_fls;INTEGER;INTEGER;int_fls
intermediate;int_fbref_misc;int_fld;INTEGER;INTEGER;int_fld
intermediate;int_fbref_misc;int_off;INTEGER;INTEGER;int_off
intermediate;int_fbref_misc;int_crosses;INTEGER;INTEGER;int_crosses
intermediate;int_fbref_misc;int_int;INTEGER;INTEGER;int_int
intermediate;int_fbref_misc;int_tklw;INTEGER;INTEGER;int_tklw
intermediate;int_fbref_schedule;str_match_id;VARCHAR;VARCHAR;str_match_id
intermediate;int_fbref_schedule;str_team_id;VARCHAR;VARCHAR;str_team_id
intermediate;int_fbref_schedule;str_opponent_id;VARCHAR;VARCHAR;str_opponent_id
intermediate;int_fbref_schedule;dt_date;DATE;DATE;dt_date
intermediate;int_fbref_schedule;str_time;VARCHAR;VARCHAR;str_time
intermediate;int_fbref_schedule;str_league_source;VARCHAR;VARCHAR;str_league_source
intermediate;int_fbref_schedule;str_day;VARCHAR;VARCHAR;str_day
intermediate;int_fbref_schedule;str_venue;VARCHAR;VARCHAR;str_venue
intermediate;int_fbref_schedule;str_result;VARCHAR;VARCHAR;str_result
intermediate;int_fbref_schedule;int_gf;INTEGER;INTEGER;int_gf
intermediate;int_fbref_schedule;int_ga;INTEGER;INTEGER;int_ga
intermediate;int_fbref_schedule;str_formation;VARCHAR;VARCHAR;str_formation
intermediate;int_fbref_schedule;str_opp_formation;VARCHAR;VARCHAR;str_opp_formation
intermediate;int_fbref_schedule;str_season;VARCHAR;VARCHAR;str_season
intermediate;int_fbref_schedule;str_source;VARCHAR;VARCHAR;str_source
intermediate;int_fbref_schedule;dt_scraped_at;TIMESTAMP;TIMESTAMP;dt_scraped_at
intermediate;int_fbref_schedule;str_comp_category;VARCHAR;VARCHAR;str_comp_category
intermediate;int_fbref_schedule;str_result_1n2;VARCHAR;VARCHAR;str_result_1n2
intermediate;int_fbref_schedule;int_poss;INTEGER;INTEGER;int_poss
intermediate;int_fbref_shooting;str_match_id;VARCHAR;VARCHAR;str_match_id
intermediate;int_fbref_shooting;str_team_id;VARCHAR;VARCHAR;str_team_id
intermediate;int_fbref_shooting;str_opponent_id;VARCHAR;VARCHAR;str_opponent_id
intermediate;int_fbref_shooting;dt_date;DATE;DATE;dt_date
intermediate;int_fbref_shooting;str_time;VARCHAR;VARCHAR;str_time
intermediate;int_fbref_shooting;str_league_source;VARCHAR;VARCHAR;str_league_source
intermediate;int_fbref_shooting;str_day;VARCHAR;VARCHAR;str_day
intermediate;int_fbref_shooting;str_venue;VARCHAR;VARCHAR;str_venue
intermediate;int_fbref_shooting;str_result;VARCHAR;VARCHAR;str_result
intermediate;int_fbref_shooting;int_gf;INTEGER;INTEGER;int_gf
intermediate;int_fbref_shooting;int_ga;INTEGER;INTEGER;int_ga
intermediate;int_fbref_shooting;int_standard_gls;INTEGER;INTEGER;int_standard_gls
intermediate;int_fbref_shooting;int_standard_pk;INTEGER;INTEGER;int_standard_pk
intermediate;int_fbref_shooting;int_standard_pkatt;INTEGER;INTEGER;int_standard_pkatt
intermediate;int_fbref_shooting;str_season;VARCHAR;VARCHAR;str_season
intermediate;int_fbref_shooting;str_source;VARCHAR;VARCHAR;str_source
intermediate;int_fbref_shooting;dt_scraped_at;TIMESTAMP;TIMESTAMP;dt_scraped_at
intermediate;int_fbref_shooting;str_comp_category;VARCHAR;VARCHAR;str_comp_category
intermediate;int_fbref_shooting;str_result_1n2;VARCHAR;VARCHAR;str_result_1n2
intermediate;int_fbref_shooting;int_standard_sh;INTEGER;INTEGER;int_standard_sh
intermediate;int_fbref_shooting;int_standard_sot;INTEGER;INTEGER;int_standard_sot
intermediate;int_fbref_shooting;dec_standard_sot_pct;DOUBLE;DOUBLE;dec_standard_sot_pct
intermediate;int_fbref_shooting;dec_standard_g_sh;DOUBLE;DOUBLE;dec_standard_g_sh
intermediate;int_fbref_shooting;dec_standard_g_sot;DOUBLE;DOUBLE;dec_standard_g_sot
intermediate;int_formation_matchup_match;match_id;VARCHAR;VARCHAR;str_match_id
intermediate;int_formation_matchup_match;team_id;BIGINT;VARCHAR;str_team_id
intermediate;int_formation_matchup_match;opponent_id;BIGINT;VARCHAR;str_opponent_id
intermediate;int_formation_matchup_match;attack_overload;BIGINT;BIGINT;int_attack_overload
intermediate;int_formation_matchup_match;mid_control_delta;BIGINT;BIGINT;int_mid_control_delta
intermediate;int_formation_matchup_match;back_depth_delta;DOUBLE;DOUBLE;dec_back_depth_delta
intermediate;int_formation_matchup_match;width_delta;DOUBLE;DOUBLE;dec_width_delta
intermediate;int_formation_matchup_match;depth_delta;DOUBLE;DOUBLE;dec_depth_delta
intermediate;int_formation_matchup_match;axiality_delta;DOUBLE;DOUBLE;dec_axiality_delta
intermediate;int_formation_matchup_match;formation_family_self;VARCHAR;VARCHAR;str_formation_family_self
intermediate;int_formation_matchup_match;formation_family_opp;VARCHAR;VARCHAR;str_formation_family_opp
intermediate;int_formation_matchup_match;matchup_family;VARCHAR;VARCHAR;str_matchup_family
intermediate;int_fouls_drawn;match_id;VARCHAR;VARCHAR;str_match_id
intermediate;int_fouls_drawn;row_num;INTEGER;INTEGER;int_row_num
intermediate;int_fouls_drawn;event_id;INTEGER;VARCHAR;str_event_id
intermediate;int_fouls_drawn;season;VARCHAR;VARCHAR;str_season
intermediate;int_fouls_drawn;league_source;VARCHAR;VARCHAR;str_league_source
intermediate;int_fouls_drawn;scraped_at;VARCHAR;TIMESTAMP;dt_scraped_at
intermediate;int_fouls_drawn;expanded_minute;INTEGER;INTEGER;int_expanded_minute
intermediate;int_fouls_drawn;drawing_team_id;BIGINT;VARCHAR;str_drawing_team_id
intermediate;int_fouls_drawn;drawer_player_id;INTEGER;VARCHAR;str_drawer_player_id
intermediate;int_fouls_drawn;committed_by_player_id;INTEGER;VARCHAR;str_committed_by_player_id
intermediate;int_fouls_drawn;x;DOUBLE;DOUBLE;dec_x
intermediate;int_fouls_drawn;y;DOUBLE;DOUBLE;dec_y
intermediate;int_fouls_drawn;foul_zone;VARCHAR;VARCHAR;str_foul_zone
intermediate;int_fouls_drawn;is_attacking_third;BOOLEAN;BOOLEAN;bool_is_attacking_third
intermediate;int_fouls_drawn;leads_to_penalty;BOOLEAN;BOOLEAN;bool_leads_to_penalty
intermediate;int_keeper_psxg;keeper_id;BIGINT;VARCHAR;str_keeper_id
intermediate;int_keeper_psxg;season;VARCHAR;VARCHAR;str_season
intermediate;int_keeper_psxg;league_source;VARCHAR;VARCHAR;str_league_source
intermediate;int_keeper_psxg;shots_faced;BIGINT;BIGINT;int_shots_faced
intermediate;int_keeper_psxg;goals_conceded;HUGEINT;BIGINT;int_goals_conceded
intermediate;int_keeper_psxg;saves;HUGEINT;BIGINT;int_saves
intermediate;int_keeper_psxg;psxg_faced;DOUBLE;DOUBLE;dec_psxg_faced
intermediate;int_keeper_psxg;psxg_plus_minus;DOUBLE;DOUBLE;dec_psxg_plus_minus
intermediate;int_keeper_psxg;save_pct;DOUBLE;DOUBLE;dec_save_pct
intermediate;int_keeper_shots;match_id;VARCHAR;VARCHAR;str_match_id
intermediate;int_keeper_shots;row_num;INTEGER;INTEGER;int_row_num
intermediate;int_keeper_shots;season;VARCHAR;VARCHAR;str_season
intermediate;int_keeper_shots;league_source;VARCHAR;VARCHAR;str_league_source
intermediate;int_keeper_shots;type_id;INTEGER;VARCHAR;str_type_id
intermediate;int_keeper_shots;is_goal;BOOLEAN;BOOLEAN;bool_is_goal
intermediate;int_keeper_shots;xgot;DOUBLE;DOUBLE;dec_xgot
intermediate;int_keeper_shots;def_team;BIGINT;BIGINT;int_def_team
intermediate;int_keeper_shots;keeper_id;BIGINT;VARCHAR;str_keeper_id
intermediate;int_keeper_shots;attribution_method;VARCHAR;VARCHAR;str_attribution_method
intermediate;int_keeper_shots;def_gk_available;BOOLEAN;BOOLEAN;bool_def_gk_available
intermediate;int_lineup_formation;match_id;VARCHAR;VARCHAR;str_match_id
intermediate;int_lineup_formation;team_id;BIGINT;VARCHAR;str_team_id
intermediate;int_lineup_formation;formation_id;INTEGER;VARCHAR;str_formation_id
intermediate;int_lineup_formation;formation_family;VARCHAR;VARCHAR;str_formation_family
intermediate;int_lineup_formation;n_gk;BIGINT;BIGINT;int_n_gk
intermediate;int_lineup_formation;n_def;BIGINT;BIGINT;int_n_def
intermediate;int_lineup_formation;n_mid;BIGINT;BIGINT;int_n_mid
intermediate;int_lineup_formation;n_att;BIGINT;BIGINT;int_n_att
intermediate;int_lineup_formation;n_wingers;BIGINT;BIGINT;int_n_wingers
intermediate;int_lineup_formation;n_central_att;BIGINT;BIGINT;int_n_central_att
intermediate;int_lineup_formation;bloc_width;DOUBLE;DOUBLE;dec_bloc_width
intermediate;int_lineup_formation;bloc_depth;DOUBLE;DOUBLE;dec_bloc_depth
intermediate;int_lineup_formation;line_defensive_avg;DOUBLE;DOUBLE;dec_line_defensive_avg
intermediate;int_lineup_formation;line_offensive_avg;DOUBLE;DOUBLE;dec_line_offensive_avg
intermediate;int_lineup_formation;axiality_score;DOUBLE;DOUBLE;dec_axiality_score
intermediate;int_odds;match_id;VARCHAR;VARCHAR;str_match_id
intermediate;int_odds;team_id;INTEGER;VARCHAR;str_team_id
intermediate;int_odds;opponent_id;INTEGER;VARCHAR;str_opponent_id
intermediate;int_odds;date;DATE;DATE;dt_date
intermediate;int_odds;season;VARCHAR;VARCHAR;str_season
intermediate;int_odds;league_source;VARCHAR;VARCHAR;str_league_source
intermediate;int_odds;result_fdc;VARCHAR;VARCHAR;str_result_fdc
intermediate;int_odds;div;VARCHAR;VARCHAR;str_div
intermediate;int_odds;time;VARCHAR;VARCHAR;str_time
intermediate;int_odds;odds_pinnacle_h;DOUBLE;DOUBLE;dec_odds_pinnacle_h
intermediate;int_odds;odds_pinnacle_d;DOUBLE;DOUBLE;dec_odds_pinnacle_d
intermediate;int_odds;odds_pinnacle_a;DOUBLE;DOUBLE;dec_odds_pinnacle_a
intermediate;int_odds;odds_avg_h;DOUBLE;DOUBLE;dec_odds_avg_h
intermediate;int_odds;odds_avg_d;DOUBLE;DOUBLE;dec_odds_avg_d
intermediate;int_odds;odds_avg_a;DOUBLE;DOUBLE;dec_odds_avg_a
intermediate;int_odds;odds_max_h;DOUBLE;DOUBLE;dec_odds_max_h
intermediate;int_odds;odds_max_d;DOUBLE;DOUBLE;dec_odds_max_d
intermediate;int_odds;odds_max_a;DOUBLE;DOUBLE;dec_odds_max_a
intermediate;int_odds;pinnacle_prob_h;DOUBLE;DOUBLE;dec_pinnacle_prob_h
intermediate;int_odds;pinnacle_prob_d;DOUBLE;DOUBLE;dec_pinnacle_prob_d
intermediate;int_odds;pinnacle_prob_a;DOUBLE;DOUBLE;dec_pinnacle_prob_a
intermediate;int_odds;market_prob_h;DOUBLE;DOUBLE;dec_market_prob_h
intermediate;int_odds;market_prob_d;DOUBLE;DOUBLE;dec_market_prob_d
intermediate;int_odds;market_prob_a;DOUBLE;DOUBLE;dec_market_prob_a
intermediate;int_odds;ah_line;DOUBLE;DOUBLE;dec_ah_line
intermediate;int_odds;ah_line_close;DOUBLE;DOUBLE;dec_ah_line_close
intermediate;int_odds;away_corners;DOUBLE;INTEGER;int_away_corners
intermediate;int_odds;away_fouls;DOUBLE;INTEGER;int_away_fouls
intermediate;int_odds;away_reds;DOUBLE;INTEGER;int_away_reds
intermediate;int_odds;away_shots;DOUBLE;INTEGER;int_away_shots
intermediate;int_odds;away_shots_target;DOUBLE;INTEGER;int_away_shots_target
intermediate;int_odds;away_yellows;DOUBLE;INTEGER;int_away_yellows
intermediate;int_odds;bet365_1x2_away;DOUBLE;DOUBLE;dec_bet365_1x2_away
intermediate;int_odds;bet365_1x2_draw;DOUBLE;DOUBLE;dec_bet365_1x2_draw
intermediate;int_odds;bet365_1x2_home;DOUBLE;DOUBLE;dec_bet365_1x2_home
intermediate;int_odds;bet365_ah_away;DOUBLE;DOUBLE;dec_bet365_ah_away
intermediate;int_odds;bet365_ah_home;DOUBLE;DOUBLE;dec_bet365_ah_home
intermediate;int_odds;bet365_close_1x2_away;DOUBLE;DOUBLE;dec_bet365_close_1x2_away
intermediate;int_odds;bet365_close_1x2_draw;DOUBLE;DOUBLE;dec_bet365_close_1x2_draw
intermediate;int_odds;bet365_close_1x2_home;DOUBLE;DOUBLE;dec_bet365_close_1x2_home
intermediate;int_odds;bet365_close_ah_away;DOUBLE;DOUBLE;dec_bet365_close_ah_away
intermediate;int_odds;bet365_close_ah_home;DOUBLE;DOUBLE;dec_bet365_close_ah_home
intermediate;int_odds;bet365_close_ou25_over;DOUBLE;DOUBLE;dec_bet365_close_ou25_over
intermediate;int_odds;bet365_close_ou25_under;DOUBLE;DOUBLE;dec_bet365_close_ou25_under
intermediate;int_odds;bet365_ou25_over;DOUBLE;DOUBLE;dec_bet365_ou25_over
intermediate;int_odds;bet365_ou25_under;DOUBLE;DOUBLE;dec_bet365_ou25_under
intermediate;int_odds;betbrain_ah_line;DOUBLE;DOUBLE;dec_betbrain_ah_line
intermediate;int_odds;betbrain_avg_1x2_away;DOUBLE;DOUBLE;dec_betbrain_avg_1x2_away
intermediate;int_odds;betbrain_avg_1x2_draw;DOUBLE;DOUBLE;dec_betbrain_avg_1x2_draw
intermediate;int_odds;betbrain_avg_1x2_home;DOUBLE;DOUBLE;dec_betbrain_avg_1x2_home
intermediate;int_odds;betbrain_avg_ah_away;DOUBLE;DOUBLE;dec_betbrain_avg_ah_away
intermediate;int_odds;betbrain_avg_ah_home;DOUBLE;DOUBLE;dec_betbrain_avg_ah_home
intermediate;int_odds;betbrain_avg_ou25_over;DOUBLE;DOUBLE;dec_betbrain_avg_ou25_over
intermediate;int_odds;betbrain_avg_ou25_under;DOUBLE;DOUBLE;dec_betbrain_avg_ou25_under
intermediate;int_odds;betbrain_max_1x2_away;DOUBLE;DOUBLE;dec_betbrain_max_1x2_away
intermediate;int_odds;betbrain_max_1x2_draw;DOUBLE;DOUBLE;dec_betbrain_max_1x2_draw
intermediate;int_odds;betbrain_max_1x2_home;DOUBLE;DOUBLE;dec_betbrain_max_1x2_home
intermediate;int_odds;betbrain_max_ah_away;DOUBLE;DOUBLE;dec_betbrain_max_ah_away
intermediate;int_odds;betbrain_max_ah_home;DOUBLE;DOUBLE;dec_betbrain_max_ah_home
intermediate;int_odds;betbrain_max_ou25_over;DOUBLE;DOUBLE;dec_betbrain_max_ou25_over
intermediate;int_odds;betbrain_max_ou25_under;DOUBLE;DOUBLE;dec_betbrain_max_ou25_under
intermediate;int_odds;betbrain_n_1x2;DOUBLE;INTEGER;int_betbrain_n_1x2
intermediate;int_odds;betbrain_n_ah;DOUBLE;INTEGER;int_betbrain_n_ah
intermediate;int_odds;betbrain_n_ou25;DOUBLE;INTEGER;int_betbrain_n_ou25
intermediate;int_odds;betfair_1x2_away;DOUBLE;DOUBLE;dec_betfair_1x2_away
intermediate;int_odds;betfair_1x2_draw;DOUBLE;DOUBLE;dec_betfair_1x2_draw
intermediate;int_odds;betfair_1x2_home;DOUBLE;DOUBLE;dec_betfair_1x2_home
intermediate;int_odds;betfair_close_1x2_away;DOUBLE;DOUBLE;dec_betfair_close_1x2_away
intermediate;int_odds;betfair_close_1x2_draw;DOUBLE;DOUBLE;dec_betfair_close_1x2_draw
intermediate;int_odds;betfair_close_1x2_home;DOUBLE;DOUBLE;dec_betfair_close_1x2_home
intermediate;int_odds;betfair_exch_1x2_away;DOUBLE;DOUBLE;dec_betfair_exch_1x2_away
intermediate;int_odds;betfair_exch_1x2_draw;DOUBLE;DOUBLE;dec_betfair_exch_1x2_draw
intermediate;int_odds;betfair_exch_1x2_home;DOUBLE;DOUBLE;dec_betfair_exch_1x2_home
intermediate;int_odds;betfair_exch_ah_away;DOUBLE;DOUBLE;dec_betfair_exch_ah_away
intermediate;int_odds;betfair_exch_ah_home;DOUBLE;DOUBLE;dec_betfair_exch_ah_home
intermediate;int_odds;betfair_exch_close_1x2_away;DOUBLE;DOUBLE;dec_betfair_exch_close_1x2_away
intermediate;int_odds;betfair_exch_close_1x2_draw;DOUBLE;DOUBLE;dec_betfair_exch_close_1x2_draw
intermediate;int_odds;betfair_exch_close_1x2_home;DOUBLE;DOUBLE;dec_betfair_exch_close_1x2_home
intermediate;int_odds;betfair_exch_close_ah_away;DOUBLE;DOUBLE;dec_betfair_exch_close_ah_away
intermediate;int_odds;betfair_exch_close_ah_home;DOUBLE;DOUBLE;dec_betfair_exch_close_ah_home
intermediate;int_odds;betfair_exch_close_ou25_over;DOUBLE;DOUBLE;dec_betfair_exch_close_ou25_over
intermediate;int_odds;betfair_exch_close_ou25_under;DOUBLE;DOUBLE;dec_betfair_exch_close_ou25_under
intermediate;int_odds;betfair_exch_ou25_over;DOUBLE;DOUBLE;dec_betfair_exch_ou25_over
intermediate;int_odds;betfair_exch_ou25_under;DOUBLE;DOUBLE;dec_betfair_exch_ou25_under
intermediate;int_odds;betfred_1x2_away;DOUBLE;DOUBLE;dec_betfred_1x2_away
intermediate;int_odds;betfred_1x2_draw;DOUBLE;DOUBLE;dec_betfred_1x2_draw
intermediate;int_odds;betfred_1x2_home;DOUBLE;DOUBLE;dec_betfred_1x2_home
intermediate;int_odds;betfred_close_1x2_away;DOUBLE;DOUBLE;dec_betfred_close_1x2_away
intermediate;int_odds;betfred_close_1x2_draw;DOUBLE;DOUBLE;dec_betfred_close_1x2_draw
intermediate;int_odds;betfred_close_1x2_home;DOUBLE;DOUBLE;dec_betfred_close_1x2_home
intermediate;int_odds;betmgm_1x2_away;DOUBLE;DOUBLE;dec_betmgm_1x2_away
intermediate;int_odds;betmgm_1x2_draw;DOUBLE;DOUBLE;dec_betmgm_1x2_draw
intermediate;int_odds;betmgm_1x2_home;DOUBLE;DOUBLE;dec_betmgm_1x2_home
intermediate;int_odds;betmgm_close_1x2_away;DOUBLE;DOUBLE;dec_betmgm_close_1x2_away
intermediate;int_odds;betmgm_close_1x2_draw;DOUBLE;DOUBLE;dec_betmgm_close_1x2_draw
intermediate;int_odds;betmgm_close_1x2_home;DOUBLE;DOUBLE;dec_betmgm_close_1x2_home
intermediate;int_odds;betvictor_1x2_away;DOUBLE;DOUBLE;dec_betvictor_1x2_away
intermediate;int_odds;betvictor_1x2_draw;DOUBLE;DOUBLE;dec_betvictor_1x2_draw
intermediate;int_odds;betvictor_1x2_home;DOUBLE;DOUBLE;dec_betvictor_1x2_home
intermediate;int_odds;betvictor_close_1x2_away;DOUBLE;DOUBLE;dec_betvictor_close_1x2_away
intermediate;int_odds;betvictor_close_1x2_draw;DOUBLE;DOUBLE;dec_betvictor_close_1x2_draw
intermediate;int_odds;betvictor_close_1x2_home;DOUBLE;DOUBLE;dec_betvictor_close_1x2_home
intermediate;int_odds;betwin_1x2_away;DOUBLE;DOUBLE;dec_betwin_1x2_away
intermediate;int_odds;betwin_1x2_draw;DOUBLE;DOUBLE;dec_betwin_1x2_draw
intermediate;int_odds;betwin_1x2_home;DOUBLE;DOUBLE;dec_betwin_1x2_home
intermediate;int_odds;betwin_close_1x2_away;DOUBLE;DOUBLE;dec_betwin_close_1x2_away
intermediate;int_odds;betwin_close_1x2_draw;DOUBLE;DOUBLE;dec_betwin_close_1x2_draw
intermediate;int_odds;betwin_close_1x2_home;DOUBLE;DOUBLE;dec_betwin_close_1x2_home
intermediate;int_odds;coral_1x2_away;DOUBLE;DOUBLE;dec_coral_1x2_away
intermediate;int_odds;coral_1x2_draw;DOUBLE;DOUBLE;dec_coral_1x2_draw
intermediate;int_odds;coral_1x2_home;DOUBLE;DOUBLE;dec_coral_1x2_home
intermediate;int_odds;coral_close_1x2_away;DOUBLE;DOUBLE;dec_coral_close_1x2_away
intermediate;int_odds;coral_close_1x2_draw;DOUBLE;DOUBLE;dec_coral_close_1x2_draw
intermediate;int_odds;coral_close_1x2_home;DOUBLE;DOUBLE;dec_coral_close_1x2_home
intermediate;int_odds;ft_away_goals;DOUBLE;INTEGER;int_ft_away_goals
intermediate;int_odds;ft_home_goals;DOUBLE;INTEGER;int_ft_home_goals
intermediate;int_odds;home_corners;DOUBLE;INTEGER;int_home_corners
intermediate;int_odds;home_fouls;DOUBLE;INTEGER;int_home_fouls
intermediate;int_odds;home_reds;DOUBLE;INTEGER;int_home_reds
intermediate;int_odds;home_shots;DOUBLE;INTEGER;int_home_shots
intermediate;int_odds;home_shots_target;DOUBLE;INTEGER;int_home_shots_target
intermediate;int_odds;home_yellows;DOUBLE;INTEGER;int_home_yellows
intermediate;int_odds;ht_away_goals;DOUBLE;INTEGER;int_ht_away_goals
intermediate;int_odds;ht_home_goals;DOUBLE;INTEGER;int_ht_home_goals
intermediate;int_odds;ht_result;VARCHAR;VARCHAR;str_ht_result
intermediate;int_odds;interwetten_1x2_away;DOUBLE;DOUBLE;dec_interwetten_1x2_away
intermediate;int_odds;interwetten_1x2_draw;DOUBLE;DOUBLE;dec_interwetten_1x2_draw
intermediate;int_odds;interwetten_1x2_home;DOUBLE;DOUBLE;dec_interwetten_1x2_home
intermediate;int_odds;interwetten_close_1x2_away;DOUBLE;DOUBLE;dec_interwetten_close_1x2_away
intermediate;int_odds;interwetten_close_1x2_draw;DOUBLE;DOUBLE;dec_interwetten_close_1x2_draw
intermediate;int_odds;interwetten_close_1x2_home;DOUBLE;DOUBLE;dec_interwetten_close_1x2_home
intermediate;int_odds;ladbrokes_1x2_away;DOUBLE;DOUBLE;dec_ladbrokes_1x2_away
intermediate;int_odds;ladbrokes_1x2_draw;DOUBLE;DOUBLE;dec_ladbrokes_1x2_draw
intermediate;int_odds;ladbrokes_1x2_home;DOUBLE;DOUBLE;dec_ladbrokes_1x2_home
intermediate;int_odds;ladbrokes_close_1x2_away;DOUBLE;DOUBLE;dec_ladbrokes_close_1x2_away
intermediate;int_odds;ladbrokes_close_1x2_draw;DOUBLE;DOUBLE;dec_ladbrokes_close_1x2_draw
intermediate;int_odds;ladbrokes_close_1x2_home;DOUBLE;DOUBLE;dec_ladbrokes_close_1x2_home
intermediate;int_odds;market_avg_1x2_away;DOUBLE;DOUBLE;dec_market_avg_1x2_away
intermediate;int_odds;market_avg_1x2_draw;DOUBLE;DOUBLE;dec_market_avg_1x2_draw
intermediate;int_odds;market_avg_1x2_home;DOUBLE;DOUBLE;dec_market_avg_1x2_home
intermediate;int_odds;market_avg_ah_away;DOUBLE;DOUBLE;dec_market_avg_ah_away
intermediate;int_odds;market_avg_ah_home;DOUBLE;DOUBLE;dec_market_avg_ah_home
intermediate;int_odds;market_avg_close_1x2_away;DOUBLE;DOUBLE;dec_market_avg_close_1x2_away
intermediate;int_odds;market_avg_close_1x2_draw;DOUBLE;DOUBLE;dec_market_avg_close_1x2_draw
intermediate;int_odds;market_avg_close_1x2_home;DOUBLE;DOUBLE;dec_market_avg_close_1x2_home
intermediate;int_odds;market_avg_close_ah_away;DOUBLE;DOUBLE;dec_market_avg_close_ah_away
intermediate;int_odds;market_avg_close_ah_home;DOUBLE;DOUBLE;dec_market_avg_close_ah_home
intermediate;int_odds;market_avg_close_ou25_over;DOUBLE;DOUBLE;dec_market_avg_close_ou25_over
intermediate;int_odds;market_avg_close_ou25_under;DOUBLE;DOUBLE;dec_market_avg_close_ou25_under
intermediate;int_odds;market_avg_ou25_over;DOUBLE;DOUBLE;dec_market_avg_ou25_over
intermediate;int_odds;market_avg_ou25_under;DOUBLE;DOUBLE;dec_market_avg_ou25_under
intermediate;int_odds;market_max_1x2_away;DOUBLE;DOUBLE;dec_market_max_1x2_away
intermediate;int_odds;market_max_1x2_draw;DOUBLE;DOUBLE;dec_market_max_1x2_draw
intermediate;int_odds;market_max_1x2_home;DOUBLE;DOUBLE;dec_market_max_1x2_home
intermediate;int_odds;market_max_ah_away;DOUBLE;DOUBLE;dec_market_max_ah_away
intermediate;int_odds;market_max_ah_home;DOUBLE;DOUBLE;dec_market_max_ah_home
intermediate;int_odds;market_max_close_1x2_away;DOUBLE;DOUBLE;dec_market_max_close_1x2_away
intermediate;int_odds;market_max_close_1x2_draw;DOUBLE;DOUBLE;dec_market_max_close_1x2_draw
intermediate;int_odds;market_max_close_1x2_home;DOUBLE;DOUBLE;dec_market_max_close_1x2_home
intermediate;int_odds;market_max_close_ah_away;DOUBLE;DOUBLE;dec_market_max_close_ah_away
intermediate;int_odds;market_max_close_ah_home;DOUBLE;DOUBLE;dec_market_max_close_ah_home
intermediate;int_odds;market_max_close_ou25_over;DOUBLE;DOUBLE;dec_market_max_close_ou25_over
intermediate;int_odds;market_max_close_ou25_under;DOUBLE;DOUBLE;dec_market_max_close_ou25_under
intermediate;int_odds;market_max_ou25_over;DOUBLE;DOUBLE;dec_market_max_ou25_over
intermediate;int_odds;market_max_ou25_under;DOUBLE;DOUBLE;dec_market_max_ou25_under
intermediate;int_odds;onexbet_1x2_away;DOUBLE;DOUBLE;dec_onexbet_1x2_away
intermediate;int_odds;onexbet_1x2_draw;DOUBLE;DOUBLE;dec_onexbet_1x2_draw
intermediate;int_odds;onexbet_1x2_home;DOUBLE;DOUBLE;dec_onexbet_1x2_home
intermediate;int_odds;onexbet_close_1x2_away;DOUBLE;DOUBLE;dec_onexbet_close_1x2_away
intermediate;int_odds;onexbet_close_1x2_draw;DOUBLE;DOUBLE;dec_onexbet_close_1x2_draw
intermediate;int_odds;onexbet_close_1x2_home;DOUBLE;DOUBLE;dec_onexbet_close_1x2_home
intermediate;int_odds;pinnacle_1x2_away;DOUBLE;DOUBLE;dec_pinnacle_1x2_away
intermediate;int_odds;pinnacle_1x2_draw;DOUBLE;DOUBLE;dec_pinnacle_1x2_draw
intermediate;int_odds;pinnacle_1x2_home;DOUBLE;DOUBLE;dec_pinnacle_1x2_home
intermediate;int_odds;pinnacle_ah_away;DOUBLE;DOUBLE;dec_pinnacle_ah_away
intermediate;int_odds;pinnacle_ah_home;DOUBLE;DOUBLE;dec_pinnacle_ah_home
intermediate;int_odds;pinnacle_close_1x2_away;DOUBLE;DOUBLE;dec_pinnacle_close_1x2_away
intermediate;int_odds;pinnacle_close_1x2_draw;DOUBLE;DOUBLE;dec_pinnacle_close_1x2_draw
intermediate;int_odds;pinnacle_close_1x2_home;DOUBLE;DOUBLE;dec_pinnacle_close_1x2_home
intermediate;int_odds;pinnacle_close_ah_away;DOUBLE;DOUBLE;dec_pinnacle_close_ah_away
intermediate;int_odds;pinnacle_close_ah_home;DOUBLE;DOUBLE;dec_pinnacle_close_ah_home
intermediate;int_odds;pinnacle_close_ou25_over;DOUBLE;DOUBLE;dec_pinnacle_close_ou25_over
intermediate;int_odds;pinnacle_close_ou25_under;DOUBLE;DOUBLE;dec_pinnacle_close_ou25_under
intermediate;int_odds;pinnacle_ou25_over;DOUBLE;DOUBLE;dec_pinnacle_ou25_over
intermediate;int_odds;pinnacle_ou25_under;DOUBLE;DOUBLE;dec_pinnacle_ou25_under
intermediate;int_odds;referee;VARCHAR;VARCHAR;str_referee
intermediate;int_odds;vcbet_1x2_away;DOUBLE;DOUBLE;dec_vcbet_1x2_away
intermediate;int_odds;vcbet_1x2_draw;DOUBLE;DOUBLE;dec_vcbet_1x2_draw
intermediate;int_odds;vcbet_1x2_home;DOUBLE;DOUBLE;dec_vcbet_1x2_home
intermediate;int_odds;vcbet_close_1x2_away;DOUBLE;DOUBLE;dec_vcbet_close_1x2_away
intermediate;int_odds;vcbet_close_1x2_draw;DOUBLE;DOUBLE;dec_vcbet_close_1x2_draw
intermediate;int_odds;vcbet_close_1x2_home;DOUBLE;DOUBLE;dec_vcbet_close_1x2_home
intermediate;int_odds;william_hill_1x2_away;DOUBLE;DOUBLE;dec_william_hill_1x2_away
intermediate;int_odds;william_hill_1x2_draw;DOUBLE;DOUBLE;dec_william_hill_1x2_draw
intermediate;int_odds;william_hill_1x2_home;DOUBLE;DOUBLE;dec_william_hill_1x2_home
intermediate;int_odds;william_hill_close_1x2_away;DOUBLE;DOUBLE;dec_william_hill_close_1x2_away
intermediate;int_odds;william_hill_close_1x2_draw;DOUBLE;DOUBLE;dec_william_hill_close_1x2_draw
intermediate;int_odds;william_hill_close_1x2_home;DOUBLE;DOUBLE;dec_william_hill_close_1x2_home
intermediate;int_odds;pinnacle_prob_close_h;DOUBLE;DOUBLE;dec_pinnacle_prob_close_h
intermediate;int_odds;pinnacle_prob_close_d;DOUBLE;DOUBLE;dec_pinnacle_prob_close_d
intermediate;int_odds;pinnacle_prob_close_a;DOUBLE;DOUBLE;dec_pinnacle_prob_close_a
intermediate;int_odds;market_prob_close_h;DOUBLE;DOUBLE;dec_market_prob_close_h
intermediate;int_odds;market_prob_close_d;DOUBLE;DOUBLE;dec_market_prob_close_d
intermediate;int_odds;market_prob_close_a;DOUBLE;DOUBLE;dec_market_prob_close_a
intermediate;int_odds;pinnacle_prob_over25;DOUBLE;DOUBLE;dec_pinnacle_prob_over25
intermediate;int_odds;pinnacle_prob_under25;DOUBLE;DOUBLE;dec_pinnacle_prob_under25
intermediate;int_odds;pinnacle_prob_close_over25;DOUBLE;DOUBLE;dec_pinnacle_prob_close_over25
intermediate;int_odds;pinnacle_prob_close_under25;DOUBLE;DOUBLE;dec_pinnacle_prob_close_under25
intermediate;int_odds;pinnacle_drift_h;DOUBLE;DOUBLE;dec_pinnacle_drift_h
intermediate;int_odds;pinnacle_drift_d;DOUBLE;DOUBLE;dec_pinnacle_drift_d
intermediate;int_odds;pinnacle_drift_a;DOUBLE;DOUBLE;dec_pinnacle_drift_a
intermediate;int_penalties;match_id;VARCHAR;VARCHAR;str_match_id
intermediate;int_penalties;row_num;INTEGER;INTEGER;int_row_num
intermediate;int_penalties;season;VARCHAR;VARCHAR;str_season
intermediate;int_penalties;league_source;VARCHAR;VARCHAR;str_league_source
intermediate;int_penalties;scraped_at;VARCHAR;TIMESTAMP;dt_scraped_at
intermediate;int_penalties;expanded_minute;INTEGER;INTEGER;int_expanded_minute
intermediate;int_penalties;attacking_team_id;BIGINT;VARCHAR;str_attacking_team_id
intermediate;int_penalties;taker_player_id;INTEGER;VARCHAR;str_taker_player_id
intermediate;int_penalties;defending_team_id;BIGINT;VARCHAR;str_defending_team_id
intermediate;int_penalties;gk_player_id;INTEGER;VARCHAR;str_gk_player_id
intermediate;int_penalties;player_drew;INTEGER;INTEGER;int_player_drew
intermediate;int_penalties;player_conceded;INTEGER;INTEGER;int_player_conceded
intermediate;int_penalties;is_goal;BOOLEAN;BOOLEAN;bool_is_goal
intermediate;int_penalties;is_saved;BOOLEAN;BOOLEAN;bool_is_saved
intermediate;int_penalties;is_post;BOOLEAN;BOOLEAN;bool_is_post
intermediate;int_penalties;is_off_target;BOOLEAN;BOOLEAN;bool_is_off_target
intermediate;int_penalties;result_label;VARCHAR;VARCHAR;str_result_label
intermediate;int_penalties;goal_mouth_y;DOUBLE;DOUBLE;dec_goal_mouth_y
intermediate;int_penalties;goal_mouth_z;DOUBLE;DOUBLE;dec_goal_mouth_z
intermediate;int_player_minutes;match_id;VARCHAR;VARCHAR;str_match_id
intermediate;int_player_minutes;team_id;BIGINT;VARCHAR;str_team_id
intermediate;int_player_minutes;player_id;BIGINT;VARCHAR;str_player_id
intermediate;int_player_minutes;minutes_played;HUGEINT;BIGINT;int_minutes_played
intermediate;int_player_role_lag;player_id;BIGINT;VARCHAR;str_player_id
intermediate;int_player_role_lag;season;VARCHAR;VARCHAR;str_season
intermediate;int_player_role_lag;gv_avg;DOUBLE;DOUBLE;dec_gv_avg
intermediate;int_player_role_lag;gh_avg;DOUBLE;DOUBLE;dec_gh_avg
intermediate;int_player_role_lag;gh_offaxis;DOUBLE;DOUBLE;dec_gh_offaxis
intermediate;int_player_role_lag;minutes_titu_lag;HUGEINT;BIGINT;int_minutes_titu_lag
intermediate;int_player_role_lag;apps_starter_lag;BIGINT;BIGINT;int_apps_starter_lag
intermediate;int_player_role_lag;role_fin_lag;VARCHAR;VARCHAR;str_role_fin_lag
intermediate;int_player_role_match;match_id;VARCHAR;VARCHAR;str_match_id
intermediate;int_player_role_match;team_id;BIGINT;VARCHAR;str_team_id
intermediate;int_player_role_match;player_id;BIGINT;VARCHAR;str_player_id
intermediate;int_player_role_match;season;VARCHAR;VARCHAR;str_season
intermediate;int_player_role_match;gv_start;DOUBLE;DOUBLE;dec_gv_start
intermediate;int_player_role_match;gh_start;DOUBLE;DOUBLE;dec_gh_start
intermediate;int_player_role_match;role_fin_lag;VARCHAR;VARCHAR;str_role_fin_lag
intermediate;int_player_role_match;role_fin_current;VARCHAR;VARCHAR;str_role_fin_current
intermediate;int_player_role_match;role_fin_resolved;VARCHAR;VARCHAR;str_role_fin_resolved
intermediate;int_player_role_match;role_source;VARCHAR;VARCHAR;str_role_source
intermediate;int_player_zone_season;player_id;INTEGER;VARCHAR;str_player_id
intermediate;int_player_zone_season;zone_5x5;VARCHAR;VARCHAR;str_zone_5x5
intermediate;int_player_zone_season;season;VARCHAR;VARCHAR;str_season
intermediate;int_player_zone_season;avg_touch_share;DOUBLE;DOUBLE;dec_avg_touch_share
intermediate;int_player_zone_season;n_matches;BIGINT;BIGINT;int_n_matches
intermediate;int_player_zone_season;total_shots;HUGEINT;BIGINT;int_total_shots
intermediate;int_player_zone_season;n_duels;BIGINT;BIGINT;int_n_duels
intermediate;int_player_zone_season;duels_won;HUGEINT;BIGINT;int_duels_won
intermediate;int_player_zone_season;total_danger;DOUBLE;DOUBLE;dec_total_danger
intermediate;int_player_zone_season;total_progressive;HUGEINT;BIGINT;int_total_progressive
intermediate;int_player_zone_season;total_crosses;HUGEINT;BIGINT;int_total_crosses
intermediate;int_player_zone_season;total_def_actions;BIGINT;BIGINT;int_total_def_actions
intermediate;int_progressive_carries;match_id;VARCHAR;VARCHAR;str_match_id
intermediate;int_progressive_carries;row_num;INTEGER;INTEGER;int_row_num
intermediate;int_progressive_carries;event_id;INTEGER;VARCHAR;str_event_id
intermediate;int_progressive_carries;season;VARCHAR;VARCHAR;str_season
intermediate;int_progressive_carries;league_source;VARCHAR;VARCHAR;str_league_source
intermediate;int_progressive_carries;scraped_at;VARCHAR;TIMESTAMP;dt_scraped_at
intermediate;int_progressive_carries;team_id;BIGINT;VARCHAR;str_team_id
intermediate;int_progressive_carries;player_id;INTEGER;VARCHAR;str_player_id
intermediate;int_progressive_carries;expanded_minute;INTEGER;INTEGER;int_expanded_minute
intermediate;int_progressive_carries;dribble_x;DOUBLE;DOUBLE;dec_dribble_x
intermediate;int_progressive_carries;dribble_y;DOUBLE;DOUBLE;dec_dribble_y
intermediate;int_progressive_carries;next_x;DOUBLE;DOUBLE;dec_next_x
intermediate;int_progressive_carries;next_y;DOUBLE;DOUBLE;dec_next_y
intermediate;int_progressive_carries;progress_m;DOUBLE;DOUBLE;dec_progress_m
intermediate;int_progressive_carries;is_progressive;BOOLEAN;BOOLEAN;bool_is_progressive
intermediate;int_shot_creating_actions;match_id;VARCHAR;VARCHAR;str_match_id
intermediate;int_shot_creating_actions;shot_row_num;INTEGER;INTEGER;int_shot_row_num
intermediate;int_shot_creating_actions;sca_order;BIGINT;BIGINT;int_sca_order
intermediate;int_shot_creating_actions;shot_event_id;INTEGER;VARCHAR;str_shot_event_id
intermediate;int_shot_creating_actions;chain_id;VARCHAR;VARCHAR;str_chain_id
intermediate;int_shot_creating_actions;season;VARCHAR;VARCHAR;str_season
intermediate;int_shot_creating_actions;league_source;VARCHAR;VARCHAR;str_league_source
intermediate;int_shot_creating_actions;scraped_at;VARCHAR;TIMESTAMP;dt_scraped_at
intermediate;int_shot_creating_actions;attacking_team_id;BIGINT;VARCHAR;str_attacking_team_id
intermediate;int_shot_creating_actions;shot_taker_player_id;INTEGER;VARCHAR;str_shot_taker_player_id
intermediate;int_shot_creating_actions;creator_player_id;INTEGER;VARCHAR;str_creator_player_id
intermediate;int_shot_creating_actions;action_type;VARCHAR;VARCHAR;str_action_type
intermediate;int_shot_creating_actions;action_row_num;INTEGER;INTEGER;int_action_row_num
intermediate;int_shot_creating_actions;is_gca;BOOLEAN;BOOLEAN;bool_is_gca
intermediate;int_shot_placement;match_id;VARCHAR;VARCHAR;str_match_id
intermediate;int_shot_placement;team_id;BIGINT;VARCHAR;str_team_id
intermediate;int_shot_placement;player_id;INTEGER;VARCHAR;str_player_id
intermediate;int_shot_placement;event_id;INTEGER;VARCHAR;str_event_id
intermediate;int_shot_placement;row_num;INTEGER;INTEGER;int_row_num
intermediate;int_shot_placement;expanded_minute;INTEGER;INTEGER;int_expanded_minute
intermediate;int_shot_placement;season;VARCHAR;VARCHAR;str_season
intermediate;int_shot_placement;league_source;VARCHAR;VARCHAR;str_league_source
intermediate;int_shot_placement;scraped_at;VARCHAR;TIMESTAMP;dt_scraped_at
intermediate;int_shot_placement;type_id;INTEGER;VARCHAR;str_type_id
intermediate;int_shot_placement;type_name;VARCHAR;VARCHAR;str_type_name
intermediate;int_shot_placement;x;DOUBLE;DOUBLE;dec_x
intermediate;int_shot_placement;y;DOUBLE;DOUBLE;dec_y
intermediate;int_shot_placement;goal_mouth_y;DOUBLE;DOUBLE;dec_goal_mouth_y
intermediate;int_shot_placement;goal_mouth_z;DOUBLE;DOUBLE;dec_goal_mouth_z
intermediate;int_shot_placement;blocked_x;DOUBLE;DOUBLE;dec_blocked_x
intermediate;int_shot_placement;blocked_y;DOUBLE;DOUBLE;dec_blocked_y
intermediate;int_shot_placement;is_own_goal;BOOLEAN;BOOLEAN;bool_is_own_goal
intermediate;int_shot_placement;is_goal;BOOLEAN;BOOLEAN;bool_is_goal
intermediate;int_shot_placement;is_blocked;BOOLEAN;BOOLEAN;bool_is_blocked
intermediate;int_shot_placement;is_on_target;BOOLEAN;BOOLEAN;bool_is_on_target
intermediate;int_shot_placement;pre_shot_xg_proxy;DECIMAL(3,2);DECIMAL(3,2);dec_pre_shot_xg_proxy
intermediate;int_shot_placement;offset_center;DOUBLE;DOUBLE;dec_offset_center
intermediate;int_shot_placement;height;DOUBLE;DOUBLE;dec_height
intermediate;int_shot_placement;placement_col;VARCHAR;VARCHAR;str_placement_col
intermediate;int_shot_placement;placement_row;VARCHAR;VARCHAR;str_placement_row
intermediate;int_shot_placement;placement_zone;VARCHAR;VARCHAR;str_placement_zone
intermediate;int_shot_placement;corner_dist;DOUBLE;DOUBLE;dec_corner_dist
intermediate;int_substitutions;match_id;VARCHAR;VARCHAR;str_match_id
intermediate;int_substitutions;off_row_num;INTEGER;INTEGER;int_off_row_num
intermediate;int_substitutions;season;VARCHAR;VARCHAR;str_season
intermediate;int_substitutions;league_source;VARCHAR;VARCHAR;str_league_source
intermediate;int_substitutions;scraped_at;VARCHAR;TIMESTAMP;dt_scraped_at
intermediate;int_substitutions;team_id;BIGINT;VARCHAR;str_team_id
intermediate;int_substitutions;expanded_minute;INTEGER;INTEGER;int_expanded_minute
intermediate;int_substitutions;player_off;INTEGER;INTEGER;int_player_off
intermediate;int_substitutions;player_on;INTEGER;INTEGER;int_player_on
intermediate;int_substitutions;sub_number;BIGINT;BIGINT;int_sub_number
intermediate;int_understat_schedule;str_match_id;VARCHAR;VARCHAR;str_match_id
intermediate;int_understat_schedule;str_team_id;VARCHAR;VARCHAR;str_team_id
intermediate;int_understat_schedule;str_opponent_id;VARCHAR;VARCHAR;str_opponent_id
intermediate;int_understat_schedule;str_league_source;VARCHAR;VARCHAR;str_league_source
intermediate;int_understat_schedule;str_us_match_id;VARCHAR;VARCHAR;str_us_match_id
intermediate;int_understat_schedule;int_home_goals;INTEGER;INTEGER;int_home_goals
intermediate;int_understat_schedule;int_away_goals;INTEGER;INTEGER;int_away_goals
intermediate;int_understat_schedule;dec_home_xg;DOUBLE;DOUBLE;dec_home_xg
intermediate;int_understat_schedule;dec_away_xg;DOUBLE;DOUBLE;dec_away_xg
intermediate;int_understat_schedule;bool_is_result;BOOLEAN;BOOLEAN;bool_is_result
intermediate;int_understat_schedule;str_match_url;VARCHAR;VARCHAR;str_match_url
intermediate;int_understat_schedule;str_season;VARCHAR;VARCHAR;str_season
intermediate;int_understat_schedule;str_source;VARCHAR;VARCHAR;str_source
intermediate;int_understat_schedule;dt_scraped_at;TIMESTAMP;TIMESTAMP;dt_scraped_at
intermediate;int_understat_schedule;str_comp_category;VARCHAR;VARCHAR;str_comp_category
intermediate;int_understat_stats;str_match_id;VARCHAR;VARCHAR;str_match_id
intermediate;int_understat_stats;str_us_match_id;VARCHAR;VARCHAR;str_us_match_id
intermediate;int_understat_stats;dec_home_xpts;DOUBLE;DOUBLE;dec_home_xpts
intermediate;int_understat_stats;dec_away_xpts;DOUBLE;DOUBLE;dec_away_xpts
intermediate;int_understat_stats;dec_home_np_xg;DOUBLE;DOUBLE;dec_home_np_xg
intermediate;int_understat_stats;dec_away_np_xg;DOUBLE;DOUBLE;dec_away_np_xg
intermediate;int_understat_stats;dec_home_np_xg_diff;DOUBLE;DOUBLE;dec_home_np_xg_diff
intermediate;int_understat_stats;dec_away_np_xg_diff;DOUBLE;DOUBLE;dec_away_np_xg_diff
intermediate;int_understat_stats;dec_home_ppda;DOUBLE;DOUBLE;dec_home_ppda
intermediate;int_understat_stats;dec_away_ppda;DOUBLE;DOUBLE;dec_away_ppda
intermediate;int_understat_stats;int_home_deep;INTEGER;INTEGER;int_home_deep
intermediate;int_understat_stats;int_away_deep;INTEGER;INTEGER;int_away_deep
intermediate;int_understat_stats;str_season;VARCHAR;VARCHAR;str_season
intermediate;int_understat_stats;str_league_source;VARCHAR;VARCHAR;str_league_source
intermediate;int_understat_stats;str_source;VARCHAR;VARCHAR;str_source
intermediate;int_understat_stats;dt_scraped_at;TIMESTAMP;TIMESTAMP;dt_scraped_at
intermediate;int_understat_stats;str_comp_category;VARCHAR;VARCHAR;str_comp_category
intermediate;int_whoscored_events;match_id;VARCHAR;VARCHAR;str_match_id
intermediate;int_whoscored_events;team_id;BIGINT;VARCHAR;str_team_id
intermediate;int_whoscored_events;event_id;INTEGER;VARCHAR;str_event_id
intermediate;int_whoscored_events;league_source;VARCHAR;VARCHAR;str_league_source
intermediate;int_whoscored_events;season;VARCHAR;VARCHAR;str_season
intermediate;int_whoscored_events;minute;INTEGER;INTEGER;int_minute
intermediate;int_whoscored_events;second;INTEGER;INTEGER;int_second
intermediate;int_whoscored_events;expanded_minute;INTEGER;INTEGER;int_expanded_minute
intermediate;int_whoscored_events;period;INTEGER;INTEGER;int_period
intermediate;int_whoscored_events;player_id;INTEGER;VARCHAR;str_player_id
intermediate;int_whoscored_events;x;DOUBLE;DOUBLE;dec_x
intermediate;int_whoscored_events;y;DOUBLE;DOUBLE;dec_y
intermediate;int_whoscored_events;end_x;DOUBLE;DOUBLE;dec_end_x
intermediate;int_whoscored_events;end_y;DOUBLE;DOUBLE;dec_end_y
intermediate;int_whoscored_events;type_id;INTEGER;VARCHAR;str_type_id
intermediate;int_whoscored_events;type_name;VARCHAR;VARCHAR;str_type_name
intermediate;int_whoscored_events;outcome_id;INTEGER;VARCHAR;str_outcome_id
intermediate;int_whoscored_events;outcome_name;VARCHAR;VARCHAR;str_outcome_name
intermediate;int_whoscored_events;is_touch;BOOLEAN;BOOLEAN;bool_is_touch
intermediate;int_whoscored_events;is_shot;BOOLEAN;BOOLEAN;bool_is_shot
intermediate;int_whoscored_events;qualifiers_json;VARCHAR;VARCHAR;str_qualifiers_json
intermediate;int_whoscored_events;scraped_at;VARCHAR;TIMESTAMP;dt_scraped_at
intermediate;int_whoscored_events;row_num;INTEGER;INTEGER;int_row_num
intermediate;int_whoscored_events;is_goal;BOOLEAN;BOOLEAN;bool_is_goal
intermediate;int_whoscored_events;is_own_goal;BOOLEAN;BOOLEAN;bool_is_own_goal
intermediate;int_whoscored_events;related_event_id;INTEGER;VARCHAR;str_related_event_id
intermediate;int_whoscored_events;related_player_id;INTEGER;VARCHAR;str_related_player_id
intermediate;int_whoscored_events;card_type;VARCHAR;VARCHAR;str_card_type
intermediate;int_whoscored_events;goal_mouth_y;DOUBLE;DOUBLE;dec_goal_mouth_y
intermediate;int_whoscored_events;goal_mouth_z;DOUBLE;DOUBLE;dec_goal_mouth_z
intermediate;int_whoscored_events;blocked_x;DOUBLE;DOUBLE;dec_blocked_x
intermediate;int_whoscored_events;blocked_y;DOUBLE;DOUBLE;dec_blocked_y
intermediate;int_whoscored_formations;match_id;VARCHAR;VARCHAR;str_match_id
intermediate;int_whoscored_formations;team_id;BIGINT;VARCHAR;str_team_id
intermediate;int_whoscored_formations;end_minute;INTEGER;INTEGER;int_end_minute
intermediate;int_whoscored_formations;formation_seq;INTEGER;INTEGER;int_formation_seq
intermediate;int_whoscored_formations;formation_id;INTEGER;VARCHAR;str_formation_id
intermediate;int_whoscored_formations;period;INTEGER;INTEGER;int_period
intermediate;int_whoscored_formations;start_minute;INTEGER;INTEGER;int_start_minute
intermediate;int_whoscored_formations;start_minute_reg;INTEGER;INTEGER;int_start_minute_reg
intermediate;int_whoscored_formations;end_minute_reg;INTEGER;INTEGER;int_end_minute_reg
intermediate;int_whoscored_formations;captain_player_id;INTEGER;VARCHAR;str_captain_player_id
intermediate;int_whoscored_formations;player_ids;VARCHAR;VARCHAR;str_player_ids
intermediate;int_whoscored_formations;formation_slots;VARCHAR;VARCHAR;str_formation_slots
intermediate;int_whoscored_formations;formation_positions;VARCHAR;VARCHAR;str_formation_positions
intermediate;int_whoscored_lineup;match_id;VARCHAR;VARCHAR;str_match_id
intermediate;int_whoscored_lineup;team_id;BIGINT;VARCHAR;str_team_id
intermediate;int_whoscored_lineup;formation_seq;INTEGER;INTEGER;int_formation_seq
intermediate;int_whoscored_lineup;formation_id;INTEGER;VARCHAR;str_formation_id
intermediate;int_whoscored_lineup;period;INTEGER;INTEGER;int_period
intermediate;int_whoscored_lineup;start_minute;INTEGER;INTEGER;int_start_minute
intermediate;int_whoscored_lineup;end_minute;INTEGER;INTEGER;int_end_minute
intermediate;int_whoscored_lineup;player_id;BIGINT;VARCHAR;str_player_id
intermediate;int_whoscored_lineup;slot;INTEGER;INTEGER;int_slot
intermediate;int_whoscored_lineup;grid_vertical;DOUBLE;DOUBLE;dec_grid_vertical
intermediate;int_whoscored_lineup;grid_horizontal;DOUBLE;DOUBLE;dec_grid_horizontal
intermediate;int_whoscored_lineup;is_captain;BOOLEAN;BOOLEAN;bool_is_captain
intermediate;int_whoscored_lineup_agg;match_id;VARCHAR;VARCHAR;str_match_id
intermediate;int_whoscored_lineup_agg;team_id;BIGINT;VARCHAR;str_team_id
intermediate;int_whoscored_lineup_agg;player_id;BIGINT;VARCHAR;str_player_id
intermediate;int_whoscored_lineup_agg;avg_vertical;DOUBLE;DOUBLE;dec_avg_vertical
intermediate;int_whoscored_lineup_agg;avg_horizontal;DOUBLE;DOUBLE;dec_avg_horizontal
intermediate;int_whoscored_lineup_agg;primary_slot;INTEGER;INTEGER;int_primary_slot
intermediate;int_whoscored_lineup_agg;is_captain;BOOLEAN;BOOLEAN;bool_is_captain
intermediate;int_whoscored_lineup_agg;n_formation_periods;BIGINT;BIGINT;int_n_formation_periods
intermediate;int_whoscored_match_index;match_id;VARCHAR;VARCHAR;str_match_id
intermediate;int_whoscored_match_index;ws_match_id;VARCHAR;VARCHAR;str_ws_match_id
intermediate;int_whoscored_match_index;match_date;DATE;DATE;dt_match_date
intermediate;int_whoscored_match_index;team_id;BIGINT;VARCHAR;str_team_id
intermediate;int_whoscored_match_index;opponent_id;BIGINT;VARCHAR;str_opponent_id
intermediate;int_whoscored_match_index;ws_home_team_id;INTEGER;VARCHAR;str_ws_home_team_id
intermediate;int_whoscored_match_index;ws_away_team_id;INTEGER;VARCHAR;str_ws_away_team_id
intermediate;int_whoscored_match_index;league_source;VARCHAR;VARCHAR;str_league_source
intermediate;int_whoscored_match_index;season;VARCHAR;VARCHAR;str_season
intermediate;int_whoscored_match_index;scraped_at;VARCHAR;TIMESTAMP;dt_scraped_at
intermediate;int_whoscored_match_index;comp_category;VARCHAR;VARCHAR;str_comp_category
intermediate;int_whoscored_player_match;match_id;VARCHAR;VARCHAR;str_match_id
intermediate;int_whoscored_player_match;team_id;BIGINT;VARCHAR;str_team_id
intermediate;int_whoscored_player_match;player_id;INTEGER;VARCHAR;str_player_id
intermediate;int_whoscored_player_match;shirt_no;INTEGER;INTEGER;int_shirt_no
intermediate;int_whoscored_player_match;position;VARCHAR;VARCHAR;str_position
intermediate;int_whoscored_player_match;is_first_eleven;BOOLEAN;BOOLEAN;bool_is_first_eleven
intermediate;int_whoscored_player_match;is_man_of_the_match;BOOLEAN;BOOLEAN;bool_is_man_of_the_match
intermediate;int_whoscored_player_match;height;INTEGER;INTEGER;int_height
intermediate;int_whoscored_player_match;weight;INTEGER;INTEGER;int_weight
intermediate;int_whoscored_player_match;age;INTEGER;INTEGER;int_age
intermediate;int_whoscored_player_match;rating;DOUBLE;DOUBLE;dec_rating
intermediate;int_whoscored_player_match;stats_json;VARCHAR;VARCHAR;str_stats_json
intermediate;int_whoscored_player_match;touches;DOUBLE;INTEGER;int_touches
intermediate;int_whoscored_player_match;possession;DOUBLE;INTEGER;int_possession
intermediate;int_whoscored_player_match;passes_total;DOUBLE;INTEGER;int_passes_total
intermediate;int_whoscored_player_match;passes_accurate;DOUBLE;INTEGER;int_passes_accurate
intermediate;int_whoscored_player_match;passes_key;DOUBLE;INTEGER;int_passes_key
intermediate;int_whoscored_player_match;shots_total;DOUBLE;INTEGER;int_shots_total
intermediate;int_whoscored_player_match;shots_on_target;DOUBLE;INTEGER;int_shots_on_target
intermediate;int_whoscored_player_match;shots_off_target;DOUBLE;INTEGER;int_shots_off_target
intermediate;int_whoscored_player_match;shots_blocked;DOUBLE;INTEGER;int_shots_blocked
intermediate;int_whoscored_player_match;shots_on_post;DOUBLE;INTEGER;int_shots_on_post
intermediate;int_whoscored_player_match;dribbles_attempted;DOUBLE;INTEGER;int_dribbles_attempted
intermediate;int_whoscored_player_match;dribbles_won;DOUBLE;INTEGER;int_dribbles_won
intermediate;int_whoscored_player_match;dribbles_lost;DOUBLE;INTEGER;int_dribbles_lost
intermediate;int_whoscored_player_match;dribbled_past;DOUBLE;INTEGER;int_dribbled_past
intermediate;int_whoscored_player_match;dispossessed;DOUBLE;INTEGER;int_dispossessed
intermediate;int_whoscored_player_match;tackles_total;DOUBLE;INTEGER;int_tackles_total
intermediate;int_whoscored_player_match;tackle_successful;DOUBLE;INTEGER;int_tackle_successful
intermediate;int_whoscored_player_match;tackle_unsuccesful;DOUBLE;INTEGER;int_tackle_unsuccesful
intermediate;int_whoscored_player_match;interceptions;DOUBLE;INTEGER;int_interceptions
intermediate;int_whoscored_player_match;clearances;DOUBLE;INTEGER;int_clearances
intermediate;int_whoscored_player_match;aerials_total;DOUBLE;INTEGER;int_aerials_total
intermediate;int_whoscored_player_match;aerials_won;DOUBLE;INTEGER;int_aerials_won
intermediate;int_whoscored_player_match;offensive_aerials;DOUBLE;INTEGER;int_offensive_aerials
intermediate;int_whoscored_player_match;defensive_aerials;DOUBLE;INTEGER;int_defensive_aerials
intermediate;int_whoscored_player_match;fouls_commited;DOUBLE;INTEGER;int_fouls_commited
intermediate;int_whoscored_player_match;offsides_caught;DOUBLE;INTEGER;int_offsides_caught
intermediate;int_whoscored_player_match;errors;DOUBLE;INTEGER;int_errors
intermediate;int_whoscored_player_match;corners_total;DOUBLE;INTEGER;int_corners_total
intermediate;int_whoscored_player_match;corners_accurate;DOUBLE;INTEGER;int_corners_accurate
intermediate;int_whoscored_player_match;throw_ins_total;DOUBLE;INTEGER;int_throw_ins_total
intermediate;int_whoscored_player_match;throw_ins_accurate;DOUBLE;INTEGER;int_throw_ins_accurate
intermediate;int_whoscored_player_match;total_saves;DOUBLE;INTEGER;int_total_saves
intermediate;int_whoscored_player_match;parried_safe;DOUBLE;INTEGER;int_parried_safe
intermediate;int_whoscored_player_match;parried_danger;DOUBLE;INTEGER;int_parried_danger
intermediate;int_whoscored_player_match;claims_high;DOUBLE;INTEGER;int_claims_high
intermediate;int_whoscored_player_match;collected;DOUBLE;INTEGER;int_collected
intermediate;int_whoscored_players;player_id;INTEGER;VARCHAR;str_player_id
intermediate;int_whoscored_players;season;VARCHAR;VARCHAR;str_season
intermediate;int_whoscored_players;team_id;BIGINT;VARCHAR;str_team_id
intermediate;int_whoscored_players;player_name;VARCHAR;VARCHAR;str_player_name
intermediate;int_whoscored_players;height;INTEGER;INTEGER;int_height
intermediate;int_whoscored_players;weight;INTEGER;INTEGER;int_weight
intermediate;int_whoscored_players;n_matchs;BIGINT;BIGINT;int_n_matchs
intermediate;int_whoscored_qualifiers;match_id;VARCHAR;VARCHAR;str_match_id
intermediate;int_whoscored_qualifiers;team_id;BIGINT;VARCHAR;str_team_id
intermediate;int_whoscored_qualifiers;player_id;INTEGER;VARCHAR;str_player_id
intermediate;int_whoscored_qualifiers;event_id;INTEGER;VARCHAR;str_event_id
intermediate;int_whoscored_qualifiers;row_num;INTEGER;INTEGER;int_row_num
intermediate;int_whoscored_qualifiers;season;VARCHAR;VARCHAR;str_season
intermediate;int_whoscored_qualifiers;qual_type_id;INTEGER;VARCHAR;str_qual_type_id
intermediate;int_whoscored_qualifiers;qual_type_name;VARCHAR;VARCHAR;str_qual_type_name
intermediate;int_whoscored_qualifiers;qual_value;VARCHAR;VARCHAR;str_qual_value
intermediate;int_whoscored_team_match;match_id;VARCHAR;VARCHAR;str_match_id
intermediate;int_whoscored_team_match;team_id;BIGINT;VARCHAR;str_team_id
intermediate;int_whoscored_team_match;field;VARCHAR;VARCHAR;str_field
intermediate;int_whoscored_team_match;manager_name;VARCHAR;VARCHAR;str_manager_name
intermediate;int_whoscored_team_match;country_name;VARCHAR;VARCHAR;str_country_name
intermediate;int_whoscored_team_match;average_age;DOUBLE;DOUBLE;dec_average_age
intermediate;int_whoscored_team_match;stats_json;VARCHAR;VARCHAR;str_stats_json
intermediate;int_whoscored_team_match_agg;match_id;VARCHAR;VARCHAR;str_match_id
intermediate;int_whoscored_team_match_agg;team_id;BIGINT;VARCHAR;str_team_id
intermediate;int_whoscored_team_match_agg;shots_total;DOUBLE;DOUBLE;dec_shots_total
intermediate;int_whoscored_team_match_agg;shots_on_target;DOUBLE;DOUBLE;dec_shots_on_target
intermediate;int_whoscored_team_match_agg;shots_off_target;DOUBLE;DOUBLE;dec_shots_off_target
intermediate;int_whoscored_team_match_agg;shots_blocked;DOUBLE;DOUBLE;dec_shots_blocked
intermediate;int_whoscored_team_match_agg;clearances;DOUBLE;DOUBLE;dec_clearances
intermediate;int_whoscored_team_match_agg;interceptions;DOUBLE;DOUBLE;dec_interceptions
intermediate;int_whoscored_team_match_agg;possession;DOUBLE;DOUBLE;dec_possession
intermediate;int_whoscored_team_match_agg;touches;DOUBLE;DOUBLE;dec_touches
intermediate;int_whoscored_team_match_agg;passes_total;DOUBLE;DOUBLE;dec_passes_total
intermediate;int_whoscored_team_match_agg;passes_accurate;DOUBLE;DOUBLE;dec_passes_accurate
intermediate;int_whoscored_team_match_agg;passes_key;DOUBLE;DOUBLE;dec_passes_key
intermediate;int_whoscored_team_match_agg;aerials_total;DOUBLE;DOUBLE;dec_aerials_total
intermediate;int_whoscored_team_match_agg;aerials_won;DOUBLE;DOUBLE;dec_aerials_won
intermediate;int_whoscored_team_match_agg;corners_total;DOUBLE;DOUBLE;dec_corners_total
intermediate;int_whoscored_team_match_agg;corners_accurate;DOUBLE;DOUBLE;dec_corners_accurate
intermediate;int_whoscored_team_match_agg;throw_ins_total;DOUBLE;DOUBLE;dec_throw_ins_total
intermediate;int_whoscored_team_match_agg;throw_ins_accurate;DOUBLE;DOUBLE;dec_throw_ins_accurate
intermediate;int_whoscored_team_match_agg;offsides_caught;DOUBLE;DOUBLE;dec_offsides_caught
intermediate;int_whoscored_team_match_agg;fouls_committed;DOUBLE;DOUBLE;dec_fouls_committed
intermediate;int_whoscored_team_match_agg;tackles_total;DOUBLE;DOUBLE;dec_tackles_total
intermediate;int_whoscored_team_match_agg;tackles_successful;DOUBLE;DOUBLE;dec_tackles_successful
intermediate;int_whoscored_team_match_agg;tackles_unsuccessful;DOUBLE;DOUBLE;dec_tackles_unsuccessful
intermediate;int_whoscored_team_match_agg;dribbled_past;DOUBLE;DOUBLE;dec_dribbled_past
intermediate;int_whoscored_team_match_agg;dribbles_won;DOUBLE;DOUBLE;dec_dribbles_won
intermediate;int_whoscored_team_match_agg;dribbles_attempted;DOUBLE;DOUBLE;dec_dribbles_attempted
intermediate;int_whoscored_team_match_agg;dribbles_lost;DOUBLE;DOUBLE;dec_dribbles_lost
intermediate;int_whoscored_team_match_agg;dispossessed;DOUBLE;DOUBLE;dec_dispossessed
intermediate;int_whoscored_team_match_agg;errors;DOUBLE;DOUBLE;dec_errors
intermediate;int_whoscored_team_match_agg;defensive_aerials;DOUBLE;DOUBLE;dec_defensive_aerials
intermediate;int_whoscored_team_match_agg;offensive_aerials;DOUBLE;DOUBLE;dec_offensive_aerials
intermediate;int_whoscored_team_match_agg;pass_success_pct;DOUBLE;DOUBLE;dec_pass_success_pct
intermediate;int_whoscored_team_match_agg;aerial_success_pct;DOUBLE;DOUBLE;dec_aerial_success_pct
intermediate;int_whoscored_team_match_agg;tackle_success_pct;DOUBLE;DOUBLE;dec_tackle_success_pct
intermediate;int_whoscored_team_match_agg;dribble_success_pct;DOUBLE;DOUBLE;dec_dribble_success_pct
intermediate;int_whoscored_team_match_agg;throw_in_accuracy_pct;DOUBLE;DOUBLE;dec_throw_in_accuracy_pct
intermediate;int_whoscored_team_match_minute;match_id;VARCHAR;VARCHAR;str_match_id
intermediate;int_whoscored_team_match_minute;team_id;BIGINT;VARCHAR;str_team_id
intermediate;int_whoscored_team_match_minute;minute;INTEGER;INTEGER;int_minute
intermediate;int_whoscored_team_match_minute;rating;DOUBLE;DOUBLE;dec_rating
intermediate;int_whoscored_team_match_minute;shots_total;DOUBLE;DOUBLE;dec_shots_total
intermediate;int_whoscored_team_match_minute;shots_on_target;DOUBLE;DOUBLE;dec_shots_on_target
intermediate;int_whoscored_team_match_minute;shots_off_target;DOUBLE;DOUBLE;dec_shots_off_target
intermediate;int_whoscored_team_match_minute;shots_blocked;DOUBLE;DOUBLE;dec_shots_blocked
intermediate;int_whoscored_team_match_minute;clearances;DOUBLE;DOUBLE;dec_clearances
intermediate;int_whoscored_team_match_minute;interceptions;DOUBLE;DOUBLE;dec_interceptions
intermediate;int_whoscored_team_match_minute;possession;DOUBLE;DOUBLE;dec_possession
intermediate;int_whoscored_team_match_minute;touches;DOUBLE;DOUBLE;dec_touches
intermediate;int_whoscored_team_match_minute;passes_total;DOUBLE;DOUBLE;dec_passes_total
intermediate;int_whoscored_team_match_minute;passes_accurate;DOUBLE;DOUBLE;dec_passes_accurate
intermediate;int_whoscored_team_match_minute;passes_key;DOUBLE;DOUBLE;dec_passes_key
intermediate;int_whoscored_team_match_minute;pass_success;DOUBLE;DOUBLE;dec_pass_success
intermediate;int_whoscored_team_match_minute;aerials_total;DOUBLE;DOUBLE;dec_aerials_total
intermediate;int_whoscored_team_match_minute;aerials_won;DOUBLE;DOUBLE;dec_aerials_won
intermediate;int_whoscored_team_match_minute;aerial_success;DOUBLE;DOUBLE;dec_aerial_success
intermediate;int_whoscored_team_match_minute;corners_total;DOUBLE;DOUBLE;dec_corners_total
intermediate;int_whoscored_team_match_minute;corners_accurate;DOUBLE;DOUBLE;dec_corners_accurate
intermediate;int_whoscored_team_match_minute;throw_ins_total;DOUBLE;DOUBLE;dec_throw_ins_total
intermediate;int_whoscored_team_match_minute;throw_ins_accurate;DOUBLE;DOUBLE;dec_throw_ins_accurate
intermediate;int_whoscored_team_match_minute;throw_in_accuracy;DOUBLE;DOUBLE;dec_throw_in_accuracy
intermediate;int_whoscored_team_match_minute;offsides_caught;DOUBLE;DOUBLE;dec_offsides_caught
intermediate;int_whoscored_team_match_minute;fouls_committed;DOUBLE;DOUBLE;dec_fouls_committed
intermediate;int_whoscored_team_match_minute;tackles_total;DOUBLE;DOUBLE;dec_tackles_total
intermediate;int_whoscored_team_match_minute;tackles_successful;DOUBLE;DOUBLE;dec_tackles_successful
intermediate;int_whoscored_team_match_minute;tackles_unsuccessful;DOUBLE;DOUBLE;dec_tackles_unsuccessful
intermediate;int_whoscored_team_match_minute;tackle_success;DOUBLE;DOUBLE;dec_tackle_success
intermediate;int_whoscored_team_match_minute;dribbled_past;DOUBLE;DOUBLE;dec_dribbled_past
intermediate;int_whoscored_team_match_minute;dribbles_won;DOUBLE;DOUBLE;dec_dribbles_won
intermediate;int_whoscored_team_match_minute;dribbles_attempted;DOUBLE;DOUBLE;dec_dribbles_attempted
intermediate;int_whoscored_team_match_minute;dribbles_lost;DOUBLE;DOUBLE;dec_dribbles_lost
intermediate;int_whoscored_team_match_minute;dribble_success;DOUBLE;DOUBLE;dec_dribble_success
intermediate;int_whoscored_team_match_minute;dispossessed;DOUBLE;DOUBLE;dec_dispossessed
intermediate;int_whoscored_team_match_minute;errors;DOUBLE;DOUBLE;dec_errors
intermediate;int_whoscored_team_match_minute;defensive_aerials;DOUBLE;DOUBLE;dec_defensive_aerials
intermediate;int_whoscored_team_match_minute;offensive_aerials;DOUBLE;DOUBLE;dec_offensive_aerials
intermediate;int_whoscored_team_season;str_team_id;VARCHAR;VARCHAR;str_team_id
intermediate;int_whoscored_team_season;str_season;VARCHAR;VARCHAR;str_season
intermediate;int_whoscored_team_season;str_league_source;VARCHAR;VARCHAR;str_league_source
intermediate;int_whoscored_team_season;dec_ws_away_shots_conceded_pg;DOUBLE;DOUBLE;dec_ws_away_shots_conceded_pg
intermediate;int_whoscored_team_season;dec_ws_away_tackles_pg;DOUBLE;DOUBLE;dec_ws_away_tackles_pg
intermediate;int_whoscored_team_season;dec_ws_away_interceptions_pg;DOUBLE;DOUBLE;dec_ws_away_interceptions_pg
intermediate;int_whoscored_team_season;dec_ws_away_fouls_pg;DOUBLE;DOUBLE;dec_ws_away_fouls_pg
intermediate;int_whoscored_team_season;dec_ws_away_offsides_pg;DOUBLE;DOUBLE;dec_ws_away_offsides_pg
intermediate;int_whoscored_team_season;dec_ws_away_def_rating;DOUBLE;DOUBLE;dec_ws_away_def_rating
intermediate;int_whoscored_team_season;dec_ws_home_shots_conceded_pg;DOUBLE;DOUBLE;dec_ws_home_shots_conceded_pg
intermediate;int_whoscored_team_season;dec_ws_home_tackles_pg;DOUBLE;DOUBLE;dec_ws_home_tackles_pg
intermediate;int_whoscored_team_season;dec_ws_home_interceptions_pg;DOUBLE;DOUBLE;dec_ws_home_interceptions_pg
intermediate;int_whoscored_team_season;dec_ws_home_fouls_pg;DOUBLE;DOUBLE;dec_ws_home_fouls_pg
intermediate;int_whoscored_team_season;dec_ws_home_offsides_pg;DOUBLE;DOUBLE;dec_ws_home_offsides_pg
intermediate;int_whoscored_team_season;dec_ws_home_def_rating;DOUBLE;DOUBLE;dec_ws_home_def_rating
intermediate;int_whoscored_team_season;dec_ws_away_shots_pg;DOUBLE;DOUBLE;dec_ws_away_shots_pg
intermediate;int_whoscored_team_season;dec_ws_away_shots_ot_pg;DOUBLE;DOUBLE;dec_ws_away_shots_ot_pg
intermediate;int_whoscored_team_season;dec_ws_away_dribbles_pg;DOUBLE;DOUBLE;dec_ws_away_dribbles_pg
intermediate;int_whoscored_team_season;dec_ws_away_fouled_pg;DOUBLE;DOUBLE;dec_ws_away_fouled_pg
intermediate;int_whoscored_team_season;dec_ws_away_att_rating;DOUBLE;DOUBLE;dec_ws_away_att_rating
intermediate;int_whoscored_team_season;dec_ws_home_shots_pg;DOUBLE;DOUBLE;dec_ws_home_shots_pg
intermediate;int_whoscored_team_season;dec_ws_home_shots_ot_pg;DOUBLE;DOUBLE;dec_ws_home_shots_ot_pg
intermediate;int_whoscored_team_season;dec_ws_home_dribbles_pg;DOUBLE;DOUBLE;dec_ws_home_dribbles_pg
intermediate;int_whoscored_team_season;dec_ws_home_fouled_pg;DOUBLE;DOUBLE;dec_ws_home_fouled_pg
intermediate;int_whoscored_team_season;dec_ws_home_att_rating;DOUBLE;DOUBLE;dec_ws_home_att_rating
intermediate;int_whoscored_team_season;dec_ws_away_xg_against;DOUBLE;DOUBLE;dec_ws_away_xg_against
intermediate;int_whoscored_team_season;dec_ws_away_goals_against;DOUBLE;INTEGER;int_ws_away_goals_against
intermediate;int_whoscored_team_season;dec_ws_away_xg_diff_against;DOUBLE;DOUBLE;dec_ws_away_xg_diff_against
intermediate;int_whoscored_team_season;dec_ws_away_shots_against;DOUBLE;INTEGER;int_ws_away_shots_against
intermediate;int_whoscored_team_season;dec_ws_away_xg_per_shot_against;DOUBLE;DOUBLE;dec_ws_away_xg_per_shot_against
intermediate;int_whoscored_team_season;dec_ws_away_xg_against_rating;DOUBLE;DOUBLE;dec_ws_away_xg_against_rating
intermediate;int_whoscored_team_season;dec_ws_away_xg_for;DOUBLE;DOUBLE;dec_ws_away_xg_for
intermediate;int_whoscored_team_season;dec_ws_away_goals_for;DOUBLE;INTEGER;int_ws_away_goals_for
intermediate;int_whoscored_team_season;dec_ws_away_xg_diff_for;DOUBLE;DOUBLE;dec_ws_away_xg_diff_for
intermediate;int_whoscored_team_season;dec_ws_away_shots_for;DOUBLE;INTEGER;int_ws_away_shots_for
intermediate;int_whoscored_team_season;dec_ws_away_xg_per_shot_for;DOUBLE;DOUBLE;dec_ws_away_xg_per_shot_for
intermediate;int_whoscored_team_season;dec_ws_away_xg_for_rating;DOUBLE;DOUBLE;dec_ws_away_xg_for_rating
intermediate;int_whoscored_team_season;dec_ws_home_xg_against;DOUBLE;DOUBLE;dec_ws_home_xg_against
intermediate;int_whoscored_team_season;dec_ws_home_goals_against;DOUBLE;INTEGER;int_ws_home_goals_against
intermediate;int_whoscored_team_season;dec_ws_home_xg_diff_against;DOUBLE;DOUBLE;dec_ws_home_xg_diff_against
intermediate;int_whoscored_team_season;dec_ws_home_shots_against;DOUBLE;INTEGER;int_ws_home_shots_against
intermediate;int_whoscored_team_season;dec_ws_home_xg_per_shot_against;DOUBLE;DOUBLE;dec_ws_home_xg_per_shot_against
intermediate;int_whoscored_team_season;dec_ws_home_xg_against_rating;DOUBLE;DOUBLE;dec_ws_home_xg_against_rating
intermediate;int_whoscored_team_season;dec_ws_home_xg_for;DOUBLE;DOUBLE;dec_ws_home_xg_for
intermediate;int_whoscored_team_season;dec_ws_home_goals_for;DOUBLE;INTEGER;int_ws_home_goals_for
intermediate;int_whoscored_team_season;dec_ws_home_xg_diff_for;DOUBLE;DOUBLE;dec_ws_home_xg_diff_for
intermediate;int_whoscored_team_season;dec_ws_home_shots_for;DOUBLE;INTEGER;int_ws_home_shots_for
intermediate;int_whoscored_team_season;dec_ws_home_xg_per_shot_for;DOUBLE;DOUBLE;dec_ws_home_xg_per_shot_for
intermediate;int_whoscored_team_season;dec_ws_home_xg_for_rating;DOUBLE;DOUBLE;dec_ws_home_xg_for_rating
intermediate;int_whoscored_team_season;str_source;VARCHAR;VARCHAR;str_source
intermediate;int_whoscored_team_season;dt_scraped_at;TIMESTAMP;TIMESTAMP;dt_scraped_at
intermediate;int_whoscored_team_season;str_comp_category;VARCHAR;VARCHAR;str_comp_category
intermediate;int_whoscored_team_season;str_raw_team;VARCHAR;VARCHAR;str_raw_team
intermediate;int_xt_actions;match_id;VARCHAR;VARCHAR;str_match_id
intermediate;int_xt_actions;row_num;INTEGER;INTEGER;int_row_num
intermediate;int_xt_actions;season;VARCHAR;VARCHAR;str_season
intermediate;int_xt_actions;league_source;VARCHAR;VARCHAR;str_league_source
intermediate;int_xt_actions;team_id;BIGINT;VARCHAR;str_team_id
intermediate;int_xt_actions;player_id;INTEGER;VARCHAR;str_player_id
intermediate;int_xt_actions;action_kind;VARCHAR;VARCHAR;str_action_kind
intermediate;int_xt_actions;is_shot;BOOLEAN;BOOLEAN;bool_is_shot
intermediate;int_xt_actions;is_goal;BOOLEAN;BOOLEAN;bool_is_goal
intermediate;int_xt_actions;col_from;INTEGER;INTEGER;int_col_from
intermediate;int_xt_actions;row_from;INTEGER;INTEGER;int_row_from
intermediate;int_xt_actions;col_to;INTEGER;INTEGER;int_col_to
intermediate;int_xt_actions;row_to;INTEGER;INTEGER;int_row_to
intermediate;int_xt_contributions;match_id;VARCHAR;VARCHAR;str_match_id
intermediate;int_xt_contributions;row_num;INTEGER;INTEGER;int_row_num
intermediate;int_xt_contributions;season;VARCHAR;VARCHAR;str_season
intermediate;int_xt_contributions;league_source;VARCHAR;VARCHAR;str_league_source
intermediate;int_xt_contributions;team_id;BIGINT;VARCHAR;str_team_id
intermediate;int_xt_contributions;player_id;INTEGER;VARCHAR;str_player_id
intermediate;int_xt_contributions;col_from;INTEGER;INTEGER;int_col_from
intermediate;int_xt_contributions;row_from;INTEGER;INTEGER;int_row_from
intermediate;int_xt_contributions;col_to;INTEGER;INTEGER;int_col_to
intermediate;int_xt_contributions;row_to;INTEGER;INTEGER;int_row_to
intermediate;int_xt_contributions;xt_from;DOUBLE;DOUBLE;dec_xt_from
intermediate;int_xt_contributions;xt_to;DOUBLE;DOUBLE;dec_xt_to
intermediate;int_xt_contributions;xt_added;DOUBLE;DOUBLE;dec_xt_added
gold;joueur_match;str_match_id;VARCHAR;VARCHAR;str_match_id
gold;joueur_match;str_team_id;VARCHAR;VARCHAR;str_team_id
gold;joueur_match;str_opponent_id;VARCHAR;VARCHAR;str_opponent_id
gold;joueur_match;str_player_id;VARCHAR;VARCHAR;str_player_id
gold;joueur_match;int_is_home;INTEGER;INTEGER;int_is_home
gold;joueur_match;dec_scorer_xg_per90_lag;DOUBLE;DOUBLE;dec_scorer_xg_per90_lag
gold;joueur_match;dec_scorer_shots_per90_lag;DOUBLE;DOUBLE;dec_scorer_shots_per90_lag
gold;joueur_match;dec_scorer_team_shot_share_lag;DOUBLE;DOUBLE;dec_scorer_team_shot_share_lag
gold;joueur_match;int_scorer_penalty_taker_lag;HUGEINT;BIGINT;int_scorer_penalty_taker_lag
gold;joueur_match;int_scorer_freekick_taker_lag;HUGEINT;BIGINT;int_scorer_freekick_taker_lag
gold;joueur_match;dec_off_xg_per_shot_lag;DOUBLE;DOUBLE;dec_off_xg_per_shot_lag
gold;joueur_match;dec_scorer_context_vs_opponent_style;DOUBLE;DOUBLE;dec_scorer_context_vs_opponent_style
gold;joueur_saison;match_id;VARCHAR;VARCHAR;str_match_id
gold;joueur_saison;team_id;BIGINT;VARCHAR;str_team_id
gold;joueur_saison;player_id;INTEGER;VARCHAR;str_player_id
gold;joueur_saison;date;DATE;DATE;dt_date
gold;joueur_saison;season;VARCHAR;VARCHAR;str_season
gold;joueur_saison;league_source;VARCHAR;VARCHAR;str_league_source
gold;joueur_saison;n_apps_lag;BIGINT;BIGINT;int_n_apps_lag
gold;joueur_saison;minutes_lag;HUGEINT;BIGINT;int_minutes_lag
gold;joueur_saison;scorer_xg_per90_lag;DOUBLE;DOUBLE;dec_scorer_xg_per90_lag
gold;joueur_saison;scorer_shots_per90_lag;DOUBLE;DOUBLE;dec_scorer_shots_per90_lag
gold;joueur_saison;off_chances_created_per90_lag;DOUBLE;DOUBLE;dec_off_chances_created_per90_lag
gold;joueur_saison;off_key_passes_per90_lag;DOUBLE;DOUBLE;dec_off_key_passes_per90_lag
gold;joueur_saison;off_xg_per_shot_lag;DOUBLE;DOUBLE;dec_off_xg_per_shot_lag
gold;joueur_saison;def_aerial_win_rate_lag;DOUBLE;DOUBLE;dec_def_aerial_win_rate_lag
gold;joueur_saison;def_actions_per90_lag;DOUBLE;DOUBLE;dec_def_actions_per90_lag
gold;joueur_saison;def_errors_per90_lag;DOUBLE;DOUBLE;dec_def_errors_per90_lag
gold;joueur_saison;player_card_propensity_lag;DOUBLE;DOUBLE;dec_player_card_propensity_lag
gold;joueur_saison;off_xgchain_per90_lag;DOUBLE;DOUBLE;dec_off_xgchain_per90_lag
gold;joueur_saison;off_xgbuildup_per90_lag;DOUBLE;DOUBLE;dec_off_xgbuildup_per90_lag
gold;joueur_saison;scorer_team_shot_share_lag;DOUBLE;DOUBLE;dec_scorer_team_shot_share_lag
gold;joueur_saison;scorer_penalty_taker_lag;HUGEINT;BIGINT;int_scorer_penalty_taker_lag
gold;joueur_saison;scorer_freekick_taker_lag;HUGEINT;BIGINT;int_scorer_freekick_taker_lag
gold;joueur_saison;def_threat_conceded_per90_lag;DOUBLE;DOUBLE;dec_def_threat_conceded_per90_lag
gold;joueur_saison;scorer_xgot_overperformance_lag;DOUBLE;DOUBLE;dec_scorer_xgot_overperformance_lag
gold;joueur_saison;profile_confidence_flag;VARCHAR;VARCHAR;str_profile_confidence_flag
gold;joueur_zone_saison;player_id;INTEGER;VARCHAR;str_player_id
gold;joueur_zone_saison;zone_5x5;VARCHAR;VARCHAR;str_zone_5x5
gold;joueur_zone_saison;season;VARCHAR;VARCHAR;str_season
gold;joueur_zone_saison;off_touch_share_by_zone_lag;DOUBLE;DOUBLE;dec_off_touch_share_by_zone_lag
gold;joueur_zone_saison;off_shot_volume_by_zone_lag;DOUBLE;DOUBLE;dec_off_shot_volume_by_zone_lag
gold;joueur_zone_saison;off_danger_by_zone_lag;DOUBLE;DOUBLE;dec_off_danger_by_zone_lag
gold;joueur_zone_saison;off_progressive_actions_by_zone_lag;DOUBLE;DOUBLE;dec_off_progressive_actions_by_zone_lag
gold;joueur_zone_saison;off_cross_volume_by_zone_lag;DOUBLE;DOUBLE;dec_off_cross_volume_by_zone_lag
gold;joueur_zone_saison;def_duel_win_rate_by_zone_lag;DOUBLE;DOUBLE;dec_def_duel_win_rate_by_zone_lag
gold;joueur_zone_saison;def_actions_by_zone_lag;DOUBLE;DOUBLE;dec_def_actions_by_zone_lag
gold;joueur_zone_saison;n_duels_prev;BIGINT;BIGINT;int_n_duels_prev
gold;joueur_zone_saison;n_matches_prev;BIGINT;BIGINT;int_n_matches_prev
gold;joueur_zone_saison;profile_confidence_flag;VARCHAR;VARCHAR;str_profile_confidence_flag
marts;mart_1n2;str_match_id;VARCHAR;VARCHAR;str_match_id
marts;mart_1n2;str_team_id;VARCHAR;VARCHAR;str_team_id
marts;mart_1n2;str_result_1n2;VARCHAR;VARCHAR;str_result_1n2
marts;mart_1n2;opponent_id;BIGINT;VARCHAR;str_opponent_id
marts;mart_1n2;date;DATE;DATE;dt_date
marts;mart_1n2;season;VARCHAR;VARCHAR;str_season
marts;mart_1n2;dec_odds_pinnacle_team;DOUBLE;DOUBLE;dec_odds_pinnacle_team
marts;mart_1n2;dec_odds_pinnacle_draw;DOUBLE;DOUBLE;dec_odds_pinnacle_draw
marts;mart_1n2;dec_odds_pinnacle_opp;DOUBLE;DOUBLE;dec_odds_pinnacle_opp
marts;mart_1n2;dec_odds_avg_team;DOUBLE;DOUBLE;dec_odds_avg_team
marts;mart_1n2;dec_odds_avg_draw;DOUBLE;DOUBLE;dec_odds_avg_draw
marts;mart_1n2;dec_odds_avg_opp;DOUBLE;DOUBLE;dec_odds_avg_opp
marts;mart_1n2;dec_pinnacle_prob_team;DOUBLE;DOUBLE;dec_pinnacle_prob_team
marts;mart_1n2;dec_pinnacle_prob_draw;DOUBLE;DOUBLE;dec_pinnacle_prob_draw
marts;mart_1n2;dec_pinnacle_prob_opp;DOUBLE;DOUBLE;dec_pinnacle_prob_opp
marts;mart_1n2;dec_market_prob_team;DOUBLE;DOUBLE;dec_market_prob_team
marts;mart_1n2;dec_market_prob_draw;DOUBLE;DOUBLE;dec_market_prob_draw
marts;mart_1n2;dec_market_prob_opp;DOUBLE;DOUBLE;dec_market_prob_opp
marts;mart_1n2;pinnacle_edge;DOUBLE;DOUBLE;dec_pinnacle_edge
marts;mart_1n2;dec_pinnacle_prob_close_team;DOUBLE;DOUBLE;dec_pinnacle_prob_close_team
marts;mart_1n2;dec_pinnacle_prob_close_draw;DOUBLE;DOUBLE;dec_pinnacle_prob_close_draw
marts;mart_1n2;dec_pinnacle_prob_close_opp;DOUBLE;DOUBLE;dec_pinnacle_prob_close_opp
marts;mart_1n2;dec_market_prob_close_team;DOUBLE;DOUBLE;dec_market_prob_close_team
marts;mart_1n2;dec_market_prob_close_draw;DOUBLE;DOUBLE;dec_market_prob_close_draw
marts;mart_1n2;dec_market_prob_close_opp;DOUBLE;DOUBLE;dec_market_prob_close_opp
marts;mart_1n2;pinnacle_close_edge;DOUBLE;DOUBLE;dec_pinnacle_close_edge
marts;mart_1n2;dec_pinnacle_drift_team;DOUBLE;DOUBLE;dec_pinnacle_drift_team
marts;mart_1n2;dec_pinnacle_drift_draw;DOUBLE;DOUBLE;dec_pinnacle_drift_draw
marts;mart_1n2;dec_pinnacle_drift_opp;DOUBLE;DOUBLE;dec_pinnacle_drift_opp
marts;mart_1n2;dec_pinnacle_prob_over25;DOUBLE;DOUBLE;dec_pinnacle_prob_over25
marts;mart_1n2;dec_pinnacle_prob_under25;DOUBLE;DOUBLE;dec_pinnacle_prob_under25
marts;mart_1n2;dec_pinnacle_prob_close_over25;DOUBLE;DOUBLE;dec_pinnacle_prob_close_over25
marts;mart_1n2;dec_pinnacle_prob_close_under25;DOUBLE;DOUBLE;dec_pinnacle_prob_close_under25
marts;mart_1n2;comp_category;VARCHAR;VARCHAR;str_comp_category
marts;mart_1n2;int_is_home;INTEGER;INTEGER;int_is_home
marts;mart_1n2;int_days_since_last_game;BIGINT;BIGINT;int_days_since_last_game
marts;mart_1n2;dec_avg_gf_rolling_3;DOUBLE;DOUBLE;dec_avg_gf_rolling_3
marts;mart_1n2;dec_avg_ga_rolling_3;DOUBLE;DOUBLE;dec_avg_ga_rolling_3
marts;mart_1n2;dec_avg_np_xg_rolling_3;DOUBLE;DOUBLE;dec_avg_np_xg_rolling_3
marts;mart_1n2;dec_avg_np_xg_conceded_rolling_3;DOUBLE;DOUBLE;dec_avg_np_xg_conceded_rolling_3
marts;mart_1n2;dec_avg_np_xg_diff_rolling_3;DOUBLE;DOUBLE;dec_avg_np_xg_diff_rolling_3
marts;mart_1n2;dec_points_rolling_3;DOUBLE;DOUBLE;dec_points_rolling_3
marts;mart_1n2;dec_win_rate_rolling_3;DOUBLE;DOUBLE;dec_win_rate_rolling_3
marts;mart_1n2;dec_draw_rate_rolling_3;DOUBLE;DOUBLE;dec_draw_rate_rolling_3
marts;mart_1n2;dec_loss_rate_rolling_3;DOUBLE;DOUBLE;dec_loss_rate_rolling_3
marts;mart_1n2;dec_clean_sheet_rate_rolling_3;DOUBLE;DOUBLE;dec_clean_sheet_rate_rolling_3
marts;mart_1n2;dec_failed_to_score_rate_rolling_3;DOUBLE;DOUBLE;dec_failed_to_score_rate_rolling_3
marts;mart_1n2;dec_shots_rolling_3;DOUBLE;DOUBLE;dec_shots_rolling_3
marts;mart_1n2;dec_shots_ot_rolling_3;DOUBLE;DOUBLE;dec_shots_ot_rolling_3
marts;mart_1n2;dec_ppda_rolling_3;DOUBLE;DOUBLE;dec_ppda_rolling_3
marts;mart_1n2;dec_ppda_allowed_rolling_3;DOUBLE;DOUBLE;dec_ppda_allowed_rolling_3
marts;mart_1n2;dec_field_tilt_rolling_3;DOUBLE;DOUBLE;dec_field_tilt_rolling_3
marts;mart_1n2;dec_counter_attack_dna_rolling_3;DOUBLE;DOUBLE;dec_counter_attack_dna_rolling_3
marts;mart_1n2;dec_attack_left_pct_rolling_3;DOUBLE;DOUBLE;dec_attack_left_pct_rolling_3
marts;mart_1n2;dec_attack_center_pct_rolling_3;DOUBLE;DOUBLE;dec_attack_center_pct_rolling_3
marts;mart_1n2;dec_attack_right_pct_rolling_3;DOUBLE;DOUBLE;dec_attack_right_pct_rolling_3
marts;mart_1n2;dec_def_exposed_left_pct_rolling_3;DOUBLE;DOUBLE;dec_def_exposed_left_pct_rolling_3
marts;mart_1n2;dec_def_exposed_center_pct_rolling_3;DOUBLE;DOUBLE;dec_def_exposed_center_pct_rolling_3
marts;mart_1n2;dec_def_exposed_right_pct_rolling_3;DOUBLE;DOUBLE;dec_def_exposed_right_pct_rolling_3
marts;mart_1n2;dec_cross_rate_rolling_3;DOUBLE;DOUBLE;dec_cross_rate_rolling_3
marts;mart_1n2;dec_through_ball_rate_rolling_3;DOUBLE;DOUBLE;dec_through_ball_rate_rolling_3
marts;mart_1n2;dec_long_ball_rate_rolling_3;DOUBLE;DOUBLE;dec_long_ball_rate_rolling_3
marts;mart_1n2;dec_shot_six_yard_pct_rolling_3;DOUBLE;DOUBLE;dec_shot_six_yard_pct_rolling_3
marts;mart_1n2;dec_shot_open_play_pct_rolling_3;DOUBLE;DOUBLE;dec_shot_open_play_pct_rolling_3
marts;mart_1n2;dec_shot_set_piece_pct_rolling_3;DOUBLE;DOUBLE;dec_shot_set_piece_pct_rolling_3
marts;mart_1n2;dec_set_piece_reliance_rolling_3;DOUBLE;DOUBLE;dec_set_piece_reliance_rolling_3
marts;mart_1n2;dec_defensive_line_height_rolling_3;DOUBLE;DOUBLE;dec_defensive_line_height_rolling_3
marts;mart_1n2;dec_yellow_cards_rolling_3;DOUBLE;DOUBLE;dec_yellow_cards_rolling_3
marts;mart_1n2;dec_fouls_committed_rolling_3;DOUBLE;DOUBLE;dec_fouls_committed_rolling_3
marts;mart_1n2;dec_fouls_drawn_rolling_3;DOUBLE;DOUBLE;dec_fouls_drawn_rolling_3
marts;mart_1n2;dec_corners_for_rolling_3;DOUBLE;DOUBLE;dec_corners_for_rolling_3
marts;mart_1n2;dec_corners_against_rolling_3;DOUBLE;DOUBLE;dec_corners_against_rolling_3
marts;mart_1n2;dec_shots_blocked_rolling_3;DOUBLE;DOUBLE;dec_shots_blocked_rolling_3
marts;mart_1n2;dec_avg_gf_rolling_5;DOUBLE;DOUBLE;dec_avg_gf_rolling_5
marts;mart_1n2;dec_avg_ga_rolling_5;DOUBLE;DOUBLE;dec_avg_ga_rolling_5
marts;mart_1n2;dec_avg_np_xg_rolling_5;DOUBLE;DOUBLE;dec_avg_np_xg_rolling_5
marts;mart_1n2;dec_avg_np_xg_conceded_rolling_5;DOUBLE;DOUBLE;dec_avg_np_xg_conceded_rolling_5
marts;mart_1n2;dec_avg_np_xg_diff_rolling_5;DOUBLE;DOUBLE;dec_avg_np_xg_diff_rolling_5
marts;mart_1n2;dec_points_rolling_5;DOUBLE;DOUBLE;dec_points_rolling_5
marts;mart_1n2;dec_win_rate_rolling_5;DOUBLE;DOUBLE;dec_win_rate_rolling_5
marts;mart_1n2;dec_draw_rate_rolling_5;DOUBLE;DOUBLE;dec_draw_rate_rolling_5
marts;mart_1n2;dec_loss_rate_rolling_5;DOUBLE;DOUBLE;dec_loss_rate_rolling_5
marts;mart_1n2;dec_clean_sheet_rate_rolling_5;DOUBLE;DOUBLE;dec_clean_sheet_rate_rolling_5
marts;mart_1n2;dec_failed_to_score_rate_rolling_5;DOUBLE;DOUBLE;dec_failed_to_score_rate_rolling_5
marts;mart_1n2;dec_shots_rolling_5;DOUBLE;DOUBLE;dec_shots_rolling_5
marts;mart_1n2;dec_shots_ot_rolling_5;DOUBLE;DOUBLE;dec_shots_ot_rolling_5
marts;mart_1n2;dec_ppda_rolling_5;DOUBLE;DOUBLE;dec_ppda_rolling_5
marts;mart_1n2;dec_ppda_allowed_rolling_5;DOUBLE;DOUBLE;dec_ppda_allowed_rolling_5
marts;mart_1n2;dec_field_tilt_rolling_5;DOUBLE;DOUBLE;dec_field_tilt_rolling_5
marts;mart_1n2;dec_counter_attack_dna_rolling_5;DOUBLE;DOUBLE;dec_counter_attack_dna_rolling_5
marts;mart_1n2;dec_attack_left_pct_rolling_5;DOUBLE;DOUBLE;dec_attack_left_pct_rolling_5
marts;mart_1n2;dec_attack_center_pct_rolling_5;DOUBLE;DOUBLE;dec_attack_center_pct_rolling_5
marts;mart_1n2;dec_attack_right_pct_rolling_5;DOUBLE;DOUBLE;dec_attack_right_pct_rolling_5
marts;mart_1n2;dec_def_exposed_left_pct_rolling_5;DOUBLE;DOUBLE;dec_def_exposed_left_pct_rolling_5
marts;mart_1n2;dec_def_exposed_center_pct_rolling_5;DOUBLE;DOUBLE;dec_def_exposed_center_pct_rolling_5
marts;mart_1n2;dec_def_exposed_right_pct_rolling_5;DOUBLE;DOUBLE;dec_def_exposed_right_pct_rolling_5
marts;mart_1n2;dec_cross_rate_rolling_5;DOUBLE;DOUBLE;dec_cross_rate_rolling_5
marts;mart_1n2;dec_through_ball_rate_rolling_5;DOUBLE;DOUBLE;dec_through_ball_rate_rolling_5
marts;mart_1n2;dec_long_ball_rate_rolling_5;DOUBLE;DOUBLE;dec_long_ball_rate_rolling_5
marts;mart_1n2;dec_shot_six_yard_pct_rolling_5;DOUBLE;DOUBLE;dec_shot_six_yard_pct_rolling_5
marts;mart_1n2;dec_shot_open_play_pct_rolling_5;DOUBLE;DOUBLE;dec_shot_open_play_pct_rolling_5
marts;mart_1n2;dec_shot_set_piece_pct_rolling_5;DOUBLE;DOUBLE;dec_shot_set_piece_pct_rolling_5
marts;mart_1n2;dec_set_piece_reliance_rolling_5;DOUBLE;DOUBLE;dec_set_piece_reliance_rolling_5
marts;mart_1n2;dec_defensive_line_height_rolling_5;DOUBLE;DOUBLE;dec_defensive_line_height_rolling_5
marts;mart_1n2;dec_yellow_cards_rolling_5;DOUBLE;DOUBLE;dec_yellow_cards_rolling_5
marts;mart_1n2;dec_fouls_committed_rolling_5;DOUBLE;DOUBLE;dec_fouls_committed_rolling_5
marts;mart_1n2;dec_fouls_drawn_rolling_5;DOUBLE;DOUBLE;dec_fouls_drawn_rolling_5
marts;mart_1n2;dec_corners_for_rolling_5;DOUBLE;DOUBLE;dec_corners_for_rolling_5
marts;mart_1n2;dec_corners_against_rolling_5;DOUBLE;DOUBLE;dec_corners_against_rolling_5
marts;mart_1n2;dec_shots_blocked_rolling_5;DOUBLE;DOUBLE;dec_shots_blocked_rolling_5
marts;mart_1n2;dec_avg_gf_rolling_10;DOUBLE;DOUBLE;dec_avg_gf_rolling_10
marts;mart_1n2;dec_avg_ga_rolling_10;DOUBLE;DOUBLE;dec_avg_ga_rolling_10
marts;mart_1n2;dec_avg_np_xg_rolling_10;DOUBLE;DOUBLE;dec_avg_np_xg_rolling_10
marts;mart_1n2;dec_avg_np_xg_conceded_rolling_10;DOUBLE;DOUBLE;dec_avg_np_xg_conceded_rolling_10
marts;mart_1n2;dec_avg_np_xg_diff_rolling_10;DOUBLE;DOUBLE;dec_avg_np_xg_diff_rolling_10
marts;mart_1n2;dec_points_rolling_10;DOUBLE;DOUBLE;dec_points_rolling_10
marts;mart_1n2;dec_win_rate_rolling_10;DOUBLE;DOUBLE;dec_win_rate_rolling_10
marts;mart_1n2;dec_draw_rate_rolling_10;DOUBLE;DOUBLE;dec_draw_rate_rolling_10
marts;mart_1n2;dec_loss_rate_rolling_10;DOUBLE;DOUBLE;dec_loss_rate_rolling_10
marts;mart_1n2;dec_clean_sheet_rate_rolling_10;DOUBLE;DOUBLE;dec_clean_sheet_rate_rolling_10
marts;mart_1n2;dec_failed_to_score_rate_rolling_10;DOUBLE;DOUBLE;dec_failed_to_score_rate_rolling_10
marts;mart_1n2;dec_shots_rolling_10;DOUBLE;DOUBLE;dec_shots_rolling_10
marts;mart_1n2;dec_shots_ot_rolling_10;DOUBLE;DOUBLE;dec_shots_ot_rolling_10
marts;mart_1n2;dec_ppda_rolling_10;DOUBLE;DOUBLE;dec_ppda_rolling_10
marts;mart_1n2;dec_ppda_allowed_rolling_10;DOUBLE;DOUBLE;dec_ppda_allowed_rolling_10
marts;mart_1n2;dec_field_tilt_rolling_10;DOUBLE;DOUBLE;dec_field_tilt_rolling_10
marts;mart_1n2;dec_counter_attack_dna_rolling_10;DOUBLE;DOUBLE;dec_counter_attack_dna_rolling_10
marts;mart_1n2;dec_attack_left_pct_rolling_10;DOUBLE;DOUBLE;dec_attack_left_pct_rolling_10
marts;mart_1n2;dec_attack_center_pct_rolling_10;DOUBLE;DOUBLE;dec_attack_center_pct_rolling_10
marts;mart_1n2;dec_attack_right_pct_rolling_10;DOUBLE;DOUBLE;dec_attack_right_pct_rolling_10
marts;mart_1n2;dec_def_exposed_left_pct_rolling_10;DOUBLE;DOUBLE;dec_def_exposed_left_pct_rolling_10
marts;mart_1n2;dec_def_exposed_center_pct_rolling_10;DOUBLE;DOUBLE;dec_def_exposed_center_pct_rolling_10
marts;mart_1n2;dec_def_exposed_right_pct_rolling_10;DOUBLE;DOUBLE;dec_def_exposed_right_pct_rolling_10
marts;mart_1n2;dec_cross_rate_rolling_10;DOUBLE;DOUBLE;dec_cross_rate_rolling_10
marts;mart_1n2;dec_through_ball_rate_rolling_10;DOUBLE;DOUBLE;dec_through_ball_rate_rolling_10
marts;mart_1n2;dec_long_ball_rate_rolling_10;DOUBLE;DOUBLE;dec_long_ball_rate_rolling_10
marts;mart_1n2;dec_shot_six_yard_pct_rolling_10;DOUBLE;DOUBLE;dec_shot_six_yard_pct_rolling_10
marts;mart_1n2;dec_shot_open_play_pct_rolling_10;DOUBLE;DOUBLE;dec_shot_open_play_pct_rolling_10
marts;mart_1n2;dec_shot_set_piece_pct_rolling_10;DOUBLE;DOUBLE;dec_shot_set_piece_pct_rolling_10
marts;mart_1n2;dec_set_piece_reliance_rolling_10;DOUBLE;DOUBLE;dec_set_piece_reliance_rolling_10
marts;mart_1n2;dec_defensive_line_height_rolling_10;DOUBLE;DOUBLE;dec_defensive_line_height_rolling_10
marts;mart_1n2;dec_yellow_cards_rolling_10;DOUBLE;DOUBLE;dec_yellow_cards_rolling_10
marts;mart_1n2;dec_fouls_committed_rolling_10;DOUBLE;DOUBLE;dec_fouls_committed_rolling_10
marts;mart_1n2;dec_fouls_drawn_rolling_10;DOUBLE;DOUBLE;dec_fouls_drawn_rolling_10
marts;mart_1n2;dec_corners_for_rolling_10;DOUBLE;DOUBLE;dec_corners_for_rolling_10
marts;mart_1n2;dec_corners_against_rolling_10;DOUBLE;DOUBLE;dec_corners_against_rolling_10
marts;mart_1n2;dec_shots_blocked_rolling_10;DOUBLE;DOUBLE;dec_shots_blocked_rolling_10
marts;mart_1n2;dec_season_xg_per_shot_for_lag;DOUBLE;DOUBLE;dec_season_xg_per_shot_for_lag
marts;mart_1n2;dec_season_xg_per_shot_against_lag;DOUBLE;DOUBLE;dec_season_xg_per_shot_against_lag
marts;mart_1n2;lineup_sum_xg_per90_lag;DOUBLE;DOUBLE;dec_lineup_sum_xg_per90_lag
marts;mart_1n2;lineup_avg_shots_per90_lag;DOUBLE;DOUBLE;dec_lineup_avg_shots_per90_lag
marts;mart_1n2;lineup_avg_def_actions_per90_lag;DOUBLE;DOUBLE;dec_lineup_avg_def_actions_per90_lag
marts;mart_1n2;lineup_avg_aerial_win_rate_lag;DOUBLE;DOUBLE;dec_lineup_avg_aerial_win_rate_lag
marts;mart_1n2;n_starters_profiled;BIGINT;BIGINT;int_n_starters_profiled
marts;mart_1n2;formation_family;VARCHAR;VARCHAR;str_formation_family
marts;mart_1n2;n_gk;BIGINT;BIGINT;int_n_gk
marts;mart_1n2;n_def;BIGINT;BIGINT;int_n_def
marts;mart_1n2;n_mid;BIGINT;BIGINT;int_n_mid
marts;mart_1n2;n_att;BIGINT;BIGINT;int_n_att
marts;mart_1n2;n_wingers;BIGINT;BIGINT;int_n_wingers
marts;mart_1n2;n_central_att;BIGINT;BIGINT;int_n_central_att
marts;mart_1n2;bloc_width;DOUBLE;DOUBLE;dec_bloc_width
marts;mart_1n2;bloc_depth;DOUBLE;DOUBLE;dec_bloc_depth
marts;mart_1n2;line_defensive_avg;DOUBLE;DOUBLE;dec_line_defensive_avg
marts;mart_1n2;line_offensive_avg;DOUBLE;DOUBLE;dec_line_offensive_avg
marts;mart_1n2;axiality_score;DOUBLE;DOUBLE;dec_axiality_score
marts;mart_1n2;opp_int_days_since_last_game;BIGINT;BIGINT;int_opp_days_since_last_game
marts;mart_1n2;opp_dec_avg_gf_rolling_3;DOUBLE;DOUBLE;dec_opp_avg_gf_rolling_3
marts;mart_1n2;opp_dec_avg_ga_rolling_3;DOUBLE;DOUBLE;dec_opp_avg_ga_rolling_3
marts;mart_1n2;opp_dec_avg_np_xg_rolling_3;DOUBLE;DOUBLE;dec_opp_avg_np_xg_rolling_3
marts;mart_1n2;opp_dec_avg_np_xg_conceded_rolling_3;DOUBLE;DOUBLE;dec_opp_avg_np_xg_conceded_rolling_3
marts;mart_1n2;opp_dec_avg_np_xg_diff_rolling_3;DOUBLE;DOUBLE;dec_opp_avg_np_xg_diff_rolling_3
marts;mart_1n2;opp_dec_points_rolling_3;DOUBLE;DOUBLE;dec_opp_points_rolling_3
marts;mart_1n2;opp_dec_win_rate_rolling_3;DOUBLE;DOUBLE;dec_opp_win_rate_rolling_3
marts;mart_1n2;opp_dec_draw_rate_rolling_3;DOUBLE;DOUBLE;dec_opp_draw_rate_rolling_3
marts;mart_1n2;opp_dec_loss_rate_rolling_3;DOUBLE;DOUBLE;dec_opp_loss_rate_rolling_3
marts;mart_1n2;opp_dec_clean_sheet_rate_rolling_3;DOUBLE;DOUBLE;dec_opp_clean_sheet_rate_rolling_3
marts;mart_1n2;opp_dec_failed_to_score_rate_rolling_3;DOUBLE;DOUBLE;dec_opp_failed_to_score_rate_rolling_3
marts;mart_1n2;opp_dec_shots_rolling_3;DOUBLE;DOUBLE;dec_opp_shots_rolling_3
marts;mart_1n2;opp_dec_shots_ot_rolling_3;DOUBLE;DOUBLE;dec_opp_shots_ot_rolling_3
marts;mart_1n2;opp_dec_ppda_rolling_3;DOUBLE;DOUBLE;dec_opp_ppda_rolling_3
marts;mart_1n2;opp_dec_ppda_allowed_rolling_3;DOUBLE;DOUBLE;dec_opp_ppda_allowed_rolling_3
marts;mart_1n2;opp_dec_field_tilt_rolling_3;DOUBLE;DOUBLE;dec_opp_field_tilt_rolling_3
marts;mart_1n2;opp_dec_counter_attack_dna_rolling_3;DOUBLE;DOUBLE;dec_opp_counter_attack_dna_rolling_3
marts;mart_1n2;opp_dec_attack_left_pct_rolling_3;DOUBLE;DOUBLE;dec_opp_attack_left_pct_rolling_3
marts;mart_1n2;opp_dec_attack_center_pct_rolling_3;DOUBLE;DOUBLE;dec_opp_attack_center_pct_rolling_3
marts;mart_1n2;opp_dec_attack_right_pct_rolling_3;DOUBLE;DOUBLE;dec_opp_attack_right_pct_rolling_3
marts;mart_1n2;opp_dec_def_exposed_left_pct_rolling_3;DOUBLE;DOUBLE;dec_opp_def_exposed_left_pct_rolling_3
marts;mart_1n2;opp_dec_def_exposed_center_pct_rolling_3;DOUBLE;DOUBLE;dec_opp_def_exposed_center_pct_rolling_3
marts;mart_1n2;opp_dec_def_exposed_right_pct_rolling_3;DOUBLE;DOUBLE;dec_opp_def_exposed_right_pct_rolling_3
marts;mart_1n2;opp_dec_cross_rate_rolling_3;DOUBLE;DOUBLE;dec_opp_cross_rate_rolling_3
marts;mart_1n2;opp_dec_through_ball_rate_rolling_3;DOUBLE;DOUBLE;dec_opp_through_ball_rate_rolling_3
marts;mart_1n2;opp_dec_long_ball_rate_rolling_3;DOUBLE;DOUBLE;dec_opp_long_ball_rate_rolling_3
marts;mart_1n2;opp_dec_shot_six_yard_pct_rolling_3;DOUBLE;DOUBLE;dec_opp_shot_six_yard_pct_rolling_3
marts;mart_1n2;opp_dec_shot_open_play_pct_rolling_3;DOUBLE;DOUBLE;dec_opp_shot_open_play_pct_rolling_3
marts;mart_1n2;opp_dec_shot_set_piece_pct_rolling_3;DOUBLE;DOUBLE;dec_opp_shot_set_piece_pct_rolling_3
marts;mart_1n2;opp_dec_set_piece_reliance_rolling_3;DOUBLE;DOUBLE;dec_opp_set_piece_reliance_rolling_3
marts;mart_1n2;opp_dec_defensive_line_height_rolling_3;DOUBLE;DOUBLE;dec_opp_defensive_line_height_rolling_3
marts;mart_1n2;opp_dec_yellow_cards_rolling_3;DOUBLE;DOUBLE;dec_opp_yellow_cards_rolling_3
marts;mart_1n2;opp_dec_fouls_committed_rolling_3;DOUBLE;DOUBLE;dec_opp_fouls_committed_rolling_3
marts;mart_1n2;opp_dec_fouls_drawn_rolling_3;DOUBLE;DOUBLE;dec_opp_fouls_drawn_rolling_3
marts;mart_1n2;opp_dec_corners_for_rolling_3;DOUBLE;DOUBLE;dec_opp_corners_for_rolling_3
marts;mart_1n2;opp_dec_corners_against_rolling_3;DOUBLE;DOUBLE;dec_opp_corners_against_rolling_3
marts;mart_1n2;opp_dec_shots_blocked_rolling_3;DOUBLE;DOUBLE;dec_opp_shots_blocked_rolling_3
marts;mart_1n2;opp_dec_avg_gf_rolling_5;DOUBLE;DOUBLE;dec_opp_avg_gf_rolling_5
marts;mart_1n2;opp_dec_avg_ga_rolling_5;DOUBLE;DOUBLE;dec_opp_avg_ga_rolling_5
marts;mart_1n2;opp_dec_avg_np_xg_rolling_5;DOUBLE;DOUBLE;dec_opp_avg_np_xg_rolling_5
marts;mart_1n2;opp_dec_avg_np_xg_conceded_rolling_5;DOUBLE;DOUBLE;dec_opp_avg_np_xg_conceded_rolling_5
marts;mart_1n2;opp_dec_avg_np_xg_diff_rolling_5;DOUBLE;DOUBLE;dec_opp_avg_np_xg_diff_rolling_5
marts;mart_1n2;opp_dec_points_rolling_5;DOUBLE;DOUBLE;dec_opp_points_rolling_5
marts;mart_1n2;opp_dec_win_rate_rolling_5;DOUBLE;DOUBLE;dec_opp_win_rate_rolling_5
marts;mart_1n2;opp_dec_draw_rate_rolling_5;DOUBLE;DOUBLE;dec_opp_draw_rate_rolling_5
marts;mart_1n2;opp_dec_loss_rate_rolling_5;DOUBLE;DOUBLE;dec_opp_loss_rate_rolling_5
marts;mart_1n2;opp_dec_clean_sheet_rate_rolling_5;DOUBLE;DOUBLE;dec_opp_clean_sheet_rate_rolling_5
marts;mart_1n2;opp_dec_failed_to_score_rate_rolling_5;DOUBLE;DOUBLE;dec_opp_failed_to_score_rate_rolling_5
marts;mart_1n2;opp_dec_shots_rolling_5;DOUBLE;DOUBLE;dec_opp_shots_rolling_5
marts;mart_1n2;opp_dec_shots_ot_rolling_5;DOUBLE;DOUBLE;dec_opp_shots_ot_rolling_5
marts;mart_1n2;opp_dec_ppda_rolling_5;DOUBLE;DOUBLE;dec_opp_ppda_rolling_5
marts;mart_1n2;opp_dec_ppda_allowed_rolling_5;DOUBLE;DOUBLE;dec_opp_ppda_allowed_rolling_5
marts;mart_1n2;opp_dec_field_tilt_rolling_5;DOUBLE;DOUBLE;dec_opp_field_tilt_rolling_5
marts;mart_1n2;opp_dec_counter_attack_dna_rolling_5;DOUBLE;DOUBLE;dec_opp_counter_attack_dna_rolling_5
marts;mart_1n2;opp_dec_attack_left_pct_rolling_5;DOUBLE;DOUBLE;dec_opp_attack_left_pct_rolling_5
marts;mart_1n2;opp_dec_attack_center_pct_rolling_5;DOUBLE;DOUBLE;dec_opp_attack_center_pct_rolling_5
marts;mart_1n2;opp_dec_attack_right_pct_rolling_5;DOUBLE;DOUBLE;dec_opp_attack_right_pct_rolling_5
marts;mart_1n2;opp_dec_def_exposed_left_pct_rolling_5;DOUBLE;DOUBLE;dec_opp_def_exposed_left_pct_rolling_5
marts;mart_1n2;opp_dec_def_exposed_center_pct_rolling_5;DOUBLE;DOUBLE;dec_opp_def_exposed_center_pct_rolling_5
marts;mart_1n2;opp_dec_def_exposed_right_pct_rolling_5;DOUBLE;DOUBLE;dec_opp_def_exposed_right_pct_rolling_5
marts;mart_1n2;opp_dec_cross_rate_rolling_5;DOUBLE;DOUBLE;dec_opp_cross_rate_rolling_5
marts;mart_1n2;opp_dec_through_ball_rate_rolling_5;DOUBLE;DOUBLE;dec_opp_through_ball_rate_rolling_5
marts;mart_1n2;opp_dec_long_ball_rate_rolling_5;DOUBLE;DOUBLE;dec_opp_long_ball_rate_rolling_5
marts;mart_1n2;opp_dec_shot_six_yard_pct_rolling_5;DOUBLE;DOUBLE;dec_opp_shot_six_yard_pct_rolling_5
marts;mart_1n2;opp_dec_shot_open_play_pct_rolling_5;DOUBLE;DOUBLE;dec_opp_shot_open_play_pct_rolling_5
marts;mart_1n2;opp_dec_shot_set_piece_pct_rolling_5;DOUBLE;DOUBLE;dec_opp_shot_set_piece_pct_rolling_5
marts;mart_1n2;opp_dec_set_piece_reliance_rolling_5;DOUBLE;DOUBLE;dec_opp_set_piece_reliance_rolling_5
marts;mart_1n2;opp_dec_defensive_line_height_rolling_5;DOUBLE;DOUBLE;dec_opp_defensive_line_height_rolling_5
marts;mart_1n2;opp_dec_yellow_cards_rolling_5;DOUBLE;DOUBLE;dec_opp_yellow_cards_rolling_5
marts;mart_1n2;opp_dec_fouls_committed_rolling_5;DOUBLE;DOUBLE;dec_opp_fouls_committed_rolling_5
marts;mart_1n2;opp_dec_fouls_drawn_rolling_5;DOUBLE;DOUBLE;dec_opp_fouls_drawn_rolling_5
marts;mart_1n2;opp_dec_corners_for_rolling_5;DOUBLE;DOUBLE;dec_opp_corners_for_rolling_5
marts;mart_1n2;opp_dec_corners_against_rolling_5;DOUBLE;DOUBLE;dec_opp_corners_against_rolling_5
marts;mart_1n2;opp_dec_shots_blocked_rolling_5;DOUBLE;DOUBLE;dec_opp_shots_blocked_rolling_5
marts;mart_1n2;opp_dec_avg_gf_rolling_10;DOUBLE;DOUBLE;dec_opp_avg_gf_rolling_10
marts;mart_1n2;opp_dec_avg_ga_rolling_10;DOUBLE;DOUBLE;dec_opp_avg_ga_rolling_10
marts;mart_1n2;opp_dec_avg_np_xg_rolling_10;DOUBLE;DOUBLE;dec_opp_avg_np_xg_rolling_10
marts;mart_1n2;opp_dec_avg_np_xg_conceded_rolling_10;DOUBLE;DOUBLE;dec_opp_avg_np_xg_conceded_rolling_10
marts;mart_1n2;opp_dec_avg_np_xg_diff_rolling_10;DOUBLE;DOUBLE;dec_opp_avg_np_xg_diff_rolling_10
marts;mart_1n2;opp_dec_points_rolling_10;DOUBLE;DOUBLE;dec_opp_points_rolling_10
marts;mart_1n2;opp_dec_win_rate_rolling_10;DOUBLE;DOUBLE;dec_opp_win_rate_rolling_10
marts;mart_1n2;opp_dec_draw_rate_rolling_10;DOUBLE;DOUBLE;dec_opp_draw_rate_rolling_10
marts;mart_1n2;opp_dec_loss_rate_rolling_10;DOUBLE;DOUBLE;dec_opp_loss_rate_rolling_10
marts;mart_1n2;opp_dec_clean_sheet_rate_rolling_10;DOUBLE;DOUBLE;dec_opp_clean_sheet_rate_rolling_10
marts;mart_1n2;opp_dec_failed_to_score_rate_rolling_10;DOUBLE;DOUBLE;dec_opp_failed_to_score_rate_rolling_10
marts;mart_1n2;opp_dec_shots_rolling_10;DOUBLE;DOUBLE;dec_opp_shots_rolling_10
marts;mart_1n2;opp_dec_shots_ot_rolling_10;DOUBLE;DOUBLE;dec_opp_shots_ot_rolling_10
marts;mart_1n2;opp_dec_ppda_rolling_10;DOUBLE;DOUBLE;dec_opp_ppda_rolling_10
marts;mart_1n2;opp_dec_ppda_allowed_rolling_10;DOUBLE;DOUBLE;dec_opp_ppda_allowed_rolling_10
marts;mart_1n2;opp_dec_field_tilt_rolling_10;DOUBLE;DOUBLE;dec_opp_field_tilt_rolling_10
marts;mart_1n2;opp_dec_counter_attack_dna_rolling_10;DOUBLE;DOUBLE;dec_opp_counter_attack_dna_rolling_10
marts;mart_1n2;opp_dec_attack_left_pct_rolling_10;DOUBLE;DOUBLE;dec_opp_attack_left_pct_rolling_10
marts;mart_1n2;opp_dec_attack_center_pct_rolling_10;DOUBLE;DOUBLE;dec_opp_attack_center_pct_rolling_10
marts;mart_1n2;opp_dec_attack_right_pct_rolling_10;DOUBLE;DOUBLE;dec_opp_attack_right_pct_rolling_10
marts;mart_1n2;opp_dec_def_exposed_left_pct_rolling_10;DOUBLE;DOUBLE;dec_opp_def_exposed_left_pct_rolling_10
marts;mart_1n2;opp_dec_def_exposed_center_pct_rolling_10;DOUBLE;DOUBLE;dec_opp_def_exposed_center_pct_rolling_10
marts;mart_1n2;opp_dec_def_exposed_right_pct_rolling_10;DOUBLE;DOUBLE;dec_opp_def_exposed_right_pct_rolling_10
marts;mart_1n2;opp_dec_cross_rate_rolling_10;DOUBLE;DOUBLE;dec_opp_cross_rate_rolling_10
marts;mart_1n2;opp_dec_through_ball_rate_rolling_10;DOUBLE;DOUBLE;dec_opp_through_ball_rate_rolling_10
marts;mart_1n2;opp_dec_long_ball_rate_rolling_10;DOUBLE;DOUBLE;dec_opp_long_ball_rate_rolling_10
marts;mart_1n2;opp_dec_shot_six_yard_pct_rolling_10;DOUBLE;DOUBLE;dec_opp_shot_six_yard_pct_rolling_10
marts;mart_1n2;opp_dec_shot_open_play_pct_rolling_10;DOUBLE;DOUBLE;dec_opp_shot_open_play_pct_rolling_10
marts;mart_1n2;opp_dec_shot_set_piece_pct_rolling_10;DOUBLE;DOUBLE;dec_opp_shot_set_piece_pct_rolling_10
marts;mart_1n2;opp_dec_set_piece_reliance_rolling_10;DOUBLE;DOUBLE;dec_opp_set_piece_reliance_rolling_10
marts;mart_1n2;opp_dec_defensive_line_height_rolling_10;DOUBLE;DOUBLE;dec_opp_defensive_line_height_rolling_10
marts;mart_1n2;opp_dec_yellow_cards_rolling_10;DOUBLE;DOUBLE;dec_opp_yellow_cards_rolling_10
marts;mart_1n2;opp_dec_fouls_committed_rolling_10;DOUBLE;DOUBLE;dec_opp_fouls_committed_rolling_10
marts;mart_1n2;opp_dec_fouls_drawn_rolling_10;DOUBLE;DOUBLE;dec_opp_fouls_drawn_rolling_10
marts;mart_1n2;opp_dec_corners_for_rolling_10;DOUBLE;DOUBLE;dec_opp_corners_for_rolling_10
marts;mart_1n2;opp_dec_corners_against_rolling_10;DOUBLE;DOUBLE;dec_opp_corners_against_rolling_10
marts;mart_1n2;opp_dec_shots_blocked_rolling_10;DOUBLE;DOUBLE;dec_opp_shots_blocked_rolling_10
marts;mart_1n2;opp_dec_season_xg_per_shot_for_lag;DOUBLE;DOUBLE;dec_opp_season_xg_per_shot_for_lag
marts;mart_1n2;opp_dec_season_xg_per_shot_against_lag;DOUBLE;DOUBLE;dec_opp_season_xg_per_shot_against_lag
marts;mart_1n2;opp_lineup_sum_xg_per90_lag;DOUBLE;DOUBLE;dec_opp_lineup_sum_xg_per90_lag
marts;mart_1n2;opp_lineup_avg_shots_per90_lag;DOUBLE;DOUBLE;dec_opp_lineup_avg_shots_per90_lag
marts;mart_1n2;opp_lineup_avg_def_actions_per90_lag;DOUBLE;DOUBLE;dec_opp_lineup_avg_def_actions_per90_lag
marts;mart_1n2;opp_lineup_avg_aerial_win_rate_lag;DOUBLE;DOUBLE;dec_opp_lineup_avg_aerial_win_rate_lag
marts;mart_1n2;opp_n_starters_profiled;BIGINT;BIGINT;int_opp_n_starters_profiled
marts;mart_1n2;opp_formation_family;VARCHAR;VARCHAR;str_opp_formation_family
marts;mart_1n2;opp_n_gk;BIGINT;BIGINT;int_opp_n_gk
marts;mart_1n2;opp_n_def;BIGINT;BIGINT;int_opp_n_def
marts;mart_1n2;opp_n_mid;BIGINT;BIGINT;int_opp_n_mid
marts;mart_1n2;opp_n_att;BIGINT;BIGINT;int_opp_n_att
marts;mart_1n2;opp_n_wingers;BIGINT;BIGINT;int_opp_n_wingers
marts;mart_1n2;opp_n_central_att;BIGINT;BIGINT;int_opp_n_central_att
marts;mart_1n2;opp_bloc_width;DOUBLE;DOUBLE;dec_opp_bloc_width
marts;mart_1n2;opp_bloc_depth;DOUBLE;DOUBLE;dec_opp_bloc_depth
marts;mart_1n2;opp_line_defensive_avg;DOUBLE;DOUBLE;dec_opp_line_defensive_avg
marts;mart_1n2;opp_line_offensive_avg;DOUBLE;DOUBLE;dec_opp_line_offensive_avg
marts;mart_1n2;opp_axiality_score;DOUBLE;DOUBLE;dec_opp_axiality_score
marts;mart_1n2;h2h_played;HUGEINT;BIGINT;int_h2h_played
marts;mart_1n2;h2h_home_played;HUGEINT;BIGINT;int_h2h_home_played
marts;mart_1n2;h2h_win_rate_cutoff;DOUBLE;DOUBLE;dec_h2h_win_rate_cutoff
marts;mart_1n2;h2h_draw_rate_cutoff;DOUBLE;DOUBLE;dec_h2h_draw_rate_cutoff
marts;mart_1n2;h2h_loss_rate_cutoff;DOUBLE;DOUBLE;dec_h2h_loss_rate_cutoff
marts;mart_1n2;h2h_home_win_rate_cutoff;DOUBLE;DOUBLE;dec_h2h_home_win_rate_cutoff
marts;mart_1n2;h2h_avg_gf_10;DOUBLE;DOUBLE;dec_h2h_avg_gf_10
marts;mart_1n2;h2h_avg_ga_10;DOUBLE;DOUBLE;dec_h2h_avg_ga_10
marts;mart_1n2;h2h_avg_xg_diff_10;DOUBLE;DOUBLE;dec_h2h_avg_xg_diff_10
marts;mart_1n2;opp_press_ppda_rolling_3;DOUBLE;DOUBLE;dec_opp_press_ppda_rolling_3
marts;mart_1n2;self_buildup_resistance_rolling_3;DOUBLE;DOUBLE;dec_self_buildup_resistance_rolling_3
marts;mart_1n2;matchup_high_press_vs_buildup_rolling_3;DOUBLE;DOUBLE;dec_matchup_high_press_vs_buildup_rolling_3
marts;mart_1n2;opp_press_ppda_rolling_5;DOUBLE;DOUBLE;dec_opp_press_ppda_rolling_5
marts;mart_1n2;self_buildup_resistance_rolling_5;DOUBLE;DOUBLE;dec_self_buildup_resistance_rolling_5
marts;mart_1n2;matchup_high_press_vs_buildup_rolling_5;DOUBLE;DOUBLE;dec_matchup_high_press_vs_buildup_rolling_5
marts;mart_1n2;opp_press_ppda_rolling_10;DOUBLE;DOUBLE;dec_opp_press_ppda_rolling_10
marts;mart_1n2;self_buildup_resistance_rolling_10;DOUBLE;DOUBLE;dec_self_buildup_resistance_rolling_10
marts;mart_1n2;matchup_high_press_vs_buildup_rolling_10;DOUBLE;DOUBLE;dec_matchup_high_press_vs_buildup_rolling_10
marts;mart_1n2;self_team_xgbuildup_lag;DOUBLE;DOUBLE;dec_self_team_xgbuildup_lag
marts;mart_1n2;opp_team_xgbuildup_lag;DOUBLE;DOUBLE;dec_opp_team_xgbuildup_lag
marts;mart_1n2;attack_overload;BIGINT;BIGINT;int_attack_overload
marts;mart_1n2;mid_control_delta;BIGINT;BIGINT;int_mid_control_delta
marts;mart_1n2;back_depth_delta;DOUBLE;DOUBLE;dec_back_depth_delta
marts;mart_1n2;width_delta;DOUBLE;DOUBLE;dec_width_delta
marts;mart_1n2;depth_delta;DOUBLE;DOUBLE;dec_depth_delta
marts;mart_1n2;axiality_delta;DOUBLE;DOUBLE;dec_axiality_delta
marts;mart_1n2;formation_family_self;VARCHAR;VARCHAR;str_formation_family_self
marts;mart_1n2;formation_family_opp;VARCHAR;VARCHAR;str_formation_family_opp
marts;mart_1n2;matchup_family;VARCHAR;VARCHAR;str_matchup_family
marts;mart_1n2;off_danger_gauche;DOUBLE;DOUBLE;dec_off_danger_gauche
marts;mart_1n2;off_danger_axe;DOUBLE;DOUBLE;dec_off_danger_axe
marts;mart_1n2;off_danger_droit;DOUBLE;DOUBLE;dec_off_danger_droit
marts;mart_1n2;off_cross_gauche;DOUBLE;DOUBLE;dec_off_cross_gauche
marts;mart_1n2;off_cross_droit;DOUBLE;DOUBLE;dec_off_cross_droit
marts;mart_1n2;off_dribble_gauche;DOUBLE;DOUBLE;dec_off_dribble_gauche
marts;mart_1n2;off_dribble_droit;DOUBLE;DOUBLE;dec_off_dribble_droit
marts;mart_1n2;off_central_axe;DOUBLE;DOUBLE;dec_off_central_axe
marts;mart_1n2;def_danger_gauche;DOUBLE;DOUBLE;dec_def_danger_gauche
marts;mart_1n2;def_danger_axe;DOUBLE;DOUBLE;dec_def_danger_axe
marts;mart_1n2;def_danger_droit;DOUBLE;DOUBLE;dec_def_danger_droit
marts;mart_1n2;def_cross_gauche;DOUBLE;DOUBLE;dec_def_cross_gauche
marts;mart_1n2;def_cross_droit;DOUBLE;DOUBLE;dec_def_cross_droit
marts;mart_1n2;def_dribble_gauche;DOUBLE;DOUBLE;dec_def_dribble_gauche
marts;mart_1n2;def_dribble_droit;DOUBLE;DOUBLE;dec_def_dribble_droit
marts;mart_1n2;def_central_axe;DOUBLE;DOUBLE;dec_def_central_axe
marts;mart_1n2;keeper_psxg_plus_minus_lag;DOUBLE;DOUBLE;dec_keeper_psxg_plus_minus_lag
marts;mart_1n2;keeper_psxg_per_shot_lag;DOUBLE;DOUBLE;dec_keeper_psxg_per_shot_lag
marts;mart_1n2;keeper_save_pct_lag;DOUBLE;DOUBLE;dec_keeper_save_pct_lag
marts;mart_1n2;keeper_shots_faced_lag;HUGEINT;BIGINT;int_keeper_shots_faced_lag
marts;mart_assists;str_match_id;VARCHAR;VARCHAR;str_match_id
marts;mart_assists;str_team_id;VARCHAR;VARCHAR;str_team_id
marts;mart_assists;str_player_id;VARCHAR;VARCHAR;str_player_id
marts;mart_assists;season;VARCHAR;VARCHAR;str_season
marts;mart_assists;is_home;BOOLEAN;BOOLEAN;bool_is_home
marts;mart_assists;opponent_id;BIGINT;VARCHAR;str_opponent_id
marts;mart_assists;scorer_xg_per90_lag;DOUBLE;DOUBLE;dec_scorer_xg_per90_lag
marts;mart_assists;scorer_shots_per90_lag;DOUBLE;DOUBLE;dec_scorer_shots_per90_lag
marts;mart_assists;off_chances_created_per90_lag;DOUBLE;DOUBLE;dec_off_chances_created_per90_lag
marts;mart_assists;off_key_passes_per90_lag;DOUBLE;DOUBLE;dec_off_key_passes_per90_lag
marts;mart_assists;off_xgchain_per90_lag;DOUBLE;DOUBLE;dec_off_xgchain_per90_lag
marts;mart_assists;off_xgbuildup_per90_lag;DOUBLE;DOUBLE;dec_off_xgbuildup_per90_lag
marts;mart_assists;n_apps_lag;BIGINT;BIGINT;int_n_apps_lag
marts;mart_assists;minutes_lag;HUGEINT;BIGINT;int_minutes_lag
marts;mart_assists;scorer_freekick_taker_lag;HUGEINT;BIGINT;int_scorer_freekick_taker_lag
marts;mart_assists;profile_confidence_flag;VARCHAR;VARCHAR;str_profile_confidence_flag
marts;mart_assists;dec_avg_np_xg_rolling_3;DOUBLE;DOUBLE;dec_avg_np_xg_rolling_3
marts;mart_assists;dec_avg_np_xg_rolling_5;DOUBLE;DOUBLE;dec_avg_np_xg_rolling_5
marts;mart_assists;dec_avg_np_xg_rolling_10;DOUBLE;DOUBLE;dec_avg_np_xg_rolling_10
marts;mart_assists;dec_failed_to_score_rate_rolling_3;DOUBLE;DOUBLE;dec_failed_to_score_rate_rolling_3
marts;mart_assists;dec_failed_to_score_rate_rolling_5;DOUBLE;DOUBLE;dec_failed_to_score_rate_rolling_5
marts;mart_assists;dec_failed_to_score_rate_rolling_10;DOUBLE;DOUBLE;dec_failed_to_score_rate_rolling_10
marts;mart_assists;dec_win_rate_rolling_3;DOUBLE;DOUBLE;dec_win_rate_rolling_3
marts;mart_assists;dec_win_rate_rolling_5;DOUBLE;DOUBLE;dec_win_rate_rolling_5
marts;mart_assists;dec_win_rate_rolling_10;DOUBLE;DOUBLE;dec_win_rate_rolling_10
marts;mart_assists;opp_dec_avg_np_xg_conceded_rolling_3;DOUBLE;DOUBLE;dec_opp_avg_np_xg_conceded_rolling_3
marts;mart_assists;opp_dec_avg_np_xg_conceded_rolling_5;DOUBLE;DOUBLE;dec_opp_avg_np_xg_conceded_rolling_5
marts;mart_assists;opp_dec_avg_np_xg_conceded_rolling_10;DOUBLE;DOUBLE;dec_opp_avg_np_xg_conceded_rolling_10
marts;mart_assists;opp_dec_clean_sheet_rate_rolling_3;DOUBLE;DOUBLE;dec_opp_clean_sheet_rate_rolling_3
marts;mart_assists;opp_dec_clean_sheet_rate_rolling_5;DOUBLE;DOUBLE;dec_opp_clean_sheet_rate_rolling_5
marts;mart_assists;opp_dec_clean_sheet_rate_rolling_10;DOUBLE;DOUBLE;dec_opp_clean_sheet_rate_rolling_10
marts;mart_assists;dec_season_xg_per_shot_for_lag;DOUBLE;DOUBLE;dec_season_xg_per_shot_for_lag
marts;mart_assists;dec_season_xg_per_shot_against_lag;DOUBLE;DOUBLE;dec_season_xg_per_shot_against_lag
marts;mart_assists;opp_dec_season_xg_per_shot_for_lag;DOUBLE;DOUBLE;dec_opp_season_xg_per_shot_for_lag
marts;mart_assists;opp_dec_season_xg_per_shot_against_lag;DOUBLE;DOUBLE;dec_opp_season_xg_per_shot_against_lag
marts;mart_assists;int_assisted;INTEGER;INTEGER;int_assisted
marts;mart_events;str_match_id;VARCHAR;VARCHAR;str_match_id
marts;mart_events;date;DATE;DATE;dt_date
marts;mart_events;season;VARCHAR;VARCHAR;str_season
marts;mart_events;home_dec_yellow_cards_rolling_3;DOUBLE;DOUBLE;dec_home_yellow_cards_rolling_3
marts;mart_events;home_dec_yellow_cards_rolling_5;DOUBLE;DOUBLE;dec_home_yellow_cards_rolling_5
marts;mart_events;home_dec_yellow_cards_rolling_10;DOUBLE;DOUBLE;dec_home_yellow_cards_rolling_10
marts;mart_events;home_dec_fouls_committed_rolling_3;DOUBLE;DOUBLE;dec_home_fouls_committed_rolling_3
marts;mart_events;home_dec_fouls_committed_rolling_5;DOUBLE;DOUBLE;dec_home_fouls_committed_rolling_5
marts;mart_events;home_dec_fouls_committed_rolling_10;DOUBLE;DOUBLE;dec_home_fouls_committed_rolling_10
marts;mart_events;home_int_corners_for_3;HUGEINT;BIGINT;int_home_corners_for_3
marts;mart_events;home_dec_corner_danger_rate_for_3;DOUBLE;DOUBLE;dec_home_corner_danger_rate_for_3
marts;mart_events;home_dec_corner_conversion_rate_for_3;DOUBLE;DOUBLE;dec_home_corner_conversion_rate_for_3
marts;mart_events;home_int_corners_against_3;HUGEINT;BIGINT;int_home_corners_against_3
marts;mart_events;home_dec_corner_danger_rate_against_3;DOUBLE;DOUBLE;dec_home_corner_danger_rate_against_3
marts;mart_events;home_dec_corner_conversion_rate_against_3;DOUBLE;DOUBLE;dec_home_corner_conversion_rate_against_3
marts;mart_events;home_dec_corner_danger_intensity_for_3;DOUBLE;DOUBLE;dec_home_corner_danger_intensity_for_3
marts;mart_events;home_dec_corner_danger_intensity_against_3;DOUBLE;DOUBLE;dec_home_corner_danger_intensity_against_3
marts;mart_events;home_dec_corner_header_share_for_3;DOUBLE;DOUBLE;dec_home_corner_header_share_for_3
marts;mart_events;home_dec_corner_header_share_against_3;DOUBLE;DOUBLE;dec_home_corner_header_share_against_3
marts;mart_events;home_dec_corner_header_goal_share_for_3;DOUBLE;DOUBLE;dec_home_corner_header_goal_share_for_3
marts;mart_events;home_dec_corner_header_goal_share_against_3;DOUBLE;DOUBLE;dec_home_corner_header_goal_share_against_3
marts;mart_events;home_dec_corner_short_rate_for_3;DOUBLE;DOUBLE;dec_home_corner_short_rate_for_3
marts;mart_events;home_dec_corner_short_rate_against_3;DOUBLE;DOUBLE;dec_home_corner_short_rate_against_3
marts;mart_events;home_dec_corner_forced_bad_clearance_rate_for_3;DOUBLE;DOUBLE;dec_home_corner_forced_bad_clearance_rate_for_3
marts;mart_events;home_dec_corner_clearance_fail_rate_against_3;DOUBLE;DOUBLE;dec_home_corner_clearance_fail_rate_against_3
marts;mart_events;home_dec_corner_headed_clearance_rate_against_3;DOUBLE;DOUBLE;dec_home_corner_headed_clearance_rate_against_3
marts;mart_events;home_int_corners_for_5;HUGEINT;BIGINT;int_home_corners_for_5
marts;mart_events;home_dec_corner_danger_rate_for_5;DOUBLE;DOUBLE;dec_home_corner_danger_rate_for_5
marts;mart_events;home_dec_corner_conversion_rate_for_5;DOUBLE;DOUBLE;dec_home_corner_conversion_rate_for_5
marts;mart_events;home_int_corners_against_5;HUGEINT;BIGINT;int_home_corners_against_5
marts;mart_events;home_dec_corner_danger_rate_against_5;DOUBLE;DOUBLE;dec_home_corner_danger_rate_against_5
marts;mart_events;home_dec_corner_conversion_rate_against_5;DOUBLE;DOUBLE;dec_home_corner_conversion_rate_against_5
marts;mart_events;home_dec_corner_danger_intensity_for_5;DOUBLE;DOUBLE;dec_home_corner_danger_intensity_for_5
marts;mart_events;home_dec_corner_danger_intensity_against_5;DOUBLE;DOUBLE;dec_home_corner_danger_intensity_against_5
marts;mart_events;home_dec_corner_header_share_for_5;DOUBLE;DOUBLE;dec_home_corner_header_share_for_5
marts;mart_events;home_dec_corner_header_share_against_5;DOUBLE;DOUBLE;dec_home_corner_header_share_against_5
marts;mart_events;home_dec_corner_header_goal_share_for_5;DOUBLE;DOUBLE;dec_home_corner_header_goal_share_for_5
marts;mart_events;home_dec_corner_header_goal_share_against_5;DOUBLE;DOUBLE;dec_home_corner_header_goal_share_against_5
marts;mart_events;home_dec_corner_short_rate_for_5;DOUBLE;DOUBLE;dec_home_corner_short_rate_for_5
marts;mart_events;home_dec_corner_short_rate_against_5;DOUBLE;DOUBLE;dec_home_corner_short_rate_against_5
marts;mart_events;home_dec_corner_forced_bad_clearance_rate_for_5;DOUBLE;DOUBLE;dec_home_corner_forced_bad_clearance_rate_for_5
marts;mart_events;home_dec_corner_clearance_fail_rate_against_5;DOUBLE;DOUBLE;dec_home_corner_clearance_fail_rate_against_5
marts;mart_events;home_dec_corner_headed_clearance_rate_against_5;DOUBLE;DOUBLE;dec_home_corner_headed_clearance_rate_against_5
marts;mart_events;home_int_corners_for_10;HUGEINT;BIGINT;int_home_corners_for_10
marts;mart_events;home_dec_corner_danger_rate_for_10;DOUBLE;DOUBLE;dec_home_corner_danger_rate_for_10
marts;mart_events;home_dec_corner_conversion_rate_for_10;DOUBLE;DOUBLE;dec_home_corner_conversion_rate_for_10
marts;mart_events;home_int_corners_against_10;HUGEINT;BIGINT;int_home_corners_against_10
marts;mart_events;home_dec_corner_danger_rate_against_10;DOUBLE;DOUBLE;dec_home_corner_danger_rate_against_10
marts;mart_events;home_dec_corner_conversion_rate_against_10;DOUBLE;DOUBLE;dec_home_corner_conversion_rate_against_10
marts;mart_events;home_dec_corner_danger_intensity_for_10;DOUBLE;DOUBLE;dec_home_corner_danger_intensity_for_10
marts;mart_events;home_dec_corner_danger_intensity_against_10;DOUBLE;DOUBLE;dec_home_corner_danger_intensity_against_10
marts;mart_events;home_dec_corner_header_share_for_10;DOUBLE;DOUBLE;dec_home_corner_header_share_for_10
marts;mart_events;home_dec_corner_header_share_against_10;DOUBLE;DOUBLE;dec_home_corner_header_share_against_10
marts;mart_events;home_dec_corner_header_goal_share_for_10;DOUBLE;DOUBLE;dec_home_corner_header_goal_share_for_10
marts;mart_events;home_dec_corner_header_goal_share_against_10;DOUBLE;DOUBLE;dec_home_corner_header_goal_share_against_10
marts;mart_events;home_dec_corner_short_rate_for_10;DOUBLE;DOUBLE;dec_home_corner_short_rate_for_10
marts;mart_events;home_dec_corner_short_rate_against_10;DOUBLE;DOUBLE;dec_home_corner_short_rate_against_10
marts;mart_events;home_dec_corner_forced_bad_clearance_rate_for_10;DOUBLE;DOUBLE;dec_home_corner_forced_bad_clearance_rate_for_10
marts;mart_events;home_dec_corner_clearance_fail_rate_against_10;DOUBLE;DOUBLE;dec_home_corner_clearance_fail_rate_against_10
marts;mart_events;home_dec_corner_headed_clearance_rate_against_10;DOUBLE;DOUBLE;dec_home_corner_headed_clearance_rate_against_10
marts;mart_events;home_int_freekicks_for_3;HUGEINT;BIGINT;int_home_freekicks_for_3
marts;mart_events;home_dec_freekick_danger_rate_for_3;DOUBLE;DOUBLE;dec_home_freekick_danger_rate_for_3
marts;mart_events;home_dec_freekick_conversion_rate_for_3;DOUBLE;DOUBLE;dec_home_freekick_conversion_rate_for_3
marts;mart_events;home_int_freekicks_against_3;HUGEINT;BIGINT;int_home_freekicks_against_3
marts;mart_events;home_dec_freekick_danger_rate_against_3;DOUBLE;DOUBLE;dec_home_freekick_danger_rate_against_3
marts;mart_events;home_dec_freekick_conversion_rate_against_3;DOUBLE;DOUBLE;dec_home_freekick_conversion_rate_against_3
marts;mart_events;home_dec_freekick_danger_intensity_for_3;DOUBLE;DOUBLE;dec_home_freekick_danger_intensity_for_3
marts;mart_events;home_dec_freekick_danger_intensity_against_3;DOUBLE;DOUBLE;dec_home_freekick_danger_intensity_against_3
marts;mart_events;home_dec_freekick_header_share_for_3;DOUBLE;DOUBLE;dec_home_freekick_header_share_for_3
marts;mart_events;home_dec_freekick_header_share_against_3;DOUBLE;DOUBLE;dec_home_freekick_header_share_against_3
marts;mart_events;home_dec_freekick_header_goal_share_for_3;DOUBLE;DOUBLE;dec_home_freekick_header_goal_share_for_3
marts;mart_events;home_dec_freekick_header_goal_share_against_3;DOUBLE;DOUBLE;dec_home_freekick_header_goal_share_against_3
marts;mart_events;home_dec_freekick_forced_bad_clearance_rate_for_3;DOUBLE;DOUBLE;dec_home_freekick_forced_bad_clearance_rate_for_3
marts;mart_events;home_dec_freekick_clearance_fail_rate_against_3;DOUBLE;DOUBLE;dec_home_freekick_clearance_fail_rate_against_3
marts;mart_events;home_dec_freekick_headed_clearance_rate_against_3;DOUBLE;DOUBLE;dec_home_freekick_headed_clearance_rate_against_3
marts;mart_events;home_dec_freekick_direct_distance_avg_for_3;DOUBLE;DOUBLE;dec_home_freekick_direct_distance_avg_for_3
marts;mart_events;home_dec_freekick_direct_distance_avg_against_3;DOUBLE;DOUBLE;dec_home_freekick_direct_distance_avg_against_3
marts;mart_events;home_dec_freekick_direct_angle_avg_for_3;DOUBLE;DOUBLE;dec_home_freekick_direct_angle_avg_for_3
marts;mart_events;home_dec_freekick_direct_angle_avg_against_3;DOUBLE;DOUBLE;dec_home_freekick_direct_angle_avg_against_3
marts;mart_events;home_dec_freekick_zone_direct_rate_for_3;DOUBLE;DOUBLE;dec_home_freekick_zone_direct_rate_for_3
marts;mart_events;home_dec_freekick_zone_direct_rate_against_3;DOUBLE;DOUBLE;dec_home_freekick_zone_direct_rate_against_3
marts;mart_events;home_dec_freekick_zone_crossed_rate_for_3;DOUBLE;DOUBLE;dec_home_freekick_zone_crossed_rate_for_3
marts;mart_events;home_dec_freekick_zone_crossed_rate_against_3;DOUBLE;DOUBLE;dec_home_freekick_zone_crossed_rate_against_3
marts;mart_events;home_int_freekicks_for_5;HUGEINT;BIGINT;int_home_freekicks_for_5
marts;mart_events;home_dec_freekick_danger_rate_for_5;DOUBLE;DOUBLE;dec_home_freekick_danger_rate_for_5
marts;mart_events;home_dec_freekick_conversion_rate_for_5;DOUBLE;DOUBLE;dec_home_freekick_conversion_rate_for_5
marts;mart_events;home_int_freekicks_against_5;HUGEINT;BIGINT;int_home_freekicks_against_5
marts;mart_events;home_dec_freekick_danger_rate_against_5;DOUBLE;DOUBLE;dec_home_freekick_danger_rate_against_5
marts;mart_events;home_dec_freekick_conversion_rate_against_5;DOUBLE;DOUBLE;dec_home_freekick_conversion_rate_against_5
marts;mart_events;home_dec_freekick_danger_intensity_for_5;DOUBLE;DOUBLE;dec_home_freekick_danger_intensity_for_5
marts;mart_events;home_dec_freekick_danger_intensity_against_5;DOUBLE;DOUBLE;dec_home_freekick_danger_intensity_against_5
marts;mart_events;home_dec_freekick_header_share_for_5;DOUBLE;DOUBLE;dec_home_freekick_header_share_for_5
marts;mart_events;home_dec_freekick_header_share_against_5;DOUBLE;DOUBLE;dec_home_freekick_header_share_against_5
marts;mart_events;home_dec_freekick_header_goal_share_for_5;DOUBLE;DOUBLE;dec_home_freekick_header_goal_share_for_5
marts;mart_events;home_dec_freekick_header_goal_share_against_5;DOUBLE;DOUBLE;dec_home_freekick_header_goal_share_against_5
marts;mart_events;home_dec_freekick_forced_bad_clearance_rate_for_5;DOUBLE;DOUBLE;dec_home_freekick_forced_bad_clearance_rate_for_5
marts;mart_events;home_dec_freekick_clearance_fail_rate_against_5;DOUBLE;DOUBLE;dec_home_freekick_clearance_fail_rate_against_5
marts;mart_events;home_dec_freekick_headed_clearance_rate_against_5;DOUBLE;DOUBLE;dec_home_freekick_headed_clearance_rate_against_5
marts;mart_events;home_dec_freekick_direct_distance_avg_for_5;DOUBLE;DOUBLE;dec_home_freekick_direct_distance_avg_for_5
marts;mart_events;home_dec_freekick_direct_distance_avg_against_5;DOUBLE;DOUBLE;dec_home_freekick_direct_distance_avg_against_5
marts;mart_events;home_dec_freekick_direct_angle_avg_for_5;DOUBLE;DOUBLE;dec_home_freekick_direct_angle_avg_for_5
marts;mart_events;home_dec_freekick_direct_angle_avg_against_5;DOUBLE;DOUBLE;dec_home_freekick_direct_angle_avg_against_5
marts;mart_events;home_dec_freekick_zone_direct_rate_for_5;DOUBLE;DOUBLE;dec_home_freekick_zone_direct_rate_for_5
marts;mart_events;home_dec_freekick_zone_direct_rate_against_5;DOUBLE;DOUBLE;dec_home_freekick_zone_direct_rate_against_5
marts;mart_events;home_dec_freekick_zone_crossed_rate_for_5;DOUBLE;DOUBLE;dec_home_freekick_zone_crossed_rate_for_5
marts;mart_events;home_dec_freekick_zone_crossed_rate_against_5;DOUBLE;DOUBLE;dec_home_freekick_zone_crossed_rate_against_5
marts;mart_events;home_int_freekicks_for_10;HUGEINT;BIGINT;int_home_freekicks_for_10
marts;mart_events;home_dec_freekick_danger_rate_for_10;DOUBLE;DOUBLE;dec_home_freekick_danger_rate_for_10
marts;mart_events;home_dec_freekick_conversion_rate_for_10;DOUBLE;DOUBLE;dec_home_freekick_conversion_rate_for_10
marts;mart_events;home_int_freekicks_against_10;HUGEINT;BIGINT;int_home_freekicks_against_10
marts;mart_events;home_dec_freekick_danger_rate_against_10;DOUBLE;DOUBLE;dec_home_freekick_danger_rate_against_10
marts;mart_events;home_dec_freekick_conversion_rate_against_10;DOUBLE;DOUBLE;dec_home_freekick_conversion_rate_against_10
marts;mart_events;home_dec_freekick_danger_intensity_for_10;DOUBLE;DOUBLE;dec_home_freekick_danger_intensity_for_10
marts;mart_events;home_dec_freekick_danger_intensity_against_10;DOUBLE;DOUBLE;dec_home_freekick_danger_intensity_against_10
marts;mart_events;home_dec_freekick_header_share_for_10;DOUBLE;DOUBLE;dec_home_freekick_header_share_for_10
marts;mart_events;home_dec_freekick_header_share_against_10;DOUBLE;DOUBLE;dec_home_freekick_header_share_against_10
marts;mart_events;home_dec_freekick_header_goal_share_for_10;DOUBLE;DOUBLE;dec_home_freekick_header_goal_share_for_10
marts;mart_events;home_dec_freekick_header_goal_share_against_10;DOUBLE;DOUBLE;dec_home_freekick_header_goal_share_against_10
marts;mart_events;home_dec_freekick_forced_bad_clearance_rate_for_10;DOUBLE;DOUBLE;dec_home_freekick_forced_bad_clearance_rate_for_10
marts;mart_events;home_dec_freekick_clearance_fail_rate_against_10;DOUBLE;DOUBLE;dec_home_freekick_clearance_fail_rate_against_10
marts;mart_events;home_dec_freekick_headed_clearance_rate_against_10;DOUBLE;DOUBLE;dec_home_freekick_headed_clearance_rate_against_10
marts;mart_events;home_dec_freekick_direct_distance_avg_for_10;DOUBLE;DOUBLE;dec_home_freekick_direct_distance_avg_for_10
marts;mart_events;home_dec_freekick_direct_distance_avg_against_10;DOUBLE;DOUBLE;dec_home_freekick_direct_distance_avg_against_10
marts;mart_events;home_dec_freekick_direct_angle_avg_for_10;DOUBLE;DOUBLE;dec_home_freekick_direct_angle_avg_for_10
marts;mart_events;home_dec_freekick_direct_angle_avg_against_10;DOUBLE;DOUBLE;dec_home_freekick_direct_angle_avg_against_10
marts;mart_events;home_dec_freekick_zone_direct_rate_for_10;DOUBLE;DOUBLE;dec_home_freekick_zone_direct_rate_for_10
marts;mart_events;home_dec_freekick_zone_direct_rate_against_10;DOUBLE;DOUBLE;dec_home_freekick_zone_direct_rate_against_10
marts;mart_events;home_dec_freekick_zone_crossed_rate_for_10;DOUBLE;DOUBLE;dec_home_freekick_zone_crossed_rate_for_10
marts;mart_events;home_dec_freekick_zone_crossed_rate_against_10;DOUBLE;DOUBLE;dec_home_freekick_zone_crossed_rate_against_10
marts;mart_events;away_dec_yellow_cards_rolling_3;DOUBLE;DOUBLE;dec_away_yellow_cards_rolling_3
marts;mart_events;away_dec_yellow_cards_rolling_5;DOUBLE;DOUBLE;dec_away_yellow_cards_rolling_5
marts;mart_events;away_dec_yellow_cards_rolling_10;DOUBLE;DOUBLE;dec_away_yellow_cards_rolling_10
marts;mart_events;away_dec_fouls_committed_rolling_3;DOUBLE;DOUBLE;dec_away_fouls_committed_rolling_3
marts;mart_events;away_dec_fouls_committed_rolling_5;DOUBLE;DOUBLE;dec_away_fouls_committed_rolling_5
marts;mart_events;away_dec_fouls_committed_rolling_10;DOUBLE;DOUBLE;dec_away_fouls_committed_rolling_10
marts;mart_events;away_int_corners_for_3;HUGEINT;BIGINT;int_away_corners_for_3
marts;mart_events;away_dec_corner_danger_rate_for_3;DOUBLE;DOUBLE;dec_away_corner_danger_rate_for_3
marts;mart_events;away_dec_corner_conversion_rate_for_3;DOUBLE;DOUBLE;dec_away_corner_conversion_rate_for_3
marts;mart_events;away_int_corners_against_3;HUGEINT;BIGINT;int_away_corners_against_3
marts;mart_events;away_dec_corner_danger_rate_against_3;DOUBLE;DOUBLE;dec_away_corner_danger_rate_against_3
marts;mart_events;away_dec_corner_conversion_rate_against_3;DOUBLE;DOUBLE;dec_away_corner_conversion_rate_against_3
marts;mart_events;away_dec_corner_danger_intensity_for_3;DOUBLE;DOUBLE;dec_away_corner_danger_intensity_for_3
marts;mart_events;away_dec_corner_danger_intensity_against_3;DOUBLE;DOUBLE;dec_away_corner_danger_intensity_against_3
marts;mart_events;away_dec_corner_header_share_for_3;DOUBLE;DOUBLE;dec_away_corner_header_share_for_3
marts;mart_events;away_dec_corner_header_share_against_3;DOUBLE;DOUBLE;dec_away_corner_header_share_against_3
marts;mart_events;away_dec_corner_header_goal_share_for_3;DOUBLE;DOUBLE;dec_away_corner_header_goal_share_for_3
marts;mart_events;away_dec_corner_header_goal_share_against_3;DOUBLE;DOUBLE;dec_away_corner_header_goal_share_against_3
marts;mart_events;away_dec_corner_short_rate_for_3;DOUBLE;DOUBLE;dec_away_corner_short_rate_for_3
marts;mart_events;away_dec_corner_short_rate_against_3;DOUBLE;DOUBLE;dec_away_corner_short_rate_against_3
marts;mart_events;away_dec_corner_forced_bad_clearance_rate_for_3;DOUBLE;DOUBLE;dec_away_corner_forced_bad_clearance_rate_for_3
marts;mart_events;away_dec_corner_clearance_fail_rate_against_3;DOUBLE;DOUBLE;dec_away_corner_clearance_fail_rate_against_3
marts;mart_events;away_dec_corner_headed_clearance_rate_against_3;DOUBLE;DOUBLE;dec_away_corner_headed_clearance_rate_against_3
marts;mart_events;away_int_corners_for_5;HUGEINT;BIGINT;int_away_corners_for_5
marts;mart_events;away_dec_corner_danger_rate_for_5;DOUBLE;DOUBLE;dec_away_corner_danger_rate_for_5
marts;mart_events;away_dec_corner_conversion_rate_for_5;DOUBLE;DOUBLE;dec_away_corner_conversion_rate_for_5
marts;mart_events;away_int_corners_against_5;HUGEINT;BIGINT;int_away_corners_against_5
marts;mart_events;away_dec_corner_danger_rate_against_5;DOUBLE;DOUBLE;dec_away_corner_danger_rate_against_5
marts;mart_events;away_dec_corner_conversion_rate_against_5;DOUBLE;DOUBLE;dec_away_corner_conversion_rate_against_5
marts;mart_events;away_dec_corner_danger_intensity_for_5;DOUBLE;DOUBLE;dec_away_corner_danger_intensity_for_5
marts;mart_events;away_dec_corner_danger_intensity_against_5;DOUBLE;DOUBLE;dec_away_corner_danger_intensity_against_5
marts;mart_events;away_dec_corner_header_share_for_5;DOUBLE;DOUBLE;dec_away_corner_header_share_for_5
marts;mart_events;away_dec_corner_header_share_against_5;DOUBLE;DOUBLE;dec_away_corner_header_share_against_5
marts;mart_events;away_dec_corner_header_goal_share_for_5;DOUBLE;DOUBLE;dec_away_corner_header_goal_share_for_5
marts;mart_events;away_dec_corner_header_goal_share_against_5;DOUBLE;DOUBLE;dec_away_corner_header_goal_share_against_5
marts;mart_events;away_dec_corner_short_rate_for_5;DOUBLE;DOUBLE;dec_away_corner_short_rate_for_5
marts;mart_events;away_dec_corner_short_rate_against_5;DOUBLE;DOUBLE;dec_away_corner_short_rate_against_5
marts;mart_events;away_dec_corner_forced_bad_clearance_rate_for_5;DOUBLE;DOUBLE;dec_away_corner_forced_bad_clearance_rate_for_5
marts;mart_events;away_dec_corner_clearance_fail_rate_against_5;DOUBLE;DOUBLE;dec_away_corner_clearance_fail_rate_against_5
marts;mart_events;away_dec_corner_headed_clearance_rate_against_5;DOUBLE;DOUBLE;dec_away_corner_headed_clearance_rate_against_5
marts;mart_events;away_int_corners_for_10;HUGEINT;BIGINT;int_away_corners_for_10
marts;mart_events;away_dec_corner_danger_rate_for_10;DOUBLE;DOUBLE;dec_away_corner_danger_rate_for_10
marts;mart_events;away_dec_corner_conversion_rate_for_10;DOUBLE;DOUBLE;dec_away_corner_conversion_rate_for_10
marts;mart_events;away_int_corners_against_10;HUGEINT;BIGINT;int_away_corners_against_10
marts;mart_events;away_dec_corner_danger_rate_against_10;DOUBLE;DOUBLE;dec_away_corner_danger_rate_against_10
marts;mart_events;away_dec_corner_conversion_rate_against_10;DOUBLE;DOUBLE;dec_away_corner_conversion_rate_against_10
marts;mart_events;away_dec_corner_danger_intensity_for_10;DOUBLE;DOUBLE;dec_away_corner_danger_intensity_for_10
marts;mart_events;away_dec_corner_danger_intensity_against_10;DOUBLE;DOUBLE;dec_away_corner_danger_intensity_against_10
marts;mart_events;away_dec_corner_header_share_for_10;DOUBLE;DOUBLE;dec_away_corner_header_share_for_10
marts;mart_events;away_dec_corner_header_share_against_10;DOUBLE;DOUBLE;dec_away_corner_header_share_against_10
marts;mart_events;away_dec_corner_header_goal_share_for_10;DOUBLE;DOUBLE;dec_away_corner_header_goal_share_for_10
marts;mart_events;away_dec_corner_header_goal_share_against_10;DOUBLE;DOUBLE;dec_away_corner_header_goal_share_against_10
marts;mart_events;away_dec_corner_short_rate_for_10;DOUBLE;DOUBLE;dec_away_corner_short_rate_for_10
marts;mart_events;away_dec_corner_short_rate_against_10;DOUBLE;DOUBLE;dec_away_corner_short_rate_against_10
marts;mart_events;away_dec_corner_forced_bad_clearance_rate_for_10;DOUBLE;DOUBLE;dec_away_corner_forced_bad_clearance_rate_for_10
marts;mart_events;away_dec_corner_clearance_fail_rate_against_10;DOUBLE;DOUBLE;dec_away_corner_clearance_fail_rate_against_10
marts;mart_events;away_dec_corner_headed_clearance_rate_against_10;DOUBLE;DOUBLE;dec_away_corner_headed_clearance_rate_against_10
marts;mart_events;away_int_freekicks_for_3;HUGEINT;BIGINT;int_away_freekicks_for_3
marts;mart_events;away_dec_freekick_danger_rate_for_3;DOUBLE;DOUBLE;dec_away_freekick_danger_rate_for_3
marts;mart_events;away_dec_freekick_conversion_rate_for_3;DOUBLE;DOUBLE;dec_away_freekick_conversion_rate_for_3
marts;mart_events;away_int_freekicks_against_3;HUGEINT;BIGINT;int_away_freekicks_against_3
marts;mart_events;away_dec_freekick_danger_rate_against_3;DOUBLE;DOUBLE;dec_away_freekick_danger_rate_against_3
marts;mart_events;away_dec_freekick_conversion_rate_against_3;DOUBLE;DOUBLE;dec_away_freekick_conversion_rate_against_3
marts;mart_events;away_dec_freekick_danger_intensity_for_3;DOUBLE;DOUBLE;dec_away_freekick_danger_intensity_for_3
marts;mart_events;away_dec_freekick_danger_intensity_against_3;DOUBLE;DOUBLE;dec_away_freekick_danger_intensity_against_3
marts;mart_events;away_dec_freekick_header_share_for_3;DOUBLE;DOUBLE;dec_away_freekick_header_share_for_3
marts;mart_events;away_dec_freekick_header_share_against_3;DOUBLE;DOUBLE;dec_away_freekick_header_share_against_3
marts;mart_events;away_dec_freekick_header_goal_share_for_3;DOUBLE;DOUBLE;dec_away_freekick_header_goal_share_for_3
marts;mart_events;away_dec_freekick_header_goal_share_against_3;DOUBLE;DOUBLE;dec_away_freekick_header_goal_share_against_3
marts;mart_events;away_dec_freekick_forced_bad_clearance_rate_for_3;DOUBLE;DOUBLE;dec_away_freekick_forced_bad_clearance_rate_for_3
marts;mart_events;away_dec_freekick_clearance_fail_rate_against_3;DOUBLE;DOUBLE;dec_away_freekick_clearance_fail_rate_against_3
marts;mart_events;away_dec_freekick_headed_clearance_rate_against_3;DOUBLE;DOUBLE;dec_away_freekick_headed_clearance_rate_against_3
marts;mart_events;away_dec_freekick_direct_distance_avg_for_3;DOUBLE;DOUBLE;dec_away_freekick_direct_distance_avg_for_3
marts;mart_events;away_dec_freekick_direct_distance_avg_against_3;DOUBLE;DOUBLE;dec_away_freekick_direct_distance_avg_against_3
marts;mart_events;away_dec_freekick_direct_angle_avg_for_3;DOUBLE;DOUBLE;dec_away_freekick_direct_angle_avg_for_3
marts;mart_events;away_dec_freekick_direct_angle_avg_against_3;DOUBLE;DOUBLE;dec_away_freekick_direct_angle_avg_against_3
marts;mart_events;away_dec_freekick_zone_direct_rate_for_3;DOUBLE;DOUBLE;dec_away_freekick_zone_direct_rate_for_3
marts;mart_events;away_dec_freekick_zone_direct_rate_against_3;DOUBLE;DOUBLE;dec_away_freekick_zone_direct_rate_against_3
marts;mart_events;away_dec_freekick_zone_crossed_rate_for_3;DOUBLE;DOUBLE;dec_away_freekick_zone_crossed_rate_for_3
marts;mart_events;away_dec_freekick_zone_crossed_rate_against_3;DOUBLE;DOUBLE;dec_away_freekick_zone_crossed_rate_against_3
marts;mart_events;away_int_freekicks_for_5;HUGEINT;BIGINT;int_away_freekicks_for_5
marts;mart_events;away_dec_freekick_danger_rate_for_5;DOUBLE;DOUBLE;dec_away_freekick_danger_rate_for_5
marts;mart_events;away_dec_freekick_conversion_rate_for_5;DOUBLE;DOUBLE;dec_away_freekick_conversion_rate_for_5
marts;mart_events;away_int_freekicks_against_5;HUGEINT;BIGINT;int_away_freekicks_against_5
marts;mart_events;away_dec_freekick_danger_rate_against_5;DOUBLE;DOUBLE;dec_away_freekick_danger_rate_against_5
marts;mart_events;away_dec_freekick_conversion_rate_against_5;DOUBLE;DOUBLE;dec_away_freekick_conversion_rate_against_5
marts;mart_events;away_dec_freekick_danger_intensity_for_5;DOUBLE;DOUBLE;dec_away_freekick_danger_intensity_for_5
marts;mart_events;away_dec_freekick_danger_intensity_against_5;DOUBLE;DOUBLE;dec_away_freekick_danger_intensity_against_5
marts;mart_events;away_dec_freekick_header_share_for_5;DOUBLE;DOUBLE;dec_away_freekick_header_share_for_5
marts;mart_events;away_dec_freekick_header_share_against_5;DOUBLE;DOUBLE;dec_away_freekick_header_share_against_5
marts;mart_events;away_dec_freekick_header_goal_share_for_5;DOUBLE;DOUBLE;dec_away_freekick_header_goal_share_for_5
marts;mart_events;away_dec_freekick_header_goal_share_against_5;DOUBLE;DOUBLE;dec_away_freekick_header_goal_share_against_5
marts;mart_events;away_dec_freekick_forced_bad_clearance_rate_for_5;DOUBLE;DOUBLE;dec_away_freekick_forced_bad_clearance_rate_for_5
marts;mart_events;away_dec_freekick_clearance_fail_rate_against_5;DOUBLE;DOUBLE;dec_away_freekick_clearance_fail_rate_against_5
marts;mart_events;away_dec_freekick_headed_clearance_rate_against_5;DOUBLE;DOUBLE;dec_away_freekick_headed_clearance_rate_against_5
marts;mart_events;away_dec_freekick_direct_distance_avg_for_5;DOUBLE;DOUBLE;dec_away_freekick_direct_distance_avg_for_5
marts;mart_events;away_dec_freekick_direct_distance_avg_against_5;DOUBLE;DOUBLE;dec_away_freekick_direct_distance_avg_against_5
marts;mart_events;away_dec_freekick_direct_angle_avg_for_5;DOUBLE;DOUBLE;dec_away_freekick_direct_angle_avg_for_5
marts;mart_events;away_dec_freekick_direct_angle_avg_against_5;DOUBLE;DOUBLE;dec_away_freekick_direct_angle_avg_against_5
marts;mart_events;away_dec_freekick_zone_direct_rate_for_5;DOUBLE;DOUBLE;dec_away_freekick_zone_direct_rate_for_5
marts;mart_events;away_dec_freekick_zone_direct_rate_against_5;DOUBLE;DOUBLE;dec_away_freekick_zone_direct_rate_against_5
marts;mart_events;away_dec_freekick_zone_crossed_rate_for_5;DOUBLE;DOUBLE;dec_away_freekick_zone_crossed_rate_for_5
marts;mart_events;away_dec_freekick_zone_crossed_rate_against_5;DOUBLE;DOUBLE;dec_away_freekick_zone_crossed_rate_against_5
marts;mart_events;away_int_freekicks_for_10;HUGEINT;BIGINT;int_away_freekicks_for_10
marts;mart_events;away_dec_freekick_danger_rate_for_10;DOUBLE;DOUBLE;dec_away_freekick_danger_rate_for_10
marts;mart_events;away_dec_freekick_conversion_rate_for_10;DOUBLE;DOUBLE;dec_away_freekick_conversion_rate_for_10
marts;mart_events;away_int_freekicks_against_10;HUGEINT;BIGINT;int_away_freekicks_against_10
marts;mart_events;away_dec_freekick_danger_rate_against_10;DOUBLE;DOUBLE;dec_away_freekick_danger_rate_against_10
marts;mart_events;away_dec_freekick_conversion_rate_against_10;DOUBLE;DOUBLE;dec_away_freekick_conversion_rate_against_10
marts;mart_events;away_dec_freekick_danger_intensity_for_10;DOUBLE;DOUBLE;dec_away_freekick_danger_intensity_for_10
marts;mart_events;away_dec_freekick_danger_intensity_against_10;DOUBLE;DOUBLE;dec_away_freekick_danger_intensity_against_10
marts;mart_events;away_dec_freekick_header_share_for_10;DOUBLE;DOUBLE;dec_away_freekick_header_share_for_10
marts;mart_events;away_dec_freekick_header_share_against_10;DOUBLE;DOUBLE;dec_away_freekick_header_share_against_10
marts;mart_events;away_dec_freekick_header_goal_share_for_10;DOUBLE;DOUBLE;dec_away_freekick_header_goal_share_for_10
marts;mart_events;away_dec_freekick_header_goal_share_against_10;DOUBLE;DOUBLE;dec_away_freekick_header_goal_share_against_10
marts;mart_events;away_dec_freekick_forced_bad_clearance_rate_for_10;DOUBLE;DOUBLE;dec_away_freekick_forced_bad_clearance_rate_for_10
marts;mart_events;away_dec_freekick_clearance_fail_rate_against_10;DOUBLE;DOUBLE;dec_away_freekick_clearance_fail_rate_against_10
marts;mart_events;away_dec_freekick_headed_clearance_rate_against_10;DOUBLE;DOUBLE;dec_away_freekick_headed_clearance_rate_against_10
marts;mart_events;away_dec_freekick_direct_distance_avg_for_10;DOUBLE;DOUBLE;dec_away_freekick_direct_distance_avg_for_10
marts;mart_events;away_dec_freekick_direct_distance_avg_against_10;DOUBLE;DOUBLE;dec_away_freekick_direct_distance_avg_against_10
marts;mart_events;away_dec_freekick_direct_angle_avg_for_10;DOUBLE;DOUBLE;dec_away_freekick_direct_angle_avg_for_10
marts;mart_events;away_dec_freekick_direct_angle_avg_against_10;DOUBLE;DOUBLE;dec_away_freekick_direct_angle_avg_against_10
marts;mart_events;away_dec_freekick_zone_direct_rate_for_10;DOUBLE;DOUBLE;dec_away_freekick_zone_direct_rate_for_10
marts;mart_events;away_dec_freekick_zone_direct_rate_against_10;DOUBLE;DOUBLE;dec_away_freekick_zone_direct_rate_against_10
marts;mart_events;away_dec_freekick_zone_crossed_rate_for_10;DOUBLE;DOUBLE;dec_away_freekick_zone_crossed_rate_for_10
marts;mart_events;away_dec_freekick_zone_crossed_rate_against_10;DOUBLE;DOUBLE;dec_away_freekick_zone_crossed_rate_against_10
marts;mart_events;int_total_cards;HUGEINT;BIGINT;int_total_cards
marts;mart_events;dec_total_corners;DOUBLE;INTEGER;int_total_corners
marts;mart_goals;str_match_id;VARCHAR;VARCHAR;str_match_id
marts;mart_goals;str_team_id;VARCHAR;VARCHAR;str_team_id
marts;mart_goals;opponent_id;BIGINT;VARCHAR;str_opponent_id
marts;mart_goals;date;DATE;DATE;dt_date
marts;mart_goals;season;VARCHAR;VARCHAR;str_season
marts;mart_goals;dec_odds_pinnacle_team;DOUBLE;DOUBLE;dec_odds_pinnacle_team
marts;mart_goals;dec_odds_pinnacle_draw;DOUBLE;DOUBLE;dec_odds_pinnacle_draw
marts;mart_goals;dec_odds_pinnacle_opp;DOUBLE;DOUBLE;dec_odds_pinnacle_opp
marts;mart_goals;dec_odds_avg_team;DOUBLE;DOUBLE;dec_odds_avg_team
marts;mart_goals;dec_odds_avg_draw;DOUBLE;DOUBLE;dec_odds_avg_draw
marts;mart_goals;dec_odds_avg_opp;DOUBLE;DOUBLE;dec_odds_avg_opp
marts;mart_goals;dec_pinnacle_prob_team;DOUBLE;DOUBLE;dec_pinnacle_prob_team
marts;mart_goals;dec_pinnacle_prob_draw;DOUBLE;DOUBLE;dec_pinnacle_prob_draw
marts;mart_goals;dec_pinnacle_prob_opp;DOUBLE;DOUBLE;dec_pinnacle_prob_opp
marts;mart_goals;dec_market_prob_team;DOUBLE;DOUBLE;dec_market_prob_team
marts;mart_goals;dec_market_prob_draw;DOUBLE;DOUBLE;dec_market_prob_draw
marts;mart_goals;dec_market_prob_opp;DOUBLE;DOUBLE;dec_market_prob_opp
marts;mart_goals;pinnacle_edge;DOUBLE;DOUBLE;dec_pinnacle_edge
marts;mart_goals;dec_pinnacle_prob_close_team;DOUBLE;DOUBLE;dec_pinnacle_prob_close_team
marts;mart_goals;dec_pinnacle_prob_close_draw;DOUBLE;DOUBLE;dec_pinnacle_prob_close_draw
marts;mart_goals;dec_pinnacle_prob_close_opp;DOUBLE;DOUBLE;dec_pinnacle_prob_close_opp
marts;mart_goals;dec_market_prob_close_team;DOUBLE;DOUBLE;dec_market_prob_close_team
marts;mart_goals;dec_market_prob_close_draw;DOUBLE;DOUBLE;dec_market_prob_close_draw
marts;mart_goals;dec_market_prob_close_opp;DOUBLE;DOUBLE;dec_market_prob_close_opp
marts;mart_goals;pinnacle_close_edge;DOUBLE;DOUBLE;dec_pinnacle_close_edge
marts;mart_goals;dec_pinnacle_drift_team;DOUBLE;DOUBLE;dec_pinnacle_drift_team
marts;mart_goals;dec_pinnacle_drift_draw;DOUBLE;DOUBLE;dec_pinnacle_drift_draw
marts;mart_goals;dec_pinnacle_drift_opp;DOUBLE;DOUBLE;dec_pinnacle_drift_opp
marts;mart_goals;dec_pinnacle_prob_over25;DOUBLE;DOUBLE;dec_pinnacle_prob_over25
marts;mart_goals;dec_pinnacle_prob_under25;DOUBLE;DOUBLE;dec_pinnacle_prob_under25
marts;mart_goals;dec_pinnacle_prob_close_over25;DOUBLE;DOUBLE;dec_pinnacle_prob_close_over25
marts;mart_goals;dec_pinnacle_prob_close_under25;DOUBLE;DOUBLE;dec_pinnacle_prob_close_under25
marts;mart_goals;comp_category;VARCHAR;VARCHAR;str_comp_category
marts;mart_goals;int_is_home;INTEGER;INTEGER;int_is_home
marts;mart_goals;int_days_since_last_game;BIGINT;BIGINT;int_days_since_last_game
marts;mart_goals;dec_avg_gf_rolling_3;DOUBLE;DOUBLE;dec_avg_gf_rolling_3
marts;mart_goals;dec_avg_ga_rolling_3;DOUBLE;DOUBLE;dec_avg_ga_rolling_3
marts;mart_goals;dec_avg_np_xg_rolling_3;DOUBLE;DOUBLE;dec_avg_np_xg_rolling_3
marts;mart_goals;dec_avg_np_xg_conceded_rolling_3;DOUBLE;DOUBLE;dec_avg_np_xg_conceded_rolling_3
marts;mart_goals;dec_avg_np_xg_diff_rolling_3;DOUBLE;DOUBLE;dec_avg_np_xg_diff_rolling_3
marts;mart_goals;dec_points_rolling_3;DOUBLE;DOUBLE;dec_points_rolling_3
marts;mart_goals;dec_win_rate_rolling_3;DOUBLE;DOUBLE;dec_win_rate_rolling_3
marts;mart_goals;dec_draw_rate_rolling_3;DOUBLE;DOUBLE;dec_draw_rate_rolling_3
marts;mart_goals;dec_loss_rate_rolling_3;DOUBLE;DOUBLE;dec_loss_rate_rolling_3
marts;mart_goals;dec_clean_sheet_rate_rolling_3;DOUBLE;DOUBLE;dec_clean_sheet_rate_rolling_3
marts;mart_goals;dec_failed_to_score_rate_rolling_3;DOUBLE;DOUBLE;dec_failed_to_score_rate_rolling_3
marts;mart_goals;dec_shots_rolling_3;DOUBLE;DOUBLE;dec_shots_rolling_3
marts;mart_goals;dec_shots_ot_rolling_3;DOUBLE;DOUBLE;dec_shots_ot_rolling_3
marts;mart_goals;dec_ppda_rolling_3;DOUBLE;DOUBLE;dec_ppda_rolling_3
marts;mart_goals;dec_ppda_allowed_rolling_3;DOUBLE;DOUBLE;dec_ppda_allowed_rolling_3
marts;mart_goals;dec_field_tilt_rolling_3;DOUBLE;DOUBLE;dec_field_tilt_rolling_3
marts;mart_goals;dec_counter_attack_dna_rolling_3;DOUBLE;DOUBLE;dec_counter_attack_dna_rolling_3
marts;mart_goals;dec_attack_left_pct_rolling_3;DOUBLE;DOUBLE;dec_attack_left_pct_rolling_3
marts;mart_goals;dec_attack_center_pct_rolling_3;DOUBLE;DOUBLE;dec_attack_center_pct_rolling_3
marts;mart_goals;dec_attack_right_pct_rolling_3;DOUBLE;DOUBLE;dec_attack_right_pct_rolling_3
marts;mart_goals;dec_def_exposed_left_pct_rolling_3;DOUBLE;DOUBLE;dec_def_exposed_left_pct_rolling_3
marts;mart_goals;dec_def_exposed_center_pct_rolling_3;DOUBLE;DOUBLE;dec_def_exposed_center_pct_rolling_3
marts;mart_goals;dec_def_exposed_right_pct_rolling_3;DOUBLE;DOUBLE;dec_def_exposed_right_pct_rolling_3
marts;mart_goals;dec_cross_rate_rolling_3;DOUBLE;DOUBLE;dec_cross_rate_rolling_3
marts;mart_goals;dec_through_ball_rate_rolling_3;DOUBLE;DOUBLE;dec_through_ball_rate_rolling_3
marts;mart_goals;dec_long_ball_rate_rolling_3;DOUBLE;DOUBLE;dec_long_ball_rate_rolling_3
marts;mart_goals;dec_shot_six_yard_pct_rolling_3;DOUBLE;DOUBLE;dec_shot_six_yard_pct_rolling_3
marts;mart_goals;dec_shot_open_play_pct_rolling_3;DOUBLE;DOUBLE;dec_shot_open_play_pct_rolling_3
marts;mart_goals;dec_shot_set_piece_pct_rolling_3;DOUBLE;DOUBLE;dec_shot_set_piece_pct_rolling_3
marts;mart_goals;dec_set_piece_reliance_rolling_3;DOUBLE;DOUBLE;dec_set_piece_reliance_rolling_3
marts;mart_goals;dec_defensive_line_height_rolling_3;DOUBLE;DOUBLE;dec_defensive_line_height_rolling_3
marts;mart_goals;dec_yellow_cards_rolling_3;DOUBLE;DOUBLE;dec_yellow_cards_rolling_3
marts;mart_goals;dec_fouls_committed_rolling_3;DOUBLE;DOUBLE;dec_fouls_committed_rolling_3
marts;mart_goals;dec_fouls_drawn_rolling_3;DOUBLE;DOUBLE;dec_fouls_drawn_rolling_3
marts;mart_goals;dec_corners_for_rolling_3;DOUBLE;DOUBLE;dec_corners_for_rolling_3
marts;mart_goals;dec_corners_against_rolling_3;DOUBLE;DOUBLE;dec_corners_against_rolling_3
marts;mart_goals;dec_shots_blocked_rolling_3;DOUBLE;DOUBLE;dec_shots_blocked_rolling_3
marts;mart_goals;dec_avg_gf_rolling_5;DOUBLE;DOUBLE;dec_avg_gf_rolling_5
marts;mart_goals;dec_avg_ga_rolling_5;DOUBLE;DOUBLE;dec_avg_ga_rolling_5
marts;mart_goals;dec_avg_np_xg_rolling_5;DOUBLE;DOUBLE;dec_avg_np_xg_rolling_5
marts;mart_goals;dec_avg_np_xg_conceded_rolling_5;DOUBLE;DOUBLE;dec_avg_np_xg_conceded_rolling_5
marts;mart_goals;dec_avg_np_xg_diff_rolling_5;DOUBLE;DOUBLE;dec_avg_np_xg_diff_rolling_5
marts;mart_goals;dec_points_rolling_5;DOUBLE;DOUBLE;dec_points_rolling_5
marts;mart_goals;dec_win_rate_rolling_5;DOUBLE;DOUBLE;dec_win_rate_rolling_5
marts;mart_goals;dec_draw_rate_rolling_5;DOUBLE;DOUBLE;dec_draw_rate_rolling_5
marts;mart_goals;dec_loss_rate_rolling_5;DOUBLE;DOUBLE;dec_loss_rate_rolling_5
marts;mart_goals;dec_clean_sheet_rate_rolling_5;DOUBLE;DOUBLE;dec_clean_sheet_rate_rolling_5
marts;mart_goals;dec_failed_to_score_rate_rolling_5;DOUBLE;DOUBLE;dec_failed_to_score_rate_rolling_5
marts;mart_goals;dec_shots_rolling_5;DOUBLE;DOUBLE;dec_shots_rolling_5
marts;mart_goals;dec_shots_ot_rolling_5;DOUBLE;DOUBLE;dec_shots_ot_rolling_5
marts;mart_goals;dec_ppda_rolling_5;DOUBLE;DOUBLE;dec_ppda_rolling_5
marts;mart_goals;dec_ppda_allowed_rolling_5;DOUBLE;DOUBLE;dec_ppda_allowed_rolling_5
marts;mart_goals;dec_field_tilt_rolling_5;DOUBLE;DOUBLE;dec_field_tilt_rolling_5
marts;mart_goals;dec_counter_attack_dna_rolling_5;DOUBLE;DOUBLE;dec_counter_attack_dna_rolling_5
marts;mart_goals;dec_attack_left_pct_rolling_5;DOUBLE;DOUBLE;dec_attack_left_pct_rolling_5
marts;mart_goals;dec_attack_center_pct_rolling_5;DOUBLE;DOUBLE;dec_attack_center_pct_rolling_5
marts;mart_goals;dec_attack_right_pct_rolling_5;DOUBLE;DOUBLE;dec_attack_right_pct_rolling_5
marts;mart_goals;dec_def_exposed_left_pct_rolling_5;DOUBLE;DOUBLE;dec_def_exposed_left_pct_rolling_5
marts;mart_goals;dec_def_exposed_center_pct_rolling_5;DOUBLE;DOUBLE;dec_def_exposed_center_pct_rolling_5
marts;mart_goals;dec_def_exposed_right_pct_rolling_5;DOUBLE;DOUBLE;dec_def_exposed_right_pct_rolling_5
marts;mart_goals;dec_cross_rate_rolling_5;DOUBLE;DOUBLE;dec_cross_rate_rolling_5
marts;mart_goals;dec_through_ball_rate_rolling_5;DOUBLE;DOUBLE;dec_through_ball_rate_rolling_5
marts;mart_goals;dec_long_ball_rate_rolling_5;DOUBLE;DOUBLE;dec_long_ball_rate_rolling_5
marts;mart_goals;dec_shot_six_yard_pct_rolling_5;DOUBLE;DOUBLE;dec_shot_six_yard_pct_rolling_5
marts;mart_goals;dec_shot_open_play_pct_rolling_5;DOUBLE;DOUBLE;dec_shot_open_play_pct_rolling_5
marts;mart_goals;dec_shot_set_piece_pct_rolling_5;DOUBLE;DOUBLE;dec_shot_set_piece_pct_rolling_5
marts;mart_goals;dec_set_piece_reliance_rolling_5;DOUBLE;DOUBLE;dec_set_piece_reliance_rolling_5
marts;mart_goals;dec_defensive_line_height_rolling_5;DOUBLE;DOUBLE;dec_defensive_line_height_rolling_5
marts;mart_goals;dec_yellow_cards_rolling_5;DOUBLE;DOUBLE;dec_yellow_cards_rolling_5
marts;mart_goals;dec_fouls_committed_rolling_5;DOUBLE;DOUBLE;dec_fouls_committed_rolling_5
marts;mart_goals;dec_fouls_drawn_rolling_5;DOUBLE;DOUBLE;dec_fouls_drawn_rolling_5
marts;mart_goals;dec_corners_for_rolling_5;DOUBLE;DOUBLE;dec_corners_for_rolling_5
marts;mart_goals;dec_corners_against_rolling_5;DOUBLE;DOUBLE;dec_corners_against_rolling_5
marts;mart_goals;dec_shots_blocked_rolling_5;DOUBLE;DOUBLE;dec_shots_blocked_rolling_5
marts;mart_goals;dec_avg_gf_rolling_10;DOUBLE;DOUBLE;dec_avg_gf_rolling_10
marts;mart_goals;dec_avg_ga_rolling_10;DOUBLE;DOUBLE;dec_avg_ga_rolling_10
marts;mart_goals;dec_avg_np_xg_rolling_10;DOUBLE;DOUBLE;dec_avg_np_xg_rolling_10
marts;mart_goals;dec_avg_np_xg_conceded_rolling_10;DOUBLE;DOUBLE;dec_avg_np_xg_conceded_rolling_10
marts;mart_goals;dec_avg_np_xg_diff_rolling_10;DOUBLE;DOUBLE;dec_avg_np_xg_diff_rolling_10
marts;mart_goals;dec_points_rolling_10;DOUBLE;DOUBLE;dec_points_rolling_10
marts;mart_goals;dec_win_rate_rolling_10;DOUBLE;DOUBLE;dec_win_rate_rolling_10
marts;mart_goals;dec_draw_rate_rolling_10;DOUBLE;DOUBLE;dec_draw_rate_rolling_10
marts;mart_goals;dec_loss_rate_rolling_10;DOUBLE;DOUBLE;dec_loss_rate_rolling_10
marts;mart_goals;dec_clean_sheet_rate_rolling_10;DOUBLE;DOUBLE;dec_clean_sheet_rate_rolling_10
marts;mart_goals;dec_failed_to_score_rate_rolling_10;DOUBLE;DOUBLE;dec_failed_to_score_rate_rolling_10
marts;mart_goals;dec_shots_rolling_10;DOUBLE;DOUBLE;dec_shots_rolling_10
marts;mart_goals;dec_shots_ot_rolling_10;DOUBLE;DOUBLE;dec_shots_ot_rolling_10
marts;mart_goals;dec_ppda_rolling_10;DOUBLE;DOUBLE;dec_ppda_rolling_10
marts;mart_goals;dec_ppda_allowed_rolling_10;DOUBLE;DOUBLE;dec_ppda_allowed_rolling_10
marts;mart_goals;dec_field_tilt_rolling_10;DOUBLE;DOUBLE;dec_field_tilt_rolling_10
marts;mart_goals;dec_counter_attack_dna_rolling_10;DOUBLE;DOUBLE;dec_counter_attack_dna_rolling_10
marts;mart_goals;dec_attack_left_pct_rolling_10;DOUBLE;DOUBLE;dec_attack_left_pct_rolling_10
marts;mart_goals;dec_attack_center_pct_rolling_10;DOUBLE;DOUBLE;dec_attack_center_pct_rolling_10
marts;mart_goals;dec_attack_right_pct_rolling_10;DOUBLE;DOUBLE;dec_attack_right_pct_rolling_10
marts;mart_goals;dec_def_exposed_left_pct_rolling_10;DOUBLE;DOUBLE;dec_def_exposed_left_pct_rolling_10
marts;mart_goals;dec_def_exposed_center_pct_rolling_10;DOUBLE;DOUBLE;dec_def_exposed_center_pct_rolling_10
marts;mart_goals;dec_def_exposed_right_pct_rolling_10;DOUBLE;DOUBLE;dec_def_exposed_right_pct_rolling_10
marts;mart_goals;dec_cross_rate_rolling_10;DOUBLE;DOUBLE;dec_cross_rate_rolling_10
marts;mart_goals;dec_through_ball_rate_rolling_10;DOUBLE;DOUBLE;dec_through_ball_rate_rolling_10
marts;mart_goals;dec_long_ball_rate_rolling_10;DOUBLE;DOUBLE;dec_long_ball_rate_rolling_10
marts;mart_goals;dec_shot_six_yard_pct_rolling_10;DOUBLE;DOUBLE;dec_shot_six_yard_pct_rolling_10
marts;mart_goals;dec_shot_open_play_pct_rolling_10;DOUBLE;DOUBLE;dec_shot_open_play_pct_rolling_10
marts;mart_goals;dec_shot_set_piece_pct_rolling_10;DOUBLE;DOUBLE;dec_shot_set_piece_pct_rolling_10
marts;mart_goals;dec_set_piece_reliance_rolling_10;DOUBLE;DOUBLE;dec_set_piece_reliance_rolling_10
marts;mart_goals;dec_defensive_line_height_rolling_10;DOUBLE;DOUBLE;dec_defensive_line_height_rolling_10
marts;mart_goals;dec_yellow_cards_rolling_10;DOUBLE;DOUBLE;dec_yellow_cards_rolling_10
marts;mart_goals;dec_fouls_committed_rolling_10;DOUBLE;DOUBLE;dec_fouls_committed_rolling_10
marts;mart_goals;dec_fouls_drawn_rolling_10;DOUBLE;DOUBLE;dec_fouls_drawn_rolling_10
marts;mart_goals;dec_corners_for_rolling_10;DOUBLE;DOUBLE;dec_corners_for_rolling_10
marts;mart_goals;dec_corners_against_rolling_10;DOUBLE;DOUBLE;dec_corners_against_rolling_10
marts;mart_goals;dec_shots_blocked_rolling_10;DOUBLE;DOUBLE;dec_shots_blocked_rolling_10
marts;mart_goals;dec_season_xg_per_shot_for_lag;DOUBLE;DOUBLE;dec_season_xg_per_shot_for_lag
marts;mart_goals;dec_season_xg_per_shot_against_lag;DOUBLE;DOUBLE;dec_season_xg_per_shot_against_lag
marts;mart_goals;lineup_sum_xg_per90_lag;DOUBLE;DOUBLE;dec_lineup_sum_xg_per90_lag
marts;mart_goals;lineup_avg_shots_per90_lag;DOUBLE;DOUBLE;dec_lineup_avg_shots_per90_lag
marts;mart_goals;lineup_avg_def_actions_per90_lag;DOUBLE;DOUBLE;dec_lineup_avg_def_actions_per90_lag
marts;mart_goals;lineup_avg_aerial_win_rate_lag;DOUBLE;DOUBLE;dec_lineup_avg_aerial_win_rate_lag
marts;mart_goals;n_starters_profiled;BIGINT;BIGINT;int_n_starters_profiled
marts;mart_goals;formation_family;VARCHAR;VARCHAR;str_formation_family
marts;mart_goals;n_gk;BIGINT;BIGINT;int_n_gk
marts;mart_goals;n_def;BIGINT;BIGINT;int_n_def
marts;mart_goals;n_mid;BIGINT;BIGINT;int_n_mid
marts;mart_goals;n_att;BIGINT;BIGINT;int_n_att
marts;mart_goals;n_wingers;BIGINT;BIGINT;int_n_wingers
marts;mart_goals;n_central_att;BIGINT;BIGINT;int_n_central_att
marts;mart_goals;bloc_width;DOUBLE;DOUBLE;dec_bloc_width
marts;mart_goals;bloc_depth;DOUBLE;DOUBLE;dec_bloc_depth
marts;mart_goals;line_defensive_avg;DOUBLE;DOUBLE;dec_line_defensive_avg
marts;mart_goals;line_offensive_avg;DOUBLE;DOUBLE;dec_line_offensive_avg
marts;mart_goals;axiality_score;DOUBLE;DOUBLE;dec_axiality_score
marts;mart_goals;opp_int_days_since_last_game;BIGINT;BIGINT;int_opp_days_since_last_game
marts;mart_goals;opp_dec_avg_gf_rolling_3;DOUBLE;DOUBLE;dec_opp_avg_gf_rolling_3
marts;mart_goals;opp_dec_avg_ga_rolling_3;DOUBLE;DOUBLE;dec_opp_avg_ga_rolling_3
marts;mart_goals;opp_dec_avg_np_xg_rolling_3;DOUBLE;DOUBLE;dec_opp_avg_np_xg_rolling_3
marts;mart_goals;opp_dec_avg_np_xg_conceded_rolling_3;DOUBLE;DOUBLE;dec_opp_avg_np_xg_conceded_rolling_3
marts;mart_goals;opp_dec_avg_np_xg_diff_rolling_3;DOUBLE;DOUBLE;dec_opp_avg_np_xg_diff_rolling_3
marts;mart_goals;opp_dec_points_rolling_3;DOUBLE;DOUBLE;dec_opp_points_rolling_3
marts;mart_goals;opp_dec_win_rate_rolling_3;DOUBLE;DOUBLE;dec_opp_win_rate_rolling_3
marts;mart_goals;opp_dec_draw_rate_rolling_3;DOUBLE;DOUBLE;dec_opp_draw_rate_rolling_3
marts;mart_goals;opp_dec_loss_rate_rolling_3;DOUBLE;DOUBLE;dec_opp_loss_rate_rolling_3
marts;mart_goals;opp_dec_clean_sheet_rate_rolling_3;DOUBLE;DOUBLE;dec_opp_clean_sheet_rate_rolling_3
marts;mart_goals;opp_dec_failed_to_score_rate_rolling_3;DOUBLE;DOUBLE;dec_opp_failed_to_score_rate_rolling_3
marts;mart_goals;opp_dec_shots_rolling_3;DOUBLE;DOUBLE;dec_opp_shots_rolling_3
marts;mart_goals;opp_dec_shots_ot_rolling_3;DOUBLE;DOUBLE;dec_opp_shots_ot_rolling_3
marts;mart_goals;opp_dec_ppda_rolling_3;DOUBLE;DOUBLE;dec_opp_ppda_rolling_3
marts;mart_goals;opp_dec_ppda_allowed_rolling_3;DOUBLE;DOUBLE;dec_opp_ppda_allowed_rolling_3
marts;mart_goals;opp_dec_field_tilt_rolling_3;DOUBLE;DOUBLE;dec_opp_field_tilt_rolling_3
marts;mart_goals;opp_dec_counter_attack_dna_rolling_3;DOUBLE;DOUBLE;dec_opp_counter_attack_dna_rolling_3
marts;mart_goals;opp_dec_attack_left_pct_rolling_3;DOUBLE;DOUBLE;dec_opp_attack_left_pct_rolling_3
marts;mart_goals;opp_dec_attack_center_pct_rolling_3;DOUBLE;DOUBLE;dec_opp_attack_center_pct_rolling_3
marts;mart_goals;opp_dec_attack_right_pct_rolling_3;DOUBLE;DOUBLE;dec_opp_attack_right_pct_rolling_3
marts;mart_goals;opp_dec_def_exposed_left_pct_rolling_3;DOUBLE;DOUBLE;dec_opp_def_exposed_left_pct_rolling_3
marts;mart_goals;opp_dec_def_exposed_center_pct_rolling_3;DOUBLE;DOUBLE;dec_opp_def_exposed_center_pct_rolling_3
marts;mart_goals;opp_dec_def_exposed_right_pct_rolling_3;DOUBLE;DOUBLE;dec_opp_def_exposed_right_pct_rolling_3
marts;mart_goals;opp_dec_cross_rate_rolling_3;DOUBLE;DOUBLE;dec_opp_cross_rate_rolling_3
marts;mart_goals;opp_dec_through_ball_rate_rolling_3;DOUBLE;DOUBLE;dec_opp_through_ball_rate_rolling_3
marts;mart_goals;opp_dec_long_ball_rate_rolling_3;DOUBLE;DOUBLE;dec_opp_long_ball_rate_rolling_3
marts;mart_goals;opp_dec_shot_six_yard_pct_rolling_3;DOUBLE;DOUBLE;dec_opp_shot_six_yard_pct_rolling_3
marts;mart_goals;opp_dec_shot_open_play_pct_rolling_3;DOUBLE;DOUBLE;dec_opp_shot_open_play_pct_rolling_3
marts;mart_goals;opp_dec_shot_set_piece_pct_rolling_3;DOUBLE;DOUBLE;dec_opp_shot_set_piece_pct_rolling_3
marts;mart_goals;opp_dec_set_piece_reliance_rolling_3;DOUBLE;DOUBLE;dec_opp_set_piece_reliance_rolling_3
marts;mart_goals;opp_dec_defensive_line_height_rolling_3;DOUBLE;DOUBLE;dec_opp_defensive_line_height_rolling_3
marts;mart_goals;opp_dec_yellow_cards_rolling_3;DOUBLE;DOUBLE;dec_opp_yellow_cards_rolling_3
marts;mart_goals;opp_dec_fouls_committed_rolling_3;DOUBLE;DOUBLE;dec_opp_fouls_committed_rolling_3
marts;mart_goals;opp_dec_fouls_drawn_rolling_3;DOUBLE;DOUBLE;dec_opp_fouls_drawn_rolling_3
marts;mart_goals;opp_dec_corners_for_rolling_3;DOUBLE;DOUBLE;dec_opp_corners_for_rolling_3
marts;mart_goals;opp_dec_corners_against_rolling_3;DOUBLE;DOUBLE;dec_opp_corners_against_rolling_3
marts;mart_goals;opp_dec_shots_blocked_rolling_3;DOUBLE;DOUBLE;dec_opp_shots_blocked_rolling_3
marts;mart_goals;opp_dec_avg_gf_rolling_5;DOUBLE;DOUBLE;dec_opp_avg_gf_rolling_5
marts;mart_goals;opp_dec_avg_ga_rolling_5;DOUBLE;DOUBLE;dec_opp_avg_ga_rolling_5
marts;mart_goals;opp_dec_avg_np_xg_rolling_5;DOUBLE;DOUBLE;dec_opp_avg_np_xg_rolling_5
marts;mart_goals;opp_dec_avg_np_xg_conceded_rolling_5;DOUBLE;DOUBLE;dec_opp_avg_np_xg_conceded_rolling_5
marts;mart_goals;opp_dec_avg_np_xg_diff_rolling_5;DOUBLE;DOUBLE;dec_opp_avg_np_xg_diff_rolling_5
marts;mart_goals;opp_dec_points_rolling_5;DOUBLE;DOUBLE;dec_opp_points_rolling_5
marts;mart_goals;opp_dec_win_rate_rolling_5;DOUBLE;DOUBLE;dec_opp_win_rate_rolling_5
marts;mart_goals;opp_dec_draw_rate_rolling_5;DOUBLE;DOUBLE;dec_opp_draw_rate_rolling_5
marts;mart_goals;opp_dec_loss_rate_rolling_5;DOUBLE;DOUBLE;dec_opp_loss_rate_rolling_5
marts;mart_goals;opp_dec_clean_sheet_rate_rolling_5;DOUBLE;DOUBLE;dec_opp_clean_sheet_rate_rolling_5
marts;mart_goals;opp_dec_failed_to_score_rate_rolling_5;DOUBLE;DOUBLE;dec_opp_failed_to_score_rate_rolling_5
marts;mart_goals;opp_dec_shots_rolling_5;DOUBLE;DOUBLE;dec_opp_shots_rolling_5
marts;mart_goals;opp_dec_shots_ot_rolling_5;DOUBLE;DOUBLE;dec_opp_shots_ot_rolling_5
marts;mart_goals;opp_dec_ppda_rolling_5;DOUBLE;DOUBLE;dec_opp_ppda_rolling_5
marts;mart_goals;opp_dec_ppda_allowed_rolling_5;DOUBLE;DOUBLE;dec_opp_ppda_allowed_rolling_5
marts;mart_goals;opp_dec_field_tilt_rolling_5;DOUBLE;DOUBLE;dec_opp_field_tilt_rolling_5
marts;mart_goals;opp_dec_counter_attack_dna_rolling_5;DOUBLE;DOUBLE;dec_opp_counter_attack_dna_rolling_5
marts;mart_goals;opp_dec_attack_left_pct_rolling_5;DOUBLE;DOUBLE;dec_opp_attack_left_pct_rolling_5
marts;mart_goals;opp_dec_attack_center_pct_rolling_5;DOUBLE;DOUBLE;dec_opp_attack_center_pct_rolling_5
marts;mart_goals;opp_dec_attack_right_pct_rolling_5;DOUBLE;DOUBLE;dec_opp_attack_right_pct_rolling_5
marts;mart_goals;opp_dec_def_exposed_left_pct_rolling_5;DOUBLE;DOUBLE;dec_opp_def_exposed_left_pct_rolling_5
marts;mart_goals;opp_dec_def_exposed_center_pct_rolling_5;DOUBLE;DOUBLE;dec_opp_def_exposed_center_pct_rolling_5
marts;mart_goals;opp_dec_def_exposed_right_pct_rolling_5;DOUBLE;DOUBLE;dec_opp_def_exposed_right_pct_rolling_5
marts;mart_goals;opp_dec_cross_rate_rolling_5;DOUBLE;DOUBLE;dec_opp_cross_rate_rolling_5
marts;mart_goals;opp_dec_through_ball_rate_rolling_5;DOUBLE;DOUBLE;dec_opp_through_ball_rate_rolling_5
marts;mart_goals;opp_dec_long_ball_rate_rolling_5;DOUBLE;DOUBLE;dec_opp_long_ball_rate_rolling_5
marts;mart_goals;opp_dec_shot_six_yard_pct_rolling_5;DOUBLE;DOUBLE;dec_opp_shot_six_yard_pct_rolling_5
marts;mart_goals;opp_dec_shot_open_play_pct_rolling_5;DOUBLE;DOUBLE;dec_opp_shot_open_play_pct_rolling_5
marts;mart_goals;opp_dec_shot_set_piece_pct_rolling_5;DOUBLE;DOUBLE;dec_opp_shot_set_piece_pct_rolling_5
marts;mart_goals;opp_dec_set_piece_reliance_rolling_5;DOUBLE;DOUBLE;dec_opp_set_piece_reliance_rolling_5
marts;mart_goals;opp_dec_defensive_line_height_rolling_5;DOUBLE;DOUBLE;dec_opp_defensive_line_height_rolling_5
marts;mart_goals;opp_dec_yellow_cards_rolling_5;DOUBLE;DOUBLE;dec_opp_yellow_cards_rolling_5
marts;mart_goals;opp_dec_fouls_committed_rolling_5;DOUBLE;DOUBLE;dec_opp_fouls_committed_rolling_5
marts;mart_goals;opp_dec_fouls_drawn_rolling_5;DOUBLE;DOUBLE;dec_opp_fouls_drawn_rolling_5
marts;mart_goals;opp_dec_corners_for_rolling_5;DOUBLE;DOUBLE;dec_opp_corners_for_rolling_5
marts;mart_goals;opp_dec_corners_against_rolling_5;DOUBLE;DOUBLE;dec_opp_corners_against_rolling_5
marts;mart_goals;opp_dec_shots_blocked_rolling_5;DOUBLE;DOUBLE;dec_opp_shots_blocked_rolling_5
marts;mart_goals;opp_dec_avg_gf_rolling_10;DOUBLE;DOUBLE;dec_opp_avg_gf_rolling_10
marts;mart_goals;opp_dec_avg_ga_rolling_10;DOUBLE;DOUBLE;dec_opp_avg_ga_rolling_10
marts;mart_goals;opp_dec_avg_np_xg_rolling_10;DOUBLE;DOUBLE;dec_opp_avg_np_xg_rolling_10
marts;mart_goals;opp_dec_avg_np_xg_conceded_rolling_10;DOUBLE;DOUBLE;dec_opp_avg_np_xg_conceded_rolling_10
marts;mart_goals;opp_dec_avg_np_xg_diff_rolling_10;DOUBLE;DOUBLE;dec_opp_avg_np_xg_diff_rolling_10
marts;mart_goals;opp_dec_points_rolling_10;DOUBLE;DOUBLE;dec_opp_points_rolling_10
marts;mart_goals;opp_dec_win_rate_rolling_10;DOUBLE;DOUBLE;dec_opp_win_rate_rolling_10
marts;mart_goals;opp_dec_draw_rate_rolling_10;DOUBLE;DOUBLE;dec_opp_draw_rate_rolling_10
marts;mart_goals;opp_dec_loss_rate_rolling_10;DOUBLE;DOUBLE;dec_opp_loss_rate_rolling_10
marts;mart_goals;opp_dec_clean_sheet_rate_rolling_10;DOUBLE;DOUBLE;dec_opp_clean_sheet_rate_rolling_10
marts;mart_goals;opp_dec_failed_to_score_rate_rolling_10;DOUBLE;DOUBLE;dec_opp_failed_to_score_rate_rolling_10
marts;mart_goals;opp_dec_shots_rolling_10;DOUBLE;DOUBLE;dec_opp_shots_rolling_10
marts;mart_goals;opp_dec_shots_ot_rolling_10;DOUBLE;DOUBLE;dec_opp_shots_ot_rolling_10
marts;mart_goals;opp_dec_ppda_rolling_10;DOUBLE;DOUBLE;dec_opp_ppda_rolling_10
marts;mart_goals;opp_dec_ppda_allowed_rolling_10;DOUBLE;DOUBLE;dec_opp_ppda_allowed_rolling_10
marts;mart_goals;opp_dec_field_tilt_rolling_10;DOUBLE;DOUBLE;dec_opp_field_tilt_rolling_10
marts;mart_goals;opp_dec_counter_attack_dna_rolling_10;DOUBLE;DOUBLE;dec_opp_counter_attack_dna_rolling_10
marts;mart_goals;opp_dec_attack_left_pct_rolling_10;DOUBLE;DOUBLE;dec_opp_attack_left_pct_rolling_10
marts;mart_goals;opp_dec_attack_center_pct_rolling_10;DOUBLE;DOUBLE;dec_opp_attack_center_pct_rolling_10
marts;mart_goals;opp_dec_attack_right_pct_rolling_10;DOUBLE;DOUBLE;dec_opp_attack_right_pct_rolling_10
marts;mart_goals;opp_dec_def_exposed_left_pct_rolling_10;DOUBLE;DOUBLE;dec_opp_def_exposed_left_pct_rolling_10
marts;mart_goals;opp_dec_def_exposed_center_pct_rolling_10;DOUBLE;DOUBLE;dec_opp_def_exposed_center_pct_rolling_10
marts;mart_goals;opp_dec_def_exposed_right_pct_rolling_10;DOUBLE;DOUBLE;dec_opp_def_exposed_right_pct_rolling_10
marts;mart_goals;opp_dec_cross_rate_rolling_10;DOUBLE;DOUBLE;dec_opp_cross_rate_rolling_10
marts;mart_goals;opp_dec_through_ball_rate_rolling_10;DOUBLE;DOUBLE;dec_opp_through_ball_rate_rolling_10
marts;mart_goals;opp_dec_long_ball_rate_rolling_10;DOUBLE;DOUBLE;dec_opp_long_ball_rate_rolling_10
marts;mart_goals;opp_dec_shot_six_yard_pct_rolling_10;DOUBLE;DOUBLE;dec_opp_shot_six_yard_pct_rolling_10
marts;mart_goals;opp_dec_shot_open_play_pct_rolling_10;DOUBLE;DOUBLE;dec_opp_shot_open_play_pct_rolling_10
marts;mart_goals;opp_dec_shot_set_piece_pct_rolling_10;DOUBLE;DOUBLE;dec_opp_shot_set_piece_pct_rolling_10
marts;mart_goals;opp_dec_set_piece_reliance_rolling_10;DOUBLE;DOUBLE;dec_opp_set_piece_reliance_rolling_10
marts;mart_goals;opp_dec_defensive_line_height_rolling_10;DOUBLE;DOUBLE;dec_opp_defensive_line_height_rolling_10
marts;mart_goals;opp_dec_yellow_cards_rolling_10;DOUBLE;DOUBLE;dec_opp_yellow_cards_rolling_10
marts;mart_goals;opp_dec_fouls_committed_rolling_10;DOUBLE;DOUBLE;dec_opp_fouls_committed_rolling_10
marts;mart_goals;opp_dec_fouls_drawn_rolling_10;DOUBLE;DOUBLE;dec_opp_fouls_drawn_rolling_10
marts;mart_goals;opp_dec_corners_for_rolling_10;DOUBLE;DOUBLE;dec_opp_corners_for_rolling_10
marts;mart_goals;opp_dec_corners_against_rolling_10;DOUBLE;DOUBLE;dec_opp_corners_against_rolling_10
marts;mart_goals;opp_dec_shots_blocked_rolling_10;DOUBLE;DOUBLE;dec_opp_shots_blocked_rolling_10
marts;mart_goals;opp_dec_season_xg_per_shot_for_lag;DOUBLE;DOUBLE;dec_opp_season_xg_per_shot_for_lag
marts;mart_goals;opp_dec_season_xg_per_shot_against_lag;DOUBLE;DOUBLE;dec_opp_season_xg_per_shot_against_lag
marts;mart_goals;opp_lineup_sum_xg_per90_lag;DOUBLE;DOUBLE;dec_opp_lineup_sum_xg_per90_lag
marts;mart_goals;opp_lineup_avg_shots_per90_lag;DOUBLE;DOUBLE;dec_opp_lineup_avg_shots_per90_lag
marts;mart_goals;opp_lineup_avg_def_actions_per90_lag;DOUBLE;DOUBLE;dec_opp_lineup_avg_def_actions_per90_lag
marts;mart_goals;opp_lineup_avg_aerial_win_rate_lag;DOUBLE;DOUBLE;dec_opp_lineup_avg_aerial_win_rate_lag
marts;mart_goals;opp_n_starters_profiled;BIGINT;BIGINT;int_opp_n_starters_profiled
marts;mart_goals;opp_formation_family;VARCHAR;VARCHAR;str_opp_formation_family
marts;mart_goals;opp_n_gk;BIGINT;BIGINT;int_opp_n_gk
marts;mart_goals;opp_n_def;BIGINT;BIGINT;int_opp_n_def
marts;mart_goals;opp_n_mid;BIGINT;BIGINT;int_opp_n_mid
marts;mart_goals;opp_n_att;BIGINT;BIGINT;int_opp_n_att
marts;mart_goals;opp_n_wingers;BIGINT;BIGINT;int_opp_n_wingers
marts;mart_goals;opp_n_central_att;BIGINT;BIGINT;int_opp_n_central_att
marts;mart_goals;opp_bloc_width;DOUBLE;DOUBLE;dec_opp_bloc_width
marts;mart_goals;opp_bloc_depth;DOUBLE;DOUBLE;dec_opp_bloc_depth
marts;mart_goals;opp_line_defensive_avg;DOUBLE;DOUBLE;dec_opp_line_defensive_avg
marts;mart_goals;opp_line_offensive_avg;DOUBLE;DOUBLE;dec_opp_line_offensive_avg
marts;mart_goals;opp_axiality_score;DOUBLE;DOUBLE;dec_opp_axiality_score
marts;mart_goals;h2h_played;HUGEINT;BIGINT;int_h2h_played
marts;mart_goals;h2h_home_played;HUGEINT;BIGINT;int_h2h_home_played
marts;mart_goals;h2h_win_rate_cutoff;DOUBLE;DOUBLE;dec_h2h_win_rate_cutoff
marts;mart_goals;h2h_draw_rate_cutoff;DOUBLE;DOUBLE;dec_h2h_draw_rate_cutoff
marts;mart_goals;h2h_loss_rate_cutoff;DOUBLE;DOUBLE;dec_h2h_loss_rate_cutoff
marts;mart_goals;h2h_home_win_rate_cutoff;DOUBLE;DOUBLE;dec_h2h_home_win_rate_cutoff
marts;mart_goals;h2h_avg_gf_10;DOUBLE;DOUBLE;dec_h2h_avg_gf_10
marts;mart_goals;h2h_avg_ga_10;DOUBLE;DOUBLE;dec_h2h_avg_ga_10
marts;mart_goals;h2h_avg_xg_diff_10;DOUBLE;DOUBLE;dec_h2h_avg_xg_diff_10
marts;mart_goals;opp_press_ppda_rolling_3;DOUBLE;DOUBLE;dec_opp_press_ppda_rolling_3
marts;mart_goals;self_buildup_resistance_rolling_3;DOUBLE;DOUBLE;dec_self_buildup_resistance_rolling_3
marts;mart_goals;matchup_high_press_vs_buildup_rolling_3;DOUBLE;DOUBLE;dec_matchup_high_press_vs_buildup_rolling_3
marts;mart_goals;opp_press_ppda_rolling_5;DOUBLE;DOUBLE;dec_opp_press_ppda_rolling_5
marts;mart_goals;self_buildup_resistance_rolling_5;DOUBLE;DOUBLE;dec_self_buildup_resistance_rolling_5
marts;mart_goals;matchup_high_press_vs_buildup_rolling_5;DOUBLE;DOUBLE;dec_matchup_high_press_vs_buildup_rolling_5
marts;mart_goals;opp_press_ppda_rolling_10;DOUBLE;DOUBLE;dec_opp_press_ppda_rolling_10
marts;mart_goals;self_buildup_resistance_rolling_10;DOUBLE;DOUBLE;dec_self_buildup_resistance_rolling_10
marts;mart_goals;matchup_high_press_vs_buildup_rolling_10;DOUBLE;DOUBLE;dec_matchup_high_press_vs_buildup_rolling_10
marts;mart_goals;self_team_xgbuildup_lag;DOUBLE;DOUBLE;dec_self_team_xgbuildup_lag
marts;mart_goals;opp_team_xgbuildup_lag;DOUBLE;DOUBLE;dec_opp_team_xgbuildup_lag
marts;mart_goals;attack_overload;BIGINT;BIGINT;int_attack_overload
marts;mart_goals;mid_control_delta;BIGINT;BIGINT;int_mid_control_delta
marts;mart_goals;back_depth_delta;DOUBLE;DOUBLE;dec_back_depth_delta
marts;mart_goals;width_delta;DOUBLE;DOUBLE;dec_width_delta
marts;mart_goals;depth_delta;DOUBLE;DOUBLE;dec_depth_delta
marts;mart_goals;axiality_delta;DOUBLE;DOUBLE;dec_axiality_delta
marts;mart_goals;formation_family_self;VARCHAR;VARCHAR;str_formation_family_self
marts;mart_goals;formation_family_opp;VARCHAR;VARCHAR;str_formation_family_opp
marts;mart_goals;matchup_family;VARCHAR;VARCHAR;str_matchup_family
marts;mart_goals;off_danger_gauche;DOUBLE;DOUBLE;dec_off_danger_gauche
marts;mart_goals;off_danger_axe;DOUBLE;DOUBLE;dec_off_danger_axe
marts;mart_goals;off_danger_droit;DOUBLE;DOUBLE;dec_off_danger_droit
marts;mart_goals;off_cross_gauche;DOUBLE;DOUBLE;dec_off_cross_gauche
marts;mart_goals;off_cross_droit;DOUBLE;DOUBLE;dec_off_cross_droit
marts;mart_goals;off_dribble_gauche;DOUBLE;DOUBLE;dec_off_dribble_gauche
marts;mart_goals;off_dribble_droit;DOUBLE;DOUBLE;dec_off_dribble_droit
marts;mart_goals;off_central_axe;DOUBLE;DOUBLE;dec_off_central_axe
marts;mart_goals;def_danger_gauche;DOUBLE;DOUBLE;dec_def_danger_gauche
marts;mart_goals;def_danger_axe;DOUBLE;DOUBLE;dec_def_danger_axe
marts;mart_goals;def_danger_droit;DOUBLE;DOUBLE;dec_def_danger_droit
marts;mart_goals;def_cross_gauche;DOUBLE;DOUBLE;dec_def_cross_gauche
marts;mart_goals;def_cross_droit;DOUBLE;DOUBLE;dec_def_cross_droit
marts;mart_goals;def_dribble_gauche;DOUBLE;DOUBLE;dec_def_dribble_gauche
marts;mart_goals;def_dribble_droit;DOUBLE;DOUBLE;dec_def_dribble_droit
marts;mart_goals;def_central_axe;DOUBLE;DOUBLE;dec_def_central_axe
marts;mart_goals;keeper_psxg_plus_minus_lag;DOUBLE;DOUBLE;dec_keeper_psxg_plus_minus_lag
marts;mart_goals;keeper_psxg_per_shot_lag;DOUBLE;DOUBLE;dec_keeper_psxg_per_shot_lag
marts;mart_goals;keeper_save_pct_lag;DOUBLE;DOUBLE;dec_keeper_save_pct_lag
marts;mart_goals;keeper_shots_faced_lag;HUGEINT;BIGINT;int_keeper_shots_faced_lag
marts;mart_goals;int_team_goals;INTEGER;INTEGER;int_team_goals
marts;mart_scorers;match_id;VARCHAR;VARCHAR;str_match_id
marts;mart_scorers;team_id;BIGINT;VARCHAR;str_team_id
marts;mart_scorers;opponent_id;BIGINT;VARCHAR;str_opponent_id
marts;mart_scorers;player_id;BIGINT;VARCHAR;str_player_id
marts;mart_scorers;is_home;INTEGER;INTEGER;int_is_home
marts;mart_scorers;scorer_xg_per90_lag;DOUBLE;DOUBLE;dec_scorer_xg_per90_lag
marts;mart_scorers;scorer_shots_per90_lag;DOUBLE;DOUBLE;dec_scorer_shots_per90_lag
marts;mart_scorers;scorer_team_shot_share_lag;DOUBLE;DOUBLE;dec_scorer_team_shot_share_lag
marts;mart_scorers;scorer_penalty_taker_lag;HUGEINT;BIGINT;int_scorer_penalty_taker_lag
marts;mart_scorers;scorer_freekick_taker_lag;HUGEINT;BIGINT;int_scorer_freekick_taker_lag
marts;mart_scorers;off_xg_per_shot_lag;DOUBLE;DOUBLE;dec_off_xg_per_shot_lag
marts;mart_scorers;scorer_context_vs_opponent_style;DOUBLE;DOUBLE;dec_scorer_context_vs_opponent_style
marts;mart_scorers;season;VARCHAR;VARCHAR;str_season
marts;mart_scorers;off_chances_created_per90_lag;DOUBLE;DOUBLE;dec_off_chances_created_per90_lag
marts;mart_scorers;off_key_passes_per90_lag;DOUBLE;DOUBLE;dec_off_key_passes_per90_lag
marts;mart_scorers;off_xgchain_per90_lag;DOUBLE;DOUBLE;dec_off_xgchain_per90_lag
marts;mart_scorers;off_xgbuildup_per90_lag;DOUBLE;DOUBLE;dec_off_xgbuildup_per90_lag
marts;mart_scorers;scorer_xgot_overperformance_lag;DOUBLE;DOUBLE;dec_scorer_xgot_overperformance_lag
marts;mart_scorers;n_apps_lag;BIGINT;BIGINT;int_n_apps_lag
marts;mart_scorers;minutes_lag;HUGEINT;BIGINT;int_minutes_lag
marts;mart_scorers;profile_confidence_flag;VARCHAR;VARCHAR;str_profile_confidence_flag
marts;mart_scorers;avg_np_xg_rolling_3;DOUBLE;DOUBLE;dec_avg_np_xg_rolling_3
marts;mart_scorers;avg_np_xg_rolling_5;DOUBLE;DOUBLE;dec_avg_np_xg_rolling_5
marts;mart_scorers;avg_np_xg_rolling_10;DOUBLE;DOUBLE;dec_avg_np_xg_rolling_10
marts;mart_scorers;failed_to_score_rate_rolling_3;DOUBLE;DOUBLE;dec_failed_to_score_rate_rolling_3
marts;mart_scorers;failed_to_score_rate_rolling_5;DOUBLE;DOUBLE;dec_failed_to_score_rate_rolling_5
marts;mart_scorers;failed_to_score_rate_rolling_10;DOUBLE;DOUBLE;dec_failed_to_score_rate_rolling_10
marts;mart_scorers;win_rate_rolling_3;DOUBLE;DOUBLE;dec_win_rate_rolling_3
marts;mart_scorers;win_rate_rolling_5;DOUBLE;DOUBLE;dec_win_rate_rolling_5
marts;mart_scorers;win_rate_rolling_10;DOUBLE;DOUBLE;dec_win_rate_rolling_10
marts;mart_scorers;opp_avg_np_xg_conceded_rolling_3;DOUBLE;DOUBLE;dec_opp_avg_np_xg_conceded_rolling_3
marts;mart_scorers;opp_avg_np_xg_conceded_rolling_5;DOUBLE;DOUBLE;dec_opp_avg_np_xg_conceded_rolling_5
marts;mart_scorers;opp_avg_np_xg_conceded_rolling_10;DOUBLE;DOUBLE;dec_opp_avg_np_xg_conceded_rolling_10
marts;mart_scorers;opp_clean_sheet_rate_rolling_3;DOUBLE;DOUBLE;dec_opp_clean_sheet_rate_rolling_3
marts;mart_scorers;opp_clean_sheet_rate_rolling_5;DOUBLE;DOUBLE;dec_opp_clean_sheet_rate_rolling_5
marts;mart_scorers;opp_clean_sheet_rate_rolling_10;DOUBLE;DOUBLE;dec_opp_clean_sheet_rate_rolling_10
marts;mart_scorers;season_xg_per_shot_for_lag;DOUBLE;DOUBLE;dec_season_xg_per_shot_for_lag
marts;mart_scorers;season_xg_per_shot_against_lag;DOUBLE;DOUBLE;dec_season_xg_per_shot_against_lag
marts;mart_scorers;opp_season_xg_per_shot_for_lag;DOUBLE;DOUBLE;dec_opp_season_xg_per_shot_for_lag
marts;mart_scorers;opp_season_xg_per_shot_against_lag;DOUBLE;DOUBLE;dec_opp_season_xg_per_shot_against_lag
marts;mart_scorers;scored;INTEGER;INTEGER;int_scored
intermediate;player_match_stats;match_id;VARCHAR;VARCHAR;str_match_id
intermediate;player_match_stats;team_id;BIGINT;VARCHAR;str_team_id
intermediate;player_match_stats;player_id;INTEGER;VARCHAR;str_player_id
intermediate;player_match_stats;n_actions;BIGINT;BIGINT;int_n_actions
intermediate;player_match_stats;xg_contribution;DOUBLE;DOUBLE;dec_xg_contribution
intermediate;player_match_stats;n_shots;BIGINT;BIGINT;int_n_shots
intermediate;player_match_stats;n_shots_regular_play;HUGEINT;BIGINT;int_n_shots_regular_play
intermediate;player_match_stats;n_shots_individual_play;HUGEINT;BIGINT;int_n_shots_individual_play
intermediate;player_match_stats;n_shot_assists;HUGEINT;BIGINT;int_n_shot_assists
intermediate;player_match_stats;n_key_passes;HUGEINT;BIGINT;int_n_key_passes
intermediate;player_match_stats;n_longballs;HUGEINT;BIGINT;int_n_longballs
intermediate;player_match_stats;n_crosses;HUGEINT;BIGINT;int_n_crosses
intermediate;player_match_stats;n_throughballs;HUGEINT;BIGINT;int_n_throughballs
intermediate;player_match_stats;n_progressive_passes;BIGINT;BIGINT;int_n_progressive_passes
intermediate;player_match_stats;n_tackles;BIGINT;BIGINT;int_n_tackles
intermediate;player_match_stats;n_tackles_won;BIGINT;BIGINT;int_n_tackles_won
intermediate;player_match_stats;n_interceptions;BIGINT;BIGINT;int_n_interceptions
intermediate;player_match_stats;n_ball_recoveries;BIGINT;BIGINT;int_n_ball_recoveries
intermediate;player_match_stats;n_challenges;BIGINT;BIGINT;int_n_challenges
intermediate;player_match_stats;n_clearances;BIGINT;BIGINT;int_n_clearances
intermediate;player_match_stats;defensive_zone_x;DOUBLE;DOUBLE;dec_defensive_zone_x
intermediate;player_match_stats;n_touches;BIGINT;BIGINT;int_n_touches
intermediate;player_match_stats;pct_z1_c1;DOUBLE;DOUBLE;dec_pct_z1_c1
intermediate;player_match_stats;pct_z1_c2;DOUBLE;DOUBLE;dec_pct_z1_c2
intermediate;player_match_stats;pct_z1_c3;DOUBLE;DOUBLE;dec_pct_z1_c3
intermediate;player_match_stats;pct_z1_c4;DOUBLE;DOUBLE;dec_pct_z1_c4
intermediate;player_match_stats;pct_z1_c5;DOUBLE;DOUBLE;dec_pct_z1_c5
intermediate;player_match_stats;pct_z2_c1;DOUBLE;DOUBLE;dec_pct_z2_c1
intermediate;player_match_stats;pct_z2_c2;DOUBLE;DOUBLE;dec_pct_z2_c2
intermediate;player_match_stats;pct_z2_c3;DOUBLE;DOUBLE;dec_pct_z2_c3
intermediate;player_match_stats;pct_z2_c4;DOUBLE;DOUBLE;dec_pct_z2_c4
intermediate;player_match_stats;pct_z2_c5;DOUBLE;DOUBLE;dec_pct_z2_c5
intermediate;player_match_stats;pct_z3_c1;DOUBLE;DOUBLE;dec_pct_z3_c1
intermediate;player_match_stats;pct_z3_c2;DOUBLE;DOUBLE;dec_pct_z3_c2
intermediate;player_match_stats;pct_z3_c3;DOUBLE;DOUBLE;dec_pct_z3_c3
intermediate;player_match_stats;pct_z3_c4;DOUBLE;DOUBLE;dec_pct_z3_c4
intermediate;player_match_stats;pct_z3_c5;DOUBLE;DOUBLE;dec_pct_z3_c5
intermediate;player_match_stats;pct_z4_c1;DOUBLE;DOUBLE;dec_pct_z4_c1
intermediate;player_match_stats;pct_z4_c2;DOUBLE;DOUBLE;dec_pct_z4_c2
intermediate;player_match_stats;pct_z4_c3;DOUBLE;DOUBLE;dec_pct_z4_c3
intermediate;player_match_stats;pct_z4_c4;DOUBLE;DOUBLE;dec_pct_z4_c4
intermediate;player_match_stats;pct_z4_c5;DOUBLE;DOUBLE;dec_pct_z4_c5
intermediate;player_match_stats;pct_z5_c1;DOUBLE;DOUBLE;dec_pct_z5_c1
intermediate;player_match_stats;pct_z5_c2;DOUBLE;DOUBLE;dec_pct_z5_c2
intermediate;player_match_stats;pct_z5_c3;DOUBLE;DOUBLE;dec_pct_z5_c3
intermediate;player_match_stats;pct_z5_c4;DOUBLE;DOUBLE;dec_pct_z5_c4
intermediate;player_match_stats;pct_z5_c5;DOUBLE;DOUBLE;dec_pct_z5_c5
intermediate;player_match_stats;n_aerial_duels;BIGINT;BIGINT;int_n_aerial_duels
intermediate;player_match_stats;n_aerial_won;BIGINT;BIGINT;int_n_aerial_won
intermediate;player_match_stats;aerial_win_rate;DOUBLE;DOUBLE;dec_aerial_win_rate
intermediate;player_match_stats;n_aerial_offensive;BIGINT;BIGINT;int_n_aerial_offensive
intermediate;player_match_stats;n_aerial_defensive;BIGINT;BIGINT;int_n_aerial_defensive
intermediate;player_match_stats;n_errors_lead_to_goal;HUGEINT;BIGINT;int_n_errors_lead_to_goal
intermediate;player_match_stats;n_errors_lead_to_shot;HUGEINT;BIGINT;int_n_errors_lead_to_shot
intermediate;player_match_stats;n_yellow_cards;BIGINT;BIGINT;int_n_yellow_cards
intermediate;player_match_stats;n_second_yellows;BIGINT;BIGINT;int_n_second_yellows
intermediate;player_match_stats;n_red_cards;BIGINT;BIGINT;int_n_red_cards
intermediate;player_match_stats;n_actions_blank;BIGINT;BIGINT;int_n_actions_blank
intermediate;player_match_stats;n_progressive_passes_blank;BIGINT;BIGINT;int_n_progressive_passes_blank
intermediate;player_match_stats;n_defensive_actions_blank;BIGINT;BIGINT;int_n_defensive_actions_blank
intermediate;player_match_stats;n_shots_blank;BIGINT;BIGINT;int_n_shots_blank
intermediate;player_match_stats;blank_pct_z1_c1;DOUBLE;DOUBLE;dec_blank_pct_z1_c1
intermediate;player_match_stats;blank_pct_z1_c2;DOUBLE;DOUBLE;dec_blank_pct_z1_c2
intermediate;player_match_stats;blank_pct_z1_c3;DOUBLE;DOUBLE;dec_blank_pct_z1_c3
intermediate;player_match_stats;blank_pct_z1_c4;DOUBLE;DOUBLE;dec_blank_pct_z1_c4
intermediate;player_match_stats;blank_pct_z1_c5;DOUBLE;DOUBLE;dec_blank_pct_z1_c5
intermediate;player_match_stats;blank_pct_z2_c1;DOUBLE;DOUBLE;dec_blank_pct_z2_c1
intermediate;player_match_stats;blank_pct_z2_c2;DOUBLE;DOUBLE;dec_blank_pct_z2_c2
intermediate;player_match_stats;blank_pct_z2_c3;DOUBLE;DOUBLE;dec_blank_pct_z2_c3
intermediate;player_match_stats;blank_pct_z2_c4;DOUBLE;DOUBLE;dec_blank_pct_z2_c4
intermediate;player_match_stats;blank_pct_z2_c5;DOUBLE;DOUBLE;dec_blank_pct_z2_c5
intermediate;player_match_stats;blank_pct_z3_c1;DOUBLE;DOUBLE;dec_blank_pct_z3_c1
intermediate;player_match_stats;blank_pct_z3_c2;DOUBLE;DOUBLE;dec_blank_pct_z3_c2
intermediate;player_match_stats;blank_pct_z3_c3;DOUBLE;DOUBLE;dec_blank_pct_z3_c3
intermediate;player_match_stats;blank_pct_z3_c4;DOUBLE;DOUBLE;dec_blank_pct_z3_c4
intermediate;player_match_stats;blank_pct_z3_c5;DOUBLE;DOUBLE;dec_blank_pct_z3_c5
intermediate;player_match_stats;blank_pct_z4_c1;DOUBLE;DOUBLE;dec_blank_pct_z4_c1
intermediate;player_match_stats;blank_pct_z4_c2;DOUBLE;DOUBLE;dec_blank_pct_z4_c2
intermediate;player_match_stats;blank_pct_z4_c3;DOUBLE;DOUBLE;dec_blank_pct_z4_c3
intermediate;player_match_stats;blank_pct_z4_c4;DOUBLE;DOUBLE;dec_blank_pct_z4_c4
intermediate;player_match_stats;blank_pct_z4_c5;DOUBLE;DOUBLE;dec_blank_pct_z4_c5
intermediate;player_match_stats;blank_pct_z5_c1;DOUBLE;DOUBLE;dec_blank_pct_z5_c1
intermediate;player_match_stats;blank_pct_z5_c2;DOUBLE;DOUBLE;dec_blank_pct_z5_c2
intermediate;player_match_stats;blank_pct_z5_c3;DOUBLE;DOUBLE;dec_blank_pct_z5_c3
intermediate;player_match_stats;blank_pct_z5_c4;DOUBLE;DOUBLE;dec_blank_pct_z5_c4
intermediate;player_match_stats;blank_pct_z5_c5;DOUBLE;DOUBLE;dec_blank_pct_z5_c5
intermediate;player_match_stats;n_actions_blank_late;BIGINT;BIGINT;int_n_actions_blank_late
intermediate;player_match_stats;n_progressive_passes_blank_late;BIGINT;BIGINT;int_n_progressive_passes_blank_late
intermediate;player_match_stats;n_defensive_actions_blank_late;BIGINT;BIGINT;int_n_defensive_actions_blank_late
intermediate;player_match_stats;n_shots_blank_late;BIGINT;BIGINT;int_n_shots_blank_late
intermediate;player_match_stats;blank_late_pct_z1_c1;DOUBLE;DOUBLE;dec_blank_late_pct_z1_c1
intermediate;player_match_stats;blank_late_pct_z1_c2;DOUBLE;DOUBLE;dec_blank_late_pct_z1_c2
intermediate;player_match_stats;blank_late_pct_z1_c3;DOUBLE;DOUBLE;dec_blank_late_pct_z1_c3
intermediate;player_match_stats;blank_late_pct_z1_c4;DOUBLE;DOUBLE;dec_blank_late_pct_z1_c4
intermediate;player_match_stats;blank_late_pct_z1_c5;DOUBLE;DOUBLE;dec_blank_late_pct_z1_c5
intermediate;player_match_stats;blank_late_pct_z2_c1;DOUBLE;DOUBLE;dec_blank_late_pct_z2_c1
intermediate;player_match_stats;blank_late_pct_z2_c2;DOUBLE;DOUBLE;dec_blank_late_pct_z2_c2
intermediate;player_match_stats;blank_late_pct_z2_c3;DOUBLE;DOUBLE;dec_blank_late_pct_z2_c3
intermediate;player_match_stats;blank_late_pct_z2_c4;DOUBLE;DOUBLE;dec_blank_late_pct_z2_c4
intermediate;player_match_stats;blank_late_pct_z2_c5;DOUBLE;DOUBLE;dec_blank_late_pct_z2_c5
intermediate;player_match_stats;blank_late_pct_z3_c1;DOUBLE;DOUBLE;dec_blank_late_pct_z3_c1
intermediate;player_match_stats;blank_late_pct_z3_c2;DOUBLE;DOUBLE;dec_blank_late_pct_z3_c2
intermediate;player_match_stats;blank_late_pct_z3_c3;DOUBLE;DOUBLE;dec_blank_late_pct_z3_c3
intermediate;player_match_stats;blank_late_pct_z3_c4;DOUBLE;DOUBLE;dec_blank_late_pct_z3_c4
intermediate;player_match_stats;blank_late_pct_z3_c5;DOUBLE;DOUBLE;dec_blank_late_pct_z3_c5
intermediate;player_match_stats;blank_late_pct_z4_c1;DOUBLE;DOUBLE;dec_blank_late_pct_z4_c1
intermediate;player_match_stats;blank_late_pct_z4_c2;DOUBLE;DOUBLE;dec_blank_late_pct_z4_c2
intermediate;player_match_stats;blank_late_pct_z4_c3;DOUBLE;DOUBLE;dec_blank_late_pct_z4_c3
intermediate;player_match_stats;blank_late_pct_z4_c4;DOUBLE;DOUBLE;dec_blank_late_pct_z4_c4
intermediate;player_match_stats;blank_late_pct_z4_c5;DOUBLE;DOUBLE;dec_blank_late_pct_z4_c5
intermediate;player_match_stats;blank_late_pct_z5_c1;DOUBLE;DOUBLE;dec_blank_late_pct_z5_c1
intermediate;player_match_stats;blank_late_pct_z5_c2;DOUBLE;DOUBLE;dec_blank_late_pct_z5_c2
intermediate;player_match_stats;blank_late_pct_z5_c3;DOUBLE;DOUBLE;dec_blank_late_pct_z5_c3
intermediate;player_match_stats;blank_late_pct_z5_c4;DOUBLE;DOUBLE;dec_blank_late_pct_z5_c4
intermediate;player_match_stats;blank_late_pct_z5_c5;DOUBLE;DOUBLE;dec_blank_late_pct_z5_c5
intermediate;player_match_stats;n_actions_drawing;BIGINT;BIGINT;int_n_actions_drawing
intermediate;player_match_stats;n_progressive_passes_drawing;BIGINT;BIGINT;int_n_progressive_passes_drawing
intermediate;player_match_stats;n_defensive_actions_drawing;BIGINT;BIGINT;int_n_defensive_actions_drawing
intermediate;player_match_stats;n_shots_drawing;BIGINT;BIGINT;int_n_shots_drawing
intermediate;player_match_stats;drawing_pct_z1_c1;DOUBLE;DOUBLE;dec_drawing_pct_z1_c1
intermediate;player_match_stats;drawing_pct_z1_c2;DOUBLE;DOUBLE;dec_drawing_pct_z1_c2
intermediate;player_match_stats;drawing_pct_z1_c3;DOUBLE;DOUBLE;dec_drawing_pct_z1_c3
intermediate;player_match_stats;drawing_pct_z1_c4;DOUBLE;DOUBLE;dec_drawing_pct_z1_c4
intermediate;player_match_stats;drawing_pct_z1_c5;DOUBLE;DOUBLE;dec_drawing_pct_z1_c5
intermediate;player_match_stats;drawing_pct_z2_c1;DOUBLE;DOUBLE;dec_drawing_pct_z2_c1
intermediate;player_match_stats;drawing_pct_z2_c2;DOUBLE;DOUBLE;dec_drawing_pct_z2_c2
intermediate;player_match_stats;drawing_pct_z2_c3;DOUBLE;DOUBLE;dec_drawing_pct_z2_c3
intermediate;player_match_stats;drawing_pct_z2_c4;DOUBLE;DOUBLE;dec_drawing_pct_z2_c4
intermediate;player_match_stats;drawing_pct_z2_c5;DOUBLE;DOUBLE;dec_drawing_pct_z2_c5
intermediate;player_match_stats;drawing_pct_z3_c1;DOUBLE;DOUBLE;dec_drawing_pct_z3_c1
intermediate;player_match_stats;drawing_pct_z3_c2;DOUBLE;DOUBLE;dec_drawing_pct_z3_c2
intermediate;player_match_stats;drawing_pct_z3_c3;DOUBLE;DOUBLE;dec_drawing_pct_z3_c3
intermediate;player_match_stats;drawing_pct_z3_c4;DOUBLE;DOUBLE;dec_drawing_pct_z3_c4
intermediate;player_match_stats;drawing_pct_z3_c5;DOUBLE;DOUBLE;dec_drawing_pct_z3_c5
intermediate;player_match_stats;drawing_pct_z4_c1;DOUBLE;DOUBLE;dec_drawing_pct_z4_c1
intermediate;player_match_stats;drawing_pct_z4_c2;DOUBLE;DOUBLE;dec_drawing_pct_z4_c2
intermediate;player_match_stats;drawing_pct_z4_c3;DOUBLE;DOUBLE;dec_drawing_pct_z4_c3
intermediate;player_match_stats;drawing_pct_z4_c4;DOUBLE;DOUBLE;dec_drawing_pct_z4_c4
intermediate;player_match_stats;drawing_pct_z4_c5;DOUBLE;DOUBLE;dec_drawing_pct_z4_c5
intermediate;player_match_stats;drawing_pct_z5_c1;DOUBLE;DOUBLE;dec_drawing_pct_z5_c1
intermediate;player_match_stats;drawing_pct_z5_c2;DOUBLE;DOUBLE;dec_drawing_pct_z5_c2
intermediate;player_match_stats;drawing_pct_z5_c3;DOUBLE;DOUBLE;dec_drawing_pct_z5_c3
intermediate;player_match_stats;drawing_pct_z5_c4;DOUBLE;DOUBLE;dec_drawing_pct_z5_c4
intermediate;player_match_stats;drawing_pct_z5_c5;DOUBLE;DOUBLE;dec_drawing_pct_z5_c5
intermediate;player_match_stats;n_actions_drawing_late;BIGINT;BIGINT;int_n_actions_drawing_late
intermediate;player_match_stats;n_progressive_passes_drawing_late;BIGINT;BIGINT;int_n_progressive_passes_drawing_late
intermediate;player_match_stats;n_defensive_actions_drawing_late;BIGINT;BIGINT;int_n_defensive_actions_drawing_late
intermediate;player_match_stats;n_shots_drawing_late;BIGINT;BIGINT;int_n_shots_drawing_late
intermediate;player_match_stats;drawing_late_pct_z1_c1;DOUBLE;DOUBLE;dec_drawing_late_pct_z1_c1
intermediate;player_match_stats;drawing_late_pct_z1_c2;DOUBLE;DOUBLE;dec_drawing_late_pct_z1_c2
intermediate;player_match_stats;drawing_late_pct_z1_c3;DOUBLE;DOUBLE;dec_drawing_late_pct_z1_c3
intermediate;player_match_stats;drawing_late_pct_z1_c4;DOUBLE;DOUBLE;dec_drawing_late_pct_z1_c4
intermediate;player_match_stats;drawing_late_pct_z1_c5;DOUBLE;DOUBLE;dec_drawing_late_pct_z1_c5
intermediate;player_match_stats;drawing_late_pct_z2_c1;DOUBLE;DOUBLE;dec_drawing_late_pct_z2_c1
intermediate;player_match_stats;drawing_late_pct_z2_c2;DOUBLE;DOUBLE;dec_drawing_late_pct_z2_c2
intermediate;player_match_stats;drawing_late_pct_z2_c3;DOUBLE;DOUBLE;dec_drawing_late_pct_z2_c3
intermediate;player_match_stats;drawing_late_pct_z2_c4;DOUBLE;DOUBLE;dec_drawing_late_pct_z2_c4
intermediate;player_match_stats;drawing_late_pct_z2_c5;DOUBLE;DOUBLE;dec_drawing_late_pct_z2_c5
intermediate;player_match_stats;drawing_late_pct_z3_c1;DOUBLE;DOUBLE;dec_drawing_late_pct_z3_c1
intermediate;player_match_stats;drawing_late_pct_z3_c2;DOUBLE;DOUBLE;dec_drawing_late_pct_z3_c2
intermediate;player_match_stats;drawing_late_pct_z3_c3;DOUBLE;DOUBLE;dec_drawing_late_pct_z3_c3
intermediate;player_match_stats;drawing_late_pct_z3_c4;DOUBLE;DOUBLE;dec_drawing_late_pct_z3_c4
intermediate;player_match_stats;drawing_late_pct_z3_c5;DOUBLE;DOUBLE;dec_drawing_late_pct_z3_c5
intermediate;player_match_stats;drawing_late_pct_z4_c1;DOUBLE;DOUBLE;dec_drawing_late_pct_z4_c1
intermediate;player_match_stats;drawing_late_pct_z4_c2;DOUBLE;DOUBLE;dec_drawing_late_pct_z4_c2
intermediate;player_match_stats;drawing_late_pct_z4_c3;DOUBLE;DOUBLE;dec_drawing_late_pct_z4_c3
intermediate;player_match_stats;drawing_late_pct_z4_c4;DOUBLE;DOUBLE;dec_drawing_late_pct_z4_c4
intermediate;player_match_stats;drawing_late_pct_z4_c5;DOUBLE;DOUBLE;dec_drawing_late_pct_z4_c5
intermediate;player_match_stats;drawing_late_pct_z5_c1;DOUBLE;DOUBLE;dec_drawing_late_pct_z5_c1
intermediate;player_match_stats;drawing_late_pct_z5_c2;DOUBLE;DOUBLE;dec_drawing_late_pct_z5_c2
intermediate;player_match_stats;drawing_late_pct_z5_c3;DOUBLE;DOUBLE;dec_drawing_late_pct_z5_c3
intermediate;player_match_stats;drawing_late_pct_z5_c4;DOUBLE;DOUBLE;dec_drawing_late_pct_z5_c4
intermediate;player_match_stats;drawing_late_pct_z5_c5;DOUBLE;DOUBLE;dec_drawing_late_pct_z5_c5
intermediate;player_match_stats;n_actions_winning;BIGINT;BIGINT;int_n_actions_winning
intermediate;player_match_stats;n_progressive_passes_winning;BIGINT;BIGINT;int_n_progressive_passes_winning
intermediate;player_match_stats;n_defensive_actions_winning;BIGINT;BIGINT;int_n_defensive_actions_winning
intermediate;player_match_stats;n_shots_winning;BIGINT;BIGINT;int_n_shots_winning
intermediate;player_match_stats;winning_pct_z1_c1;DOUBLE;DOUBLE;dec_winning_pct_z1_c1
intermediate;player_match_stats;winning_pct_z1_c2;DOUBLE;DOUBLE;dec_winning_pct_z1_c2
intermediate;player_match_stats;winning_pct_z1_c3;DOUBLE;DOUBLE;dec_winning_pct_z1_c3
intermediate;player_match_stats;winning_pct_z1_c4;DOUBLE;DOUBLE;dec_winning_pct_z1_c4
intermediate;player_match_stats;winning_pct_z1_c5;DOUBLE;DOUBLE;dec_winning_pct_z1_c5
intermediate;player_match_stats;winning_pct_z2_c1;DOUBLE;DOUBLE;dec_winning_pct_z2_c1
intermediate;player_match_stats;winning_pct_z2_c2;DOUBLE;DOUBLE;dec_winning_pct_z2_c2
intermediate;player_match_stats;winning_pct_z2_c3;DOUBLE;DOUBLE;dec_winning_pct_z2_c3
intermediate;player_match_stats;winning_pct_z2_c4;DOUBLE;DOUBLE;dec_winning_pct_z2_c4
intermediate;player_match_stats;winning_pct_z2_c5;DOUBLE;DOUBLE;dec_winning_pct_z2_c5
intermediate;player_match_stats;winning_pct_z3_c1;DOUBLE;DOUBLE;dec_winning_pct_z3_c1
intermediate;player_match_stats;winning_pct_z3_c2;DOUBLE;DOUBLE;dec_winning_pct_z3_c2
intermediate;player_match_stats;winning_pct_z3_c3;DOUBLE;DOUBLE;dec_winning_pct_z3_c3
intermediate;player_match_stats;winning_pct_z3_c4;DOUBLE;DOUBLE;dec_winning_pct_z3_c4
intermediate;player_match_stats;winning_pct_z3_c5;DOUBLE;DOUBLE;dec_winning_pct_z3_c5
intermediate;player_match_stats;winning_pct_z4_c1;DOUBLE;DOUBLE;dec_winning_pct_z4_c1
intermediate;player_match_stats;winning_pct_z4_c2;DOUBLE;DOUBLE;dec_winning_pct_z4_c2
intermediate;player_match_stats;winning_pct_z4_c3;DOUBLE;DOUBLE;dec_winning_pct_z4_c3
intermediate;player_match_stats;winning_pct_z4_c4;DOUBLE;DOUBLE;dec_winning_pct_z4_c4
intermediate;player_match_stats;winning_pct_z4_c5;DOUBLE;DOUBLE;dec_winning_pct_z4_c5
intermediate;player_match_stats;winning_pct_z5_c1;DOUBLE;DOUBLE;dec_winning_pct_z5_c1
intermediate;player_match_stats;winning_pct_z5_c2;DOUBLE;DOUBLE;dec_winning_pct_z5_c2
intermediate;player_match_stats;winning_pct_z5_c3;DOUBLE;DOUBLE;dec_winning_pct_z5_c3
intermediate;player_match_stats;winning_pct_z5_c4;DOUBLE;DOUBLE;dec_winning_pct_z5_c4
intermediate;player_match_stats;winning_pct_z5_c5;DOUBLE;DOUBLE;dec_winning_pct_z5_c5
intermediate;player_match_stats;n_actions_winning_late;BIGINT;BIGINT;int_n_actions_winning_late
intermediate;player_match_stats;n_progressive_passes_winning_late;BIGINT;BIGINT;int_n_progressive_passes_winning_late
intermediate;player_match_stats;n_defensive_actions_winning_late;BIGINT;BIGINT;int_n_defensive_actions_winning_late
intermediate;player_match_stats;n_shots_winning_late;BIGINT;BIGINT;int_n_shots_winning_late
intermediate;player_match_stats;winning_late_pct_z1_c1;DOUBLE;DOUBLE;dec_winning_late_pct_z1_c1
intermediate;player_match_stats;winning_late_pct_z1_c2;DOUBLE;DOUBLE;dec_winning_late_pct_z1_c2
intermediate;player_match_stats;winning_late_pct_z1_c3;DOUBLE;DOUBLE;dec_winning_late_pct_z1_c3
intermediate;player_match_stats;winning_late_pct_z1_c4;DOUBLE;DOUBLE;dec_winning_late_pct_z1_c4
intermediate;player_match_stats;winning_late_pct_z1_c5;DOUBLE;DOUBLE;dec_winning_late_pct_z1_c5
intermediate;player_match_stats;winning_late_pct_z2_c1;DOUBLE;DOUBLE;dec_winning_late_pct_z2_c1
intermediate;player_match_stats;winning_late_pct_z2_c2;DOUBLE;DOUBLE;dec_winning_late_pct_z2_c2
intermediate;player_match_stats;winning_late_pct_z2_c3;DOUBLE;DOUBLE;dec_winning_late_pct_z2_c3
intermediate;player_match_stats;winning_late_pct_z2_c4;DOUBLE;DOUBLE;dec_winning_late_pct_z2_c4
intermediate;player_match_stats;winning_late_pct_z2_c5;DOUBLE;DOUBLE;dec_winning_late_pct_z2_c5
intermediate;player_match_stats;winning_late_pct_z3_c1;DOUBLE;DOUBLE;dec_winning_late_pct_z3_c1
intermediate;player_match_stats;winning_late_pct_z3_c2;DOUBLE;DOUBLE;dec_winning_late_pct_z3_c2
intermediate;player_match_stats;winning_late_pct_z3_c3;DOUBLE;DOUBLE;dec_winning_late_pct_z3_c3
intermediate;player_match_stats;winning_late_pct_z3_c4;DOUBLE;DOUBLE;dec_winning_late_pct_z3_c4
intermediate;player_match_stats;winning_late_pct_z3_c5;DOUBLE;DOUBLE;dec_winning_late_pct_z3_c5
intermediate;player_match_stats;winning_late_pct_z4_c1;DOUBLE;DOUBLE;dec_winning_late_pct_z4_c1
intermediate;player_match_stats;winning_late_pct_z4_c2;DOUBLE;DOUBLE;dec_winning_late_pct_z4_c2
intermediate;player_match_stats;winning_late_pct_z4_c3;DOUBLE;DOUBLE;dec_winning_late_pct_z4_c3
intermediate;player_match_stats;winning_late_pct_z4_c4;DOUBLE;DOUBLE;dec_winning_late_pct_z4_c4
intermediate;player_match_stats;winning_late_pct_z4_c5;DOUBLE;DOUBLE;dec_winning_late_pct_z4_c5
intermediate;player_match_stats;winning_late_pct_z5_c1;DOUBLE;DOUBLE;dec_winning_late_pct_z5_c1
intermediate;player_match_stats;winning_late_pct_z5_c2;DOUBLE;DOUBLE;dec_winning_late_pct_z5_c2
intermediate;player_match_stats;winning_late_pct_z5_c3;DOUBLE;DOUBLE;dec_winning_late_pct_z5_c3
intermediate;player_match_stats;winning_late_pct_z5_c4;DOUBLE;DOUBLE;dec_winning_late_pct_z5_c4
intermediate;player_match_stats;winning_late_pct_z5_c5;DOUBLE;DOUBLE;dec_winning_late_pct_z5_c5
intermediate;player_match_stats;n_actions_losing;BIGINT;BIGINT;int_n_actions_losing
intermediate;player_match_stats;n_progressive_passes_losing;BIGINT;BIGINT;int_n_progressive_passes_losing
intermediate;player_match_stats;n_defensive_actions_losing;BIGINT;BIGINT;int_n_defensive_actions_losing
intermediate;player_match_stats;n_shots_losing;BIGINT;BIGINT;int_n_shots_losing
intermediate;player_match_stats;losing_pct_z1_c1;DOUBLE;DOUBLE;dec_losing_pct_z1_c1
intermediate;player_match_stats;losing_pct_z1_c2;DOUBLE;DOUBLE;dec_losing_pct_z1_c2
intermediate;player_match_stats;losing_pct_z1_c3;DOUBLE;DOUBLE;dec_losing_pct_z1_c3
intermediate;player_match_stats;losing_pct_z1_c4;DOUBLE;DOUBLE;dec_losing_pct_z1_c4
intermediate;player_match_stats;losing_pct_z1_c5;DOUBLE;DOUBLE;dec_losing_pct_z1_c5
intermediate;player_match_stats;losing_pct_z2_c1;DOUBLE;DOUBLE;dec_losing_pct_z2_c1
intermediate;player_match_stats;losing_pct_z2_c2;DOUBLE;DOUBLE;dec_losing_pct_z2_c2
intermediate;player_match_stats;losing_pct_z2_c3;DOUBLE;DOUBLE;dec_losing_pct_z2_c3
intermediate;player_match_stats;losing_pct_z2_c4;DOUBLE;DOUBLE;dec_losing_pct_z2_c4
intermediate;player_match_stats;losing_pct_z2_c5;DOUBLE;DOUBLE;dec_losing_pct_z2_c5
intermediate;player_match_stats;losing_pct_z3_c1;DOUBLE;DOUBLE;dec_losing_pct_z3_c1
intermediate;player_match_stats;losing_pct_z3_c2;DOUBLE;DOUBLE;dec_losing_pct_z3_c2
intermediate;player_match_stats;losing_pct_z3_c3;DOUBLE;DOUBLE;dec_losing_pct_z3_c3
intermediate;player_match_stats;losing_pct_z3_c4;DOUBLE;DOUBLE;dec_losing_pct_z3_c4
intermediate;player_match_stats;losing_pct_z3_c5;DOUBLE;DOUBLE;dec_losing_pct_z3_c5
intermediate;player_match_stats;losing_pct_z4_c1;DOUBLE;DOUBLE;dec_losing_pct_z4_c1
intermediate;player_match_stats;losing_pct_z4_c2;DOUBLE;DOUBLE;dec_losing_pct_z4_c2
intermediate;player_match_stats;losing_pct_z4_c3;DOUBLE;DOUBLE;dec_losing_pct_z4_c3
intermediate;player_match_stats;losing_pct_z4_c4;DOUBLE;DOUBLE;dec_losing_pct_z4_c4
intermediate;player_match_stats;losing_pct_z4_c5;DOUBLE;DOUBLE;dec_losing_pct_z4_c5
intermediate;player_match_stats;losing_pct_z5_c1;DOUBLE;DOUBLE;dec_losing_pct_z5_c1
intermediate;player_match_stats;losing_pct_z5_c2;DOUBLE;DOUBLE;dec_losing_pct_z5_c2
intermediate;player_match_stats;losing_pct_z5_c3;DOUBLE;DOUBLE;dec_losing_pct_z5_c3
intermediate;player_match_stats;losing_pct_z5_c4;DOUBLE;DOUBLE;dec_losing_pct_z5_c4
intermediate;player_match_stats;losing_pct_z5_c5;DOUBLE;DOUBLE;dec_losing_pct_z5_c5
intermediate;player_match_stats;n_actions_losing_late;BIGINT;BIGINT;int_n_actions_losing_late
intermediate;player_match_stats;n_progressive_passes_losing_late;BIGINT;BIGINT;int_n_progressive_passes_losing_late
intermediate;player_match_stats;n_defensive_actions_losing_late;BIGINT;BIGINT;int_n_defensive_actions_losing_late
intermediate;player_match_stats;n_shots_losing_late;BIGINT;BIGINT;int_n_shots_losing_late
intermediate;player_match_stats;losing_late_pct_z1_c1;DOUBLE;DOUBLE;dec_losing_late_pct_z1_c1
intermediate;player_match_stats;losing_late_pct_z1_c2;DOUBLE;DOUBLE;dec_losing_late_pct_z1_c2
intermediate;player_match_stats;losing_late_pct_z1_c3;DOUBLE;DOUBLE;dec_losing_late_pct_z1_c3
intermediate;player_match_stats;losing_late_pct_z1_c4;DOUBLE;DOUBLE;dec_losing_late_pct_z1_c4
intermediate;player_match_stats;losing_late_pct_z1_c5;DOUBLE;DOUBLE;dec_losing_late_pct_z1_c5
intermediate;player_match_stats;losing_late_pct_z2_c1;DOUBLE;DOUBLE;dec_losing_late_pct_z2_c1
intermediate;player_match_stats;losing_late_pct_z2_c2;DOUBLE;DOUBLE;dec_losing_late_pct_z2_c2
intermediate;player_match_stats;losing_late_pct_z2_c3;DOUBLE;DOUBLE;dec_losing_late_pct_z2_c3
intermediate;player_match_stats;losing_late_pct_z2_c4;DOUBLE;DOUBLE;dec_losing_late_pct_z2_c4
intermediate;player_match_stats;losing_late_pct_z2_c5;DOUBLE;DOUBLE;dec_losing_late_pct_z2_c5
intermediate;player_match_stats;losing_late_pct_z3_c1;DOUBLE;DOUBLE;dec_losing_late_pct_z3_c1
intermediate;player_match_stats;losing_late_pct_z3_c2;DOUBLE;DOUBLE;dec_losing_late_pct_z3_c2
intermediate;player_match_stats;losing_late_pct_z3_c3;DOUBLE;DOUBLE;dec_losing_late_pct_z3_c3
intermediate;player_match_stats;losing_late_pct_z3_c4;DOUBLE;DOUBLE;dec_losing_late_pct_z3_c4
intermediate;player_match_stats;losing_late_pct_z3_c5;DOUBLE;DOUBLE;dec_losing_late_pct_z3_c5
intermediate;player_match_stats;losing_late_pct_z4_c1;DOUBLE;DOUBLE;dec_losing_late_pct_z4_c1
intermediate;player_match_stats;losing_late_pct_z4_c2;DOUBLE;DOUBLE;dec_losing_late_pct_z4_c2
intermediate;player_match_stats;losing_late_pct_z4_c3;DOUBLE;DOUBLE;dec_losing_late_pct_z4_c3
intermediate;player_match_stats;losing_late_pct_z4_c4;DOUBLE;DOUBLE;dec_losing_late_pct_z4_c4
intermediate;player_match_stats;losing_late_pct_z4_c5;DOUBLE;DOUBLE;dec_losing_late_pct_z4_c5
intermediate;player_match_stats;losing_late_pct_z5_c1;DOUBLE;DOUBLE;dec_losing_late_pct_z5_c1
intermediate;player_match_stats;losing_late_pct_z5_c2;DOUBLE;DOUBLE;dec_losing_late_pct_z5_c2
intermediate;player_match_stats;losing_late_pct_z5_c3;DOUBLE;DOUBLE;dec_losing_late_pct_z5_c3
intermediate;player_match_stats;losing_late_pct_z5_c4;DOUBLE;DOUBLE;dec_losing_late_pct_z5_c4
intermediate;player_match_stats;losing_late_pct_z5_c5;DOUBLE;DOUBLE;dec_losing_late_pct_z5_c5
intermediate;player_match_stats;n_assists;BIGINT;BIGINT;int_n_assists
intermediate;player_match_stats;n_chances_created;BIGINT;BIGINT;int_n_chances_created
intermediate;player_match_stats;minutes_played;HUGEINT;BIGINT;int_minutes_played
intermediate;player_match_stats;date;DATE;DATE;dt_date
intermediate;player_match_stats;season;VARCHAR;VARCHAR;str_season
intermediate;player_match_stats;league_source;VARCHAR;VARCHAR;str_league_source
intermediate;player_match_stats;scraped_at;VARCHAR;TIMESTAMP;dt_scraped_at
intermediate;player_network_betweenness;match_id;VARCHAR;VARCHAR;str_match_id
intermediate;player_network_betweenness;team_id;BIGINT;VARCHAR;str_team_id
intermediate;player_network_betweenness;player_id;BIGINT;VARCHAR;str_player_id
intermediate;player_network_betweenness;season;VARCHAR;VARCHAR;str_season
intermediate;player_network_betweenness;league_source;VARCHAR;VARCHAR;str_league_source
intermediate;player_network_betweenness;betweenness_exact;DOUBLE;DOUBLE;dec_betweenness_exact
intermediate;player_network_centrality;match_id;VARCHAR;VARCHAR;str_match_id
intermediate;player_network_centrality;team_id;BIGINT;VARCHAR;str_team_id
intermediate;player_network_centrality;player_id;INTEGER;VARCHAR;str_player_id
intermediate;player_network_centrality;season;VARCHAR;VARCHAR;str_season
intermediate;player_network_centrality;league_source;VARCHAR;VARCHAR;str_league_source
intermediate;player_network_centrality;degree_out;BIGINT;BIGINT;int_degree_out
intermediate;player_network_centrality;degree_in;BIGINT;BIGINT;int_degree_in
intermediate;player_network_centrality;weighted_degree_out;HUGEINT;BIGINT;int_weighted_degree_out
intermediate;player_network_centrality;weighted_degree_in;HUGEINT;BIGINT;int_weighted_degree_in
intermediate;player_network_centrality;n_creative_out;HUGEINT;BIGINT;int_n_creative_out
intermediate;player_network_centrality;n_progressive_out;HUGEINT;BIGINT;int_n_progressive_out
intermediate;player_network_centrality;pass_share;DOUBLE;DOUBLE;dec_pass_share
intermediate;player_network_centrality;creative_rate;DOUBLE;DOUBLE;dec_creative_rate
intermediate;player_network_centrality;betweenness_proxy;DOUBLE;DOUBLE;dec_betweenness_proxy
intermediate;player_network_duels;match_id;VARCHAR;VARCHAR;str_match_id
intermediate;player_network_duels;season;VARCHAR;VARCHAR;str_season
intermediate;player_network_duels;league_source;VARCHAR;VARCHAR;str_league_source
intermediate;player_network_duels;expanded_minute;INTEGER;INTEGER;int_expanded_minute
intermediate;player_network_duels;second;INTEGER;INTEGER;int_second
intermediate;player_network_duels;duel_type_id;INTEGER;VARCHAR;str_duel_type_id
intermediate;player_network_duels;duel_type;VARCHAR;VARCHAR;str_duel_type
intermediate;player_network_duels;x;DOUBLE;DOUBLE;dec_x
intermediate;player_network_duels;y;DOUBLE;DOUBLE;dec_y
intermediate;player_network_duels;event_id_a;INTEGER;INTEGER;int_event_id_a
intermediate;player_network_duels;team_id_a;BIGINT;BIGINT;int_team_id_a
intermediate;player_network_duels;player_id_a;INTEGER;INTEGER;int_player_id_a
intermediate;player_network_duels;outcome_a;INTEGER;INTEGER;int_outcome_a
intermediate;player_network_duels;event_id_b;INTEGER;INTEGER;int_event_id_b
intermediate;player_network_duels;team_id_b;BIGINT;BIGINT;int_team_id_b
intermediate;player_network_duels;player_id_b;INTEGER;INTEGER;int_player_id_b
intermediate;player_network_duels;outcome_b;INTEGER;INTEGER;int_outcome_b
intermediate;player_network_passes;match_id;VARCHAR;VARCHAR;str_match_id
intermediate;player_network_passes;team_id;BIGINT;VARCHAR;str_team_id
intermediate;player_network_passes;passer_id;INTEGER;VARCHAR;str_passer_id
intermediate;player_network_passes;receiver_id;INTEGER;VARCHAR;str_receiver_id
intermediate;player_network_passes;season;VARCHAR;VARCHAR;str_season
intermediate;player_network_passes;league_source;VARCHAR;VARCHAR;str_league_source
intermediate;player_network_passes;n_passes;BIGINT;BIGINT;int_n_passes
intermediate;player_network_passes;n_passes_counter_attack;BIGINT;BIGINT;int_n_passes_counter_attack
intermediate;player_network_passes;n_passes_open_play;BIGINT;BIGINT;int_n_passes_open_play
intermediate;player_network_passes;n_passes_recovery;BIGINT;BIGINT;int_n_passes_recovery
intermediate;player_network_passes;n_passes_other;BIGINT;BIGINT;int_n_passes_other
intermediate;player_network_passes;n_progressive;BIGINT;BIGINT;int_n_progressive
intermediate;player_network_passes;n_creative;BIGINT;BIGINT;int_n_creative
intermediate;player_network_passes;n_buildup;BIGINT;BIGINT;int_n_buildup
intermediate;player_passes_raw;match_id;VARCHAR;VARCHAR;str_match_id
intermediate;player_passes_raw;chain_id;VARCHAR;VARCHAR;str_chain_id
intermediate;player_passes_raw;chain_trigger;VARCHAR;VARCHAR;str_chain_trigger
intermediate;player_passes_raw;team_id;BIGINT;VARCHAR;str_team_id
intermediate;player_passes_raw;passer_id;INTEGER;VARCHAR;str_passer_id
intermediate;player_passes_raw;receiver_id;INTEGER;VARCHAR;str_receiver_id
intermediate;player_passes_raw;row_num;INTEGER;INTEGER;int_row_num
intermediate;player_passes_raw;expanded_minute;INTEGER;INTEGER;int_expanded_minute
intermediate;player_passes_raw;second;INTEGER;INTEGER;int_second
intermediate;player_passes_raw;x;DOUBLE;DOUBLE;dec_x
intermediate;player_passes_raw;y;DOUBLE;DOUBLE;dec_y
intermediate;player_passes_raw;end_x;DOUBLE;DOUBLE;dec_end_x
intermediate;player_passes_raw;end_y;DOUBLE;DOUBLE;dec_end_y
intermediate;player_passes_raw;is_key_pass;INTEGER;INTEGER;int_is_key_pass
intermediate;player_passes_raw;is_shot_assist;INTEGER;INTEGER;int_is_shot_assist
intermediate;player_passes_raw;season;VARCHAR;VARCHAR;str_season
intermediate;player_passes_raw;league_source;VARCHAR;VARCHAR;str_league_source
intermediate;player_passes_raw;is_progressive;BOOLEAN;BOOLEAN;bool_is_progressive
intermediate;player_passes_raw;is_creative;BOOLEAN;BOOLEAN;bool_is_creative
intermediate;player_passes_raw;is_buildup;BOOLEAN;BOOLEAN;bool_is_buildup
intermediate;player_possession_chains;match_id;VARCHAR;VARCHAR;str_match_id
intermediate;player_possession_chains;season;VARCHAR;VARCHAR;str_season
intermediate;player_possession_chains;league_source;VARCHAR;VARCHAR;str_league_source
intermediate;player_possession_chains;chain_id;VARCHAR;VARCHAR;str_chain_id
intermediate;player_possession_chains;chain_number;HUGEINT;BIGINT;int_chain_number
intermediate;player_possession_chains;chain_team_id;BIGINT;VARCHAR;str_chain_team_id
intermediate;player_possession_chains;team_id;BIGINT;VARCHAR;str_team_id
intermediate;player_possession_chains;player_id;INTEGER;VARCHAR;str_player_id
intermediate;player_possession_chains;event_id;INTEGER;VARCHAR;str_event_id
intermediate;player_possession_chains;row_num;INTEGER;INTEGER;int_row_num
intermediate;player_possession_chains;expanded_minute;INTEGER;INTEGER;int_expanded_minute
intermediate;player_possession_chains;second;INTEGER;INTEGER;int_second
intermediate;player_possession_chains;period;INTEGER;INTEGER;int_period
intermediate;player_possession_chains;type_id;INTEGER;VARCHAR;str_type_id
intermediate;player_possession_chains;type_name;VARCHAR;VARCHAR;str_type_name
intermediate;player_possession_chains;outcome_id;INTEGER;VARCHAR;str_outcome_id
intermediate;player_possession_chains;is_shot;BOOLEAN;BOOLEAN;bool_is_shot
intermediate;player_possession_chains;x;DOUBLE;DOUBLE;dec_x
intermediate;player_possession_chains;y;DOUBLE;DOUBLE;dec_y
intermediate;player_possession_chains;is_rupture;INTEGER;INTEGER;int_is_rupture
intermediate;player_possession_chains;chain_trigger;VARCHAR;VARCHAR;str_chain_trigger
intermediate;player_possession_chains;certain_possessor;BIGINT;BIGINT;int_certain_possessor
intermediate;player_possession_chains;scraped_at;VARCHAR;TIMESTAMP;dt_scraped_at
intermediate;player_xg_chain;match_id;VARCHAR;VARCHAR;str_match_id
intermediate;player_xg_chain;chain_id;VARCHAR;VARCHAR;str_chain_id
intermediate;player_xg_chain;chain_number;HUGEINT;BIGINT;int_chain_number
intermediate;player_xg_chain;chain_team_id;BIGINT;VARCHAR;str_chain_team_id
intermediate;player_xg_chain;player_id;INTEGER;VARCHAR;str_player_id
intermediate;player_xg_chain;season;VARCHAR;VARCHAR;str_season
intermediate;player_xg_chain;league_source;VARCHAR;VARCHAR;str_league_source
intermediate;player_xg_chain;shot_event_id;INTEGER;VARCHAR;str_shot_event_id
intermediate;player_xg_chain;shot_type_id;INTEGER;VARCHAR;str_shot_type_id
intermediate;player_xg_chain;shot_minute;INTEGER;INTEGER;int_shot_minute
intermediate;player_xg_chain;xg_proxy;DECIMAL(3,2);DECIMAL(3,2);dec_xg_proxy
intermediate;player_xg_chain;is_counter_attack;BOOLEAN;BOOLEAN;bool_is_counter_attack
intermediate;player_xg_chain;position_in_chain;BIGINT;BIGINT;int_position_in_chain
intermediate;player_xg_chain;chain_length;BIGINT;BIGINT;int_chain_length
intermediate;player_xg_chain;position_weight;DOUBLE;DOUBLE;dec_position_weight
intermediate;player_xg_chain;is_shooter;BOOLEAN;BOOLEAN;bool_is_shooter
intermediate;player_xg_chain;is_assister;BOOLEAN;BOOLEAN;bool_is_assister
intermediate;player_xg_chain;xgchain;DECIMAL(3,2);DECIMAL(3,2);dec_xgchain
intermediate;player_xg_chain;xgchain_weighted;DOUBLE;DOUBLE;dec_xgchain_weighted
intermediate;player_xg_chain;xgbuildup;DECIMAL(3,2);DECIMAL(3,2);dec_xgbuildup
intermediate;player_xg_chain;xgbuildup_weighted;DOUBLE;DOUBLE;dec_xgbuildup_weighted
intermediate;player_zone_transitions;match_id;VARCHAR;VARCHAR;str_match_id
intermediate;player_zone_transitions;team_id;BIGINT;VARCHAR;str_team_id
intermediate;player_zone_transitions;player_id;INTEGER;VARCHAR;str_player_id
intermediate;player_zone_transitions;season;VARCHAR;VARCHAR;str_season
intermediate;player_zone_transitions;league_source;VARCHAR;VARCHAR;str_league_source
intermediate;player_zone_transitions;period;INTEGER;INTEGER;int_period
intermediate;player_zone_transitions;score_state;VARCHAR;VARCHAR;str_score_state
intermediate;player_zone_transitions;formation;VARCHAR;VARCHAR;str_formation
intermediate;player_zone_transitions;zone_from;VARCHAR;VARCHAR;str_zone_from
intermediate;player_zone_transitions;zone_to;VARCHAR;VARCHAR;str_zone_to
intermediate;player_zone_transitions;n_transitions;BIGINT;BIGINT;int_n_transitions
intermediate;player_zone_transitions;pct_transitions;DOUBLE;DOUBLE;dec_pct_transitions
intermediate;player_zone_transitions;progressive_rate;DOUBLE;DOUBLE;dec_progressive_rate
gold;rolling_corners;str_match_id;VARCHAR;VARCHAR;str_match_id
gold;rolling_corners;str_team_id;VARCHAR;VARCHAR;str_team_id
gold;rolling_corners;dt_date;DATE;DATE;dt_date
gold;rolling_corners;str_season;VARCHAR;VARCHAR;str_season
gold;rolling_corners;str_league_source;VARCHAR;VARCHAR;str_league_source
gold;rolling_corners;int_corners_for_3;HUGEINT;BIGINT;int_corners_for_3
gold;rolling_corners;dec_corner_danger_rate_for_3;DOUBLE;DOUBLE;dec_corner_danger_rate_for_3
gold;rolling_corners;dec_corner_conversion_rate_for_3;DOUBLE;DOUBLE;dec_corner_conversion_rate_for_3
gold;rolling_corners;int_corners_against_3;HUGEINT;BIGINT;int_corners_against_3
gold;rolling_corners;dec_corner_danger_rate_against_3;DOUBLE;DOUBLE;dec_corner_danger_rate_against_3
gold;rolling_corners;dec_corner_conversion_rate_against_3;DOUBLE;DOUBLE;dec_corner_conversion_rate_against_3
gold;rolling_corners;dec_corner_danger_intensity_for_3;DOUBLE;DOUBLE;dec_corner_danger_intensity_for_3
gold;rolling_corners;dec_corner_danger_intensity_against_3;DOUBLE;DOUBLE;dec_corner_danger_intensity_against_3
gold;rolling_corners;dec_corner_header_share_for_3;DOUBLE;DOUBLE;dec_corner_header_share_for_3
gold;rolling_corners;dec_corner_header_share_against_3;DOUBLE;DOUBLE;dec_corner_header_share_against_3
gold;rolling_corners;dec_corner_header_goal_share_for_3;DOUBLE;DOUBLE;dec_corner_header_goal_share_for_3
gold;rolling_corners;dec_corner_header_goal_share_against_3;DOUBLE;DOUBLE;dec_corner_header_goal_share_against_3
gold;rolling_corners;dec_corner_short_rate_for_3;DOUBLE;DOUBLE;dec_corner_short_rate_for_3
gold;rolling_corners;dec_corner_short_rate_against_3;DOUBLE;DOUBLE;dec_corner_short_rate_against_3
gold;rolling_corners;dec_corner_forced_bad_clearance_rate_for_3;DOUBLE;DOUBLE;dec_corner_forced_bad_clearance_rate_for_3
gold;rolling_corners;dec_corner_clearance_fail_rate_against_3;DOUBLE;DOUBLE;dec_corner_clearance_fail_rate_against_3
gold;rolling_corners;dec_corner_headed_clearance_rate_against_3;DOUBLE;DOUBLE;dec_corner_headed_clearance_rate_against_3
gold;rolling_corners;int_corners_for_5;HUGEINT;BIGINT;int_corners_for_5
gold;rolling_corners;dec_corner_danger_rate_for_5;DOUBLE;DOUBLE;dec_corner_danger_rate_for_5
gold;rolling_corners;dec_corner_conversion_rate_for_5;DOUBLE;DOUBLE;dec_corner_conversion_rate_for_5
gold;rolling_corners;int_corners_against_5;HUGEINT;BIGINT;int_corners_against_5
gold;rolling_corners;dec_corner_danger_rate_against_5;DOUBLE;DOUBLE;dec_corner_danger_rate_against_5
gold;rolling_corners;dec_corner_conversion_rate_against_5;DOUBLE;DOUBLE;dec_corner_conversion_rate_against_5
gold;rolling_corners;dec_corner_danger_intensity_for_5;DOUBLE;DOUBLE;dec_corner_danger_intensity_for_5
gold;rolling_corners;dec_corner_danger_intensity_against_5;DOUBLE;DOUBLE;dec_corner_danger_intensity_against_5
gold;rolling_corners;dec_corner_header_share_for_5;DOUBLE;DOUBLE;dec_corner_header_share_for_5
gold;rolling_corners;dec_corner_header_share_against_5;DOUBLE;DOUBLE;dec_corner_header_share_against_5
gold;rolling_corners;dec_corner_header_goal_share_for_5;DOUBLE;DOUBLE;dec_corner_header_goal_share_for_5
gold;rolling_corners;dec_corner_header_goal_share_against_5;DOUBLE;DOUBLE;dec_corner_header_goal_share_against_5
gold;rolling_corners;dec_corner_short_rate_for_5;DOUBLE;DOUBLE;dec_corner_short_rate_for_5
gold;rolling_corners;dec_corner_short_rate_against_5;DOUBLE;DOUBLE;dec_corner_short_rate_against_5
gold;rolling_corners;dec_corner_forced_bad_clearance_rate_for_5;DOUBLE;DOUBLE;dec_corner_forced_bad_clearance_rate_for_5
gold;rolling_corners;dec_corner_clearance_fail_rate_against_5;DOUBLE;DOUBLE;dec_corner_clearance_fail_rate_against_5
gold;rolling_corners;dec_corner_headed_clearance_rate_against_5;DOUBLE;DOUBLE;dec_corner_headed_clearance_rate_against_5
gold;rolling_corners;int_corners_for_10;HUGEINT;BIGINT;int_corners_for_10
gold;rolling_corners;dec_corner_danger_rate_for_10;DOUBLE;DOUBLE;dec_corner_danger_rate_for_10
gold;rolling_corners;dec_corner_conversion_rate_for_10;DOUBLE;DOUBLE;dec_corner_conversion_rate_for_10
gold;rolling_corners;int_corners_against_10;HUGEINT;BIGINT;int_corners_against_10
gold;rolling_corners;dec_corner_danger_rate_against_10;DOUBLE;DOUBLE;dec_corner_danger_rate_against_10
gold;rolling_corners;dec_corner_conversion_rate_against_10;DOUBLE;DOUBLE;dec_corner_conversion_rate_against_10
gold;rolling_corners;dec_corner_danger_intensity_for_10;DOUBLE;DOUBLE;dec_corner_danger_intensity_for_10
gold;rolling_corners;dec_corner_danger_intensity_against_10;DOUBLE;DOUBLE;dec_corner_danger_intensity_against_10
gold;rolling_corners;dec_corner_header_share_for_10;DOUBLE;DOUBLE;dec_corner_header_share_for_10
gold;rolling_corners;dec_corner_header_share_against_10;DOUBLE;DOUBLE;dec_corner_header_share_against_10
gold;rolling_corners;dec_corner_header_goal_share_for_10;DOUBLE;DOUBLE;dec_corner_header_goal_share_for_10
gold;rolling_corners;dec_corner_header_goal_share_against_10;DOUBLE;DOUBLE;dec_corner_header_goal_share_against_10
gold;rolling_corners;dec_corner_short_rate_for_10;DOUBLE;DOUBLE;dec_corner_short_rate_for_10
gold;rolling_corners;dec_corner_short_rate_against_10;DOUBLE;DOUBLE;dec_corner_short_rate_against_10
gold;rolling_corners;dec_corner_forced_bad_clearance_rate_for_10;DOUBLE;DOUBLE;dec_corner_forced_bad_clearance_rate_for_10
gold;rolling_corners;dec_corner_clearance_fail_rate_against_10;DOUBLE;DOUBLE;dec_corner_clearance_fail_rate_against_10
gold;rolling_corners;dec_corner_headed_clearance_rate_against_10;DOUBLE;DOUBLE;dec_corner_headed_clearance_rate_against_10
gold;rolling_freekicks;str_match_id;VARCHAR;VARCHAR;str_match_id
gold;rolling_freekicks;str_team_id;VARCHAR;VARCHAR;str_team_id
gold;rolling_freekicks;dt_date;DATE;DATE;dt_date
gold;rolling_freekicks;str_season;VARCHAR;VARCHAR;str_season
gold;rolling_freekicks;str_league_source;VARCHAR;VARCHAR;str_league_source
gold;rolling_freekicks;int_freekicks_for_3;HUGEINT;BIGINT;int_freekicks_for_3
gold;rolling_freekicks;dec_freekick_danger_rate_for_3;DOUBLE;DOUBLE;dec_freekick_danger_rate_for_3
gold;rolling_freekicks;dec_freekick_conversion_rate_for_3;DOUBLE;DOUBLE;dec_freekick_conversion_rate_for_3
gold;rolling_freekicks;int_freekicks_against_3;HUGEINT;BIGINT;int_freekicks_against_3
gold;rolling_freekicks;dec_freekick_danger_rate_against_3;DOUBLE;DOUBLE;dec_freekick_danger_rate_against_3
gold;rolling_freekicks;dec_freekick_conversion_rate_against_3;DOUBLE;DOUBLE;dec_freekick_conversion_rate_against_3
gold;rolling_freekicks;dec_freekick_danger_intensity_for_3;DOUBLE;DOUBLE;dec_freekick_danger_intensity_for_3
gold;rolling_freekicks;dec_freekick_danger_intensity_against_3;DOUBLE;DOUBLE;dec_freekick_danger_intensity_against_3
gold;rolling_freekicks;dec_freekick_header_share_for_3;DOUBLE;DOUBLE;dec_freekick_header_share_for_3
gold;rolling_freekicks;dec_freekick_header_share_against_3;DOUBLE;DOUBLE;dec_freekick_header_share_against_3
gold;rolling_freekicks;dec_freekick_header_goal_share_for_3;DOUBLE;DOUBLE;dec_freekick_header_goal_share_for_3
gold;rolling_freekicks;dec_freekick_header_goal_share_against_3;DOUBLE;DOUBLE;dec_freekick_header_goal_share_against_3
gold;rolling_freekicks;dec_freekick_forced_bad_clearance_rate_for_3;DOUBLE;DOUBLE;dec_freekick_forced_bad_clearance_rate_for_3
gold;rolling_freekicks;dec_freekick_clearance_fail_rate_against_3;DOUBLE;DOUBLE;dec_freekick_clearance_fail_rate_against_3
gold;rolling_freekicks;dec_freekick_headed_clearance_rate_against_3;DOUBLE;DOUBLE;dec_freekick_headed_clearance_rate_against_3
gold;rolling_freekicks;dec_freekick_direct_distance_avg_for_3;DOUBLE;DOUBLE;dec_freekick_direct_distance_avg_for_3
gold;rolling_freekicks;dec_freekick_direct_distance_avg_against_3;DOUBLE;DOUBLE;dec_freekick_direct_distance_avg_against_3
gold;rolling_freekicks;dec_freekick_direct_angle_avg_for_3;DOUBLE;DOUBLE;dec_freekick_direct_angle_avg_for_3
gold;rolling_freekicks;dec_freekick_direct_angle_avg_against_3;DOUBLE;DOUBLE;dec_freekick_direct_angle_avg_against_3
gold;rolling_freekicks;dec_freekick_zone_direct_rate_for_3;DOUBLE;DOUBLE;dec_freekick_zone_direct_rate_for_3
gold;rolling_freekicks;dec_freekick_zone_direct_rate_against_3;DOUBLE;DOUBLE;dec_freekick_zone_direct_rate_against_3
gold;rolling_freekicks;dec_freekick_zone_crossed_rate_for_3;DOUBLE;DOUBLE;dec_freekick_zone_crossed_rate_for_3
gold;rolling_freekicks;dec_freekick_zone_crossed_rate_against_3;DOUBLE;DOUBLE;dec_freekick_zone_crossed_rate_against_3
gold;rolling_freekicks;int_freekicks_for_5;HUGEINT;BIGINT;int_freekicks_for_5
gold;rolling_freekicks;dec_freekick_danger_rate_for_5;DOUBLE;DOUBLE;dec_freekick_danger_rate_for_5
gold;rolling_freekicks;dec_freekick_conversion_rate_for_5;DOUBLE;DOUBLE;dec_freekick_conversion_rate_for_5
gold;rolling_freekicks;int_freekicks_against_5;HUGEINT;BIGINT;int_freekicks_against_5
gold;rolling_freekicks;dec_freekick_danger_rate_against_5;DOUBLE;DOUBLE;dec_freekick_danger_rate_against_5
gold;rolling_freekicks;dec_freekick_conversion_rate_against_5;DOUBLE;DOUBLE;dec_freekick_conversion_rate_against_5
gold;rolling_freekicks;dec_freekick_danger_intensity_for_5;DOUBLE;DOUBLE;dec_freekick_danger_intensity_for_5
gold;rolling_freekicks;dec_freekick_danger_intensity_against_5;DOUBLE;DOUBLE;dec_freekick_danger_intensity_against_5
gold;rolling_freekicks;dec_freekick_header_share_for_5;DOUBLE;DOUBLE;dec_freekick_header_share_for_5
gold;rolling_freekicks;dec_freekick_header_share_against_5;DOUBLE;DOUBLE;dec_freekick_header_share_against_5
gold;rolling_freekicks;dec_freekick_header_goal_share_for_5;DOUBLE;DOUBLE;dec_freekick_header_goal_share_for_5
gold;rolling_freekicks;dec_freekick_header_goal_share_against_5;DOUBLE;DOUBLE;dec_freekick_header_goal_share_against_5
gold;rolling_freekicks;dec_freekick_forced_bad_clearance_rate_for_5;DOUBLE;DOUBLE;dec_freekick_forced_bad_clearance_rate_for_5
gold;rolling_freekicks;dec_freekick_clearance_fail_rate_against_5;DOUBLE;DOUBLE;dec_freekick_clearance_fail_rate_against_5
gold;rolling_freekicks;dec_freekick_headed_clearance_rate_against_5;DOUBLE;DOUBLE;dec_freekick_headed_clearance_rate_against_5
gold;rolling_freekicks;dec_freekick_direct_distance_avg_for_5;DOUBLE;DOUBLE;dec_freekick_direct_distance_avg_for_5
gold;rolling_freekicks;dec_freekick_direct_distance_avg_against_5;DOUBLE;DOUBLE;dec_freekick_direct_distance_avg_against_5
gold;rolling_freekicks;dec_freekick_direct_angle_avg_for_5;DOUBLE;DOUBLE;dec_freekick_direct_angle_avg_for_5
gold;rolling_freekicks;dec_freekick_direct_angle_avg_against_5;DOUBLE;DOUBLE;dec_freekick_direct_angle_avg_against_5
gold;rolling_freekicks;dec_freekick_zone_direct_rate_for_5;DOUBLE;DOUBLE;dec_freekick_zone_direct_rate_for_5
gold;rolling_freekicks;dec_freekick_zone_direct_rate_against_5;DOUBLE;DOUBLE;dec_freekick_zone_direct_rate_against_5
gold;rolling_freekicks;dec_freekick_zone_crossed_rate_for_5;DOUBLE;DOUBLE;dec_freekick_zone_crossed_rate_for_5
gold;rolling_freekicks;dec_freekick_zone_crossed_rate_against_5;DOUBLE;DOUBLE;dec_freekick_zone_crossed_rate_against_5
gold;rolling_freekicks;int_freekicks_for_10;HUGEINT;BIGINT;int_freekicks_for_10
gold;rolling_freekicks;dec_freekick_danger_rate_for_10;DOUBLE;DOUBLE;dec_freekick_danger_rate_for_10
gold;rolling_freekicks;dec_freekick_conversion_rate_for_10;DOUBLE;DOUBLE;dec_freekick_conversion_rate_for_10
gold;rolling_freekicks;int_freekicks_against_10;HUGEINT;BIGINT;int_freekicks_against_10
gold;rolling_freekicks;dec_freekick_danger_rate_against_10;DOUBLE;DOUBLE;dec_freekick_danger_rate_against_10
gold;rolling_freekicks;dec_freekick_conversion_rate_against_10;DOUBLE;DOUBLE;dec_freekick_conversion_rate_against_10
gold;rolling_freekicks;dec_freekick_danger_intensity_for_10;DOUBLE;DOUBLE;dec_freekick_danger_intensity_for_10
gold;rolling_freekicks;dec_freekick_danger_intensity_against_10;DOUBLE;DOUBLE;dec_freekick_danger_intensity_against_10
gold;rolling_freekicks;dec_freekick_header_share_for_10;DOUBLE;DOUBLE;dec_freekick_header_share_for_10
gold;rolling_freekicks;dec_freekick_header_share_against_10;DOUBLE;DOUBLE;dec_freekick_header_share_against_10
gold;rolling_freekicks;dec_freekick_header_goal_share_for_10;DOUBLE;DOUBLE;dec_freekick_header_goal_share_for_10
gold;rolling_freekicks;dec_freekick_header_goal_share_against_10;DOUBLE;DOUBLE;dec_freekick_header_goal_share_against_10
gold;rolling_freekicks;dec_freekick_forced_bad_clearance_rate_for_10;DOUBLE;DOUBLE;dec_freekick_forced_bad_clearance_rate_for_10
gold;rolling_freekicks;dec_freekick_clearance_fail_rate_against_10;DOUBLE;DOUBLE;dec_freekick_clearance_fail_rate_against_10
gold;rolling_freekicks;dec_freekick_headed_clearance_rate_against_10;DOUBLE;DOUBLE;dec_freekick_headed_clearance_rate_against_10
gold;rolling_freekicks;dec_freekick_direct_distance_avg_for_10;DOUBLE;DOUBLE;dec_freekick_direct_distance_avg_for_10
gold;rolling_freekicks;dec_freekick_direct_distance_avg_against_10;DOUBLE;DOUBLE;dec_freekick_direct_distance_avg_against_10
gold;rolling_freekicks;dec_freekick_direct_angle_avg_for_10;DOUBLE;DOUBLE;dec_freekick_direct_angle_avg_for_10
gold;rolling_freekicks;dec_freekick_direct_angle_avg_against_10;DOUBLE;DOUBLE;dec_freekick_direct_angle_avg_against_10
gold;rolling_freekicks;dec_freekick_zone_direct_rate_for_10;DOUBLE;DOUBLE;dec_freekick_zone_direct_rate_for_10
gold;rolling_freekicks;dec_freekick_zone_direct_rate_against_10;DOUBLE;DOUBLE;dec_freekick_zone_direct_rate_against_10
gold;rolling_freekicks;dec_freekick_zone_crossed_rate_for_10;DOUBLE;DOUBLE;dec_freekick_zone_crossed_rate_for_10
gold;rolling_freekicks;dec_freekick_zone_crossed_rate_against_10;DOUBLE;DOUBLE;dec_freekick_zone_crossed_rate_against_10
audits;scraping_targets_int_fbref_keeper;team;VARCHAR;VARCHAR;str_team
audits;scraping_targets_int_fbref_keeper;season;VARCHAR;VARCHAR;str_season
audits;scraping_targets_int_fbref_shooting;team;VARCHAR;VARCHAR;str_team
audits;scraping_targets_int_fbref_shooting;season;VARCHAR;VARCHAR;str_season
gold;team_corridor_profile;str_match_id;VARCHAR;VARCHAR;str_match_id
gold;team_corridor_profile;str_team_id;VARCHAR;VARCHAR;str_team_id
gold;team_corridor_profile;str_opponent_id;VARCHAR;VARCHAR;str_opponent_id
gold;team_corridor_profile;str_corridor;VARCHAR;VARCHAR;str_corridor
gold;team_corridor_profile;dec_off_strength;DOUBLE;DOUBLE;dec_off_strength
gold;team_corridor_profile;dec_off_cross_strength;DOUBLE;DOUBLE;dec_off_cross_strength
gold;team_corridor_profile;dec_off_dribble_strength;DOUBLE;DOUBLE;dec_off_dribble_strength
gold;team_corridor_profile;dec_off_central_progression;DOUBLE;DOUBLE;dec_off_central_progression
gold;team_corridor_profile;dec_off_central_touch;DOUBLE;DOUBLE;dec_off_central_touch
gold;team_corridor_profile;dec_def_central_density;DOUBLE;DOUBLE;dec_def_central_density
gold;team_corridor_profile;dec_def_solidity;DOUBLE;DOUBLE;dec_def_solidity
intermediate;team_features_ws;match_id;VARCHAR;VARCHAR;str_match_id
intermediate;team_features_ws;team_id;BIGINT;VARCHAR;str_team_id
intermediate;team_features_ws;ws_field_tilt_actions;DOUBLE;DOUBLE;dec_ws_field_tilt_actions
intermediate;team_features_ws;ws_high_turnover_rate;DOUBLE;DOUBLE;dec_ws_high_turnover_rate
intermediate;team_features_ws;ws_deep_completion_rt;DOUBLE;DOUBLE;dec_ws_deep_completion_rt
intermediate;team_features_ws;ws_momentum_delta;DOUBLE;DOUBLE;dec_ws_momentum_delta
intermediate;team_features_ws;ws_counter_shot_rate;DOUBLE;DOUBLE;dec_ws_counter_shot_rate
intermediate;team_features_ws;ws_set_piece_pressure;DOUBLE;DOUBLE;dec_ws_set_piece_pressure
intermediate;team_features_ws;ws_attack_left_pct;DOUBLE;DOUBLE;dec_ws_attack_left_pct
intermediate;team_features_ws;ws_attack_center_pct;DOUBLE;DOUBLE;dec_ws_attack_center_pct
intermediate;team_features_ws;ws_attack_right_pct;DOUBLE;DOUBLE;dec_ws_attack_right_pct
intermediate;team_features_ws;ws_zone_def_pct;DOUBLE;DOUBLE;dec_ws_zone_def_pct
intermediate;team_features_ws;ws_zone_mid_pct;DOUBLE;DOUBLE;dec_ws_zone_mid_pct
intermediate;team_features_ws;ws_zone_att_pct;DOUBLE;DOUBLE;dec_ws_zone_att_pct
intermediate;team_features_ws;ws_shot_six_yard_pct;DOUBLE;DOUBLE;dec_ws_shot_six_yard_pct
intermediate;team_features_ws;ws_shot_penalty_pct;DOUBLE;DOUBLE;dec_ws_shot_penalty_pct
intermediate;team_features_ws;ws_shot_oob_pct;DOUBLE;DOUBLE;dec_ws_shot_oob_pct
intermediate;team_features_ws;ws_shot_open_play_pct;DOUBLE;DOUBLE;dec_ws_shot_open_play_pct
intermediate;team_features_ws;ws_shot_set_piece_pct;DOUBLE;DOUBLE;dec_ws_shot_set_piece_pct
intermediate;team_features_ws;ws_shot_penalty_att_pct;DOUBLE;DOUBLE;dec_ws_shot_penalty_att_pct
intermediate;team_features_ws;ws_conversion_rate;DOUBLE;DOUBLE;dec_ws_conversion_rate
intermediate;team_features_ws;ws_cross_rate;DOUBLE;DOUBLE;dec_ws_cross_rate
intermediate;team_features_ws;ws_through_ball_rate;DOUBLE;DOUBLE;dec_ws_through_ball_rate
intermediate;team_features_ws;ws_long_ball_rate;DOUBLE;DOUBLE;dec_ws_long_ball_rate
intermediate;team_features_ws;ws_short_pass_rate;DOUBLE;DOUBLE;dec_ws_short_pass_rate
intermediate;team_features_ws;ws_def_exposed_left_pct;DOUBLE;DOUBLE;dec_ws_def_exposed_left_pct
intermediate;team_features_ws;ws_def_exposed_center_pct;DOUBLE;DOUBLE;dec_ws_def_exposed_center_pct
intermediate;team_features_ws;ws_def_exposed_right_pct;DOUBLE;DOUBLE;dec_ws_def_exposed_right_pct
intermediate;team_features_ws;ws_counter_attack_dna;DOUBLE;DOUBLE;dec_ws_counter_attack_dna
intermediate;team_features_ws;ws_midfield_control_idx;DOUBLE;DOUBLE;dec_ws_midfield_control_idx
intermediate;team_features_ws;ws_defensive_line_height;DOUBLE;DOUBLE;dec_ws_defensive_line_height
intermediate;team_features_ws;ws_flank_exposure_asymm;DOUBLE;DOUBLE;dec_ws_flank_exposure_asymm
intermediate;team_network_features;match_id;VARCHAR;VARCHAR;str_match_id
intermediate;team_network_features;team_id;BIGINT;VARCHAR;str_team_id
intermediate;team_network_features;season;VARCHAR;VARCHAR;str_season
intermediate;team_network_features;league_source;VARCHAR;VARCHAR;str_league_source
intermediate;team_network_features;n_players;BIGINT;BIGINT;int_n_players
intermediate;team_network_features;n_edges;HUGEINT;BIGINT;int_n_edges
intermediate;team_network_features;network_density;DOUBLE;DOUBLE;dec_network_density
intermediate;team_network_features;top_creator_share;DOUBLE;DOUBLE;dec_top_creator_share
intermediate;team_network_features;avg_betweenness;DOUBLE;DOUBLE;dec_avg_betweenness
intermediate;team_network_features;network_entropy;DOUBLE;DOUBLE;dec_network_entropy
intermediate;team_network_features;centroid_x;DOUBLE;DOUBLE;dec_centroid_x
intermediate;team_network_features;centroid_y;DOUBLE;DOUBLE;dec_centroid_y
intermediate;team_network_features;centroid_x_progressive;DOUBLE;DOUBLE;dec_centroid_x_progressive
intermediate;team_network_features;centroid_y_progressive;DOUBLE;DOUBLE;dec_centroid_y_progressive
intermediate;threat_conceded;match_id;VARCHAR;VARCHAR;str_match_id
intermediate;threat_conceded;chain_id;VARCHAR;VARCHAR;str_chain_id
intermediate;threat_conceded;chain_number;HUGEINT;BIGINT;int_chain_number
intermediate;threat_conceded;chain_team_id;BIGINT;VARCHAR;str_chain_team_id
intermediate;threat_conceded;player_id;INTEGER;VARCHAR;str_player_id
intermediate;threat_conceded;team_id;BIGINT;VARCHAR;str_team_id
intermediate;threat_conceded;season;VARCHAR;VARCHAR;str_season
intermediate;threat_conceded;league_source;VARCHAR;VARCHAR;str_league_source
intermediate;threat_conceded;xg_proxy;DECIMAL(3,2);DECIMAL(3,2);dec_xg_proxy
intermediate;threat_conceded;is_penalty;BOOLEAN;BOOLEAN;bool_is_penalty
intermediate;threat_conceded;position_in_chain;BIGINT;BIGINT;int_position_in_chain
intermediate;threat_conceded;chain_length;BIGINT;BIGINT;int_chain_length
intermediate;threat_conceded;position_weight;DOUBLE;DOUBLE;dec_position_weight
intermediate;threat_conceded;is_keeper;BOOLEAN;BOOLEAN;bool_is_keeper
intermediate;threat_conceded;has_error_leading_to_goal;BOOLEAN;BOOLEAN;bool_has_error_leading_to_goal
intermediate;threat_conceded;threat_conceded;DECIMAL(3,2);DECIMAL(3,2);dec_threat_conceded
intermediate;threat_conceded;threat_conceded_weighted;DOUBLE;DOUBLE;dec_threat_conceded_weighted
machine_learning;xgot_features;match_id;VARCHAR;VARCHAR;str_match_id
machine_learning;xgot_features;row_num;INTEGER;INTEGER;int_row_num
machine_learning;xgot_features;season;VARCHAR;VARCHAR;str_season
machine_learning;xgot_features;is_goal;BOOLEAN;BOOLEAN;bool_is_goal
machine_learning;xgot_features;offset_center;DOUBLE;DOUBLE;dec_offset_center
machine_learning;xgot_features;height;DOUBLE;DOUBLE;dec_height
machine_learning;xgot_features;corner_dist;DOUBLE;DOUBLE;dec_corner_dist
machine_learning;xgot_features;placement_col;VARCHAR;VARCHAR;str_placement_col
machine_learning;xgot_features;placement_row;VARCHAR;VARCHAR;str_placement_row
machine_learning;xgot_features;placement_zone;VARCHAR;VARCHAR;str_placement_zone
machine_learning;xgot_features;x;DOUBLE;DOUBLE;dec_x
machine_learning;xgot_features;y;DOUBLE;DOUBLE;dec_y
machine_learning;xgot_features;shot_distance_m;DOUBLE;DOUBLE;dec_shot_distance_m
machine_learning;xgot_features;shot_angle_rad;DOUBLE;DOUBLE;dec_shot_angle_rad
machine_learning;xgot_features;pre_shot_xg_proxy;DECIMAL(3,2);DECIMAL(3,2);dec_pre_shot_xg_proxy
machine_learning;xgot_training;match_id;VARCHAR;VARCHAR;str_match_id
machine_learning;xgot_training;row_num;INTEGER;INTEGER;int_row_num
machine_learning;xgot_training;season;VARCHAR;VARCHAR;str_season
machine_learning;xgot_training;offset_center;DOUBLE;DOUBLE;dec_offset_center
machine_learning;xgot_training;height;DOUBLE;DOUBLE;dec_height
machine_learning;xgot_training;corner_dist;DOUBLE;DOUBLE;dec_corner_dist
machine_learning;xgot_training;placement_col;VARCHAR;VARCHAR;str_placement_col
machine_learning;xgot_training;placement_row;VARCHAR;VARCHAR;str_placement_row
machine_learning;xgot_training;placement_zone;VARCHAR;VARCHAR;str_placement_zone
machine_learning;xgot_training;x;DOUBLE;DOUBLE;dec_x
machine_learning;xgot_training;y;DOUBLE;DOUBLE;dec_y
machine_learning;xgot_training;shot_distance_m;DOUBLE;DOUBLE;dec_shot_distance_m
machine_learning;xgot_training;shot_angle_rad;DOUBLE;DOUBLE;dec_shot_angle_rad
machine_learning;xgot_training;pre_shot_xg_proxy;DECIMAL(3,2);DECIMAL(3,2);dec_pre_shot_xg_proxy
machine_learning;xgot_training;label;INTEGER;INTEGER;int_label
gold;zone_confrontation_match;match_id;VARCHAR;VARCHAR;str_match_id
gold;zone_confrontation_match;attacking_team_id;BIGINT;VARCHAR;str_attacking_team_id
gold;zone_confrontation_match;defending_team_id;BIGINT;VARCHAR;str_defending_team_id
gold;zone_confrontation_match;attack_corridor;VARCHAR;VARCHAR;str_attack_corridor
gold;zone_confrontation_match;off_strength;DOUBLE;DOUBLE;dec_off_strength
gold;zone_confrontation_match;opp_def_solidity;DOUBLE;DOUBLE;dec_opp_def_solidity
gold;zone_confrontation_match;matchup_danger_by_corridor;DOUBLE;DOUBLE;dec_matchup_danger_by_corridor
gold;zone_confrontation_match;matchup_cross_threat;DOUBLE;DOUBLE;dec_matchup_cross_threat
gold;zone_confrontation_match;matchup_dribble_threat;DOUBLE;DOUBLE;dec_matchup_dribble_threat
gold;zone_confrontation_match;matchup_central_control;DOUBLE;DOUBLE;dec_matchup_central_control
gold;zone_confrontation_match;self_central_progression;DOUBLE;DOUBLE;dec_self_central_progression
gold;zone_confrontation_match;self_central_touch;DOUBLE;DOUBLE;dec_self_central_touch
gold;zone_confrontation_match;opp_central_def_density;DOUBLE;DOUBLE;dec_opp_central_def_density
