nom_schema;nom_table;nom_variable;type_variable;new_nom_variable
audits;scraping_targets_int_fbref_keeper;season;string;str_season
audits;scraping_targets_int_fbref_keeper;team;string;str_team
audits;scraping_targets_int_fbref_shooting;season;string;str_season
audits;scraping_targets_int_fbref_shooting;team;string;str_team
gold;equipe_adversaire_match;date;date/timestamp;dt_date
gold;equipe_adversaire_match;h2h_avg_ga_10;float;dec_h2h_avg_ga_10
gold;equipe_adversaire_match;h2h_avg_gf_10;float;dec_h2h_avg_gf_10
gold;equipe_adversaire_match;h2h_avg_xg_diff_10;float;dec_h2h_avg_xg_diff_10
gold;equipe_adversaire_match;h2h_draw_rate_cutoff;float;dec_h2h_draw_rate_cutoff
gold;equipe_adversaire_match;h2h_home_played;integer;int_h2h_home_played
gold;equipe_adversaire_match;h2h_home_win_rate_cutoff;float;dec_h2h_home_win_rate_cutoff
gold;equipe_adversaire_match;h2h_loss_rate_cutoff;float;dec_h2h_loss_rate_cutoff
gold;equipe_adversaire_match;h2h_played;integer;int_h2h_played
gold;equipe_adversaire_match;h2h_win_rate_cutoff;float;dec_h2h_win_rate_cutoff
gold;equipe_adversaire_match;league_source;string;str_league_source
gold;equipe_adversaire_match;match_id;string;str_match_id
gold;equipe_adversaire_match;opponent_id;string;str_opponent_id
gold;equipe_adversaire_match;season;string;str_season
gold;equipe_adversaire_match;team_id;string;str_team_id
gold;equipe_confrontation_match;match_id;string;str_match_id
gold;equipe_confrontation_match;matchup_high_press_vs_buildup_rolling_10;float;dec_matchup_high_press_vs_buildup_rolling_10
gold;equipe_confrontation_match;matchup_high_press_vs_buildup_rolling_3;float;dec_matchup_high_press_vs_buildup_rolling_3
gold;equipe_confrontation_match;matchup_high_press_vs_buildup_rolling_5;float;dec_matchup_high_press_vs_buildup_rolling_5
gold;equipe_confrontation_match;opp_press_ppda_rolling_10;float;dec_opp_press_ppda_rolling_10
gold;equipe_confrontation_match;opp_press_ppda_rolling_3;float;dec_opp_press_ppda_rolling_3
gold;equipe_confrontation_match;opp_press_ppda_rolling_5;float;dec_opp_press_ppda_rolling_5
gold;equipe_confrontation_match;opp_team_xgbuildup_lag;float;dec_opp_team_xgbuildup_lag
gold;equipe_confrontation_match;opponent_id;string;str_opponent_id
gold;equipe_confrontation_match;self_buildup_resistance_rolling_10;float;dec_self_buildup_resistance_rolling_10
gold;equipe_confrontation_match;self_buildup_resistance_rolling_3;float;dec_self_buildup_resistance_rolling_3
gold;equipe_confrontation_match;self_buildup_resistance_rolling_5;float;dec_self_buildup_resistance_rolling_5
gold;equipe_confrontation_match;self_team_xgbuildup_lag;float;dec_self_team_xgbuildup_lag
gold;equipe_confrontation_match;team_id;string;str_team_id
gold;equipe_confrontation_zone;match_id;string;str_match_id
gold;equipe_confrontation_zone;team_id;string;str_team_id
gold;equipe_gardien_match;match_id;string;str_match_id
gold;equipe_gardien_match;team_id;string;str_team_id
gold;equipe_lineup_match;lineup_avg_aerial_win_rate_lag;float;dec_lineup_avg_aerial_win_rate_lag
gold;equipe_lineup_match;lineup_avg_def_actions_per90_lag;float;dec_lineup_avg_def_actions_per90_lag
gold;equipe_lineup_match;lineup_avg_shots_per90_lag;float;dec_lineup_avg_shots_per90_lag
gold;equipe_lineup_match;lineup_sum_xg_per90_lag;float;dec_lineup_sum_xg_per90_lag
gold;equipe_lineup_match;match_id;string;str_match_id
gold;equipe_lineup_match;n_starters_profiled;integer;int_n_starters_profiled
gold;equipe_lineup_match;team_id;string;str_team_id
gold;equipe_match;attack_center_pct_rolling_10;float;dec_attack_center_pct_rolling_10
gold;equipe_match;attack_center_pct_rolling_3;float;dec_attack_center_pct_rolling_3
gold;equipe_match;attack_center_pct_rolling_5;float;dec_attack_center_pct_rolling_5
gold;equipe_match;attack_left_pct_rolling_10;float;dec_attack_left_pct_rolling_10
gold;equipe_match;attack_left_pct_rolling_3;float;dec_attack_left_pct_rolling_3
gold;equipe_match;attack_left_pct_rolling_5;float;dec_attack_left_pct_rolling_5
gold;equipe_match;attack_right_pct_rolling_10;float;dec_attack_right_pct_rolling_10
gold;equipe_match;attack_right_pct_rolling_3;float;dec_attack_right_pct_rolling_3
gold;equipe_match;attack_right_pct_rolling_5;float;dec_attack_right_pct_rolling_5
gold;equipe_match;avg_ga_rolling_10;float;dec_avg_ga_rolling_10
gold;equipe_match;avg_ga_rolling_3;float;dec_avg_ga_rolling_3
gold;equipe_match;avg_ga_rolling_5;float;dec_avg_ga_rolling_5
gold;equipe_match;avg_gf_rolling_10;float;dec_avg_gf_rolling_10
gold;equipe_match;avg_gf_rolling_3;float;dec_avg_gf_rolling_3
gold;equipe_match;avg_gf_rolling_5;float;dec_avg_gf_rolling_5
gold;equipe_match;avg_np_xg_conceded_rolling_10;float;dec_avg_np_xg_conceded_rolling_10
gold;equipe_match;avg_np_xg_conceded_rolling_3;float;dec_avg_np_xg_conceded_rolling_3
gold;equipe_match;avg_np_xg_conceded_rolling_5;float;dec_avg_np_xg_conceded_rolling_5
gold;equipe_match;avg_np_xg_diff_rolling_10;float;dec_avg_np_xg_diff_rolling_10
gold;equipe_match;avg_np_xg_diff_rolling_3;float;dec_avg_np_xg_diff_rolling_3
gold;equipe_match;avg_np_xg_diff_rolling_5;float;dec_avg_np_xg_diff_rolling_5
gold;equipe_match;avg_np_xg_rolling_10;float;dec_avg_np_xg_rolling_10
gold;equipe_match;avg_np_xg_rolling_3;float;dec_avg_np_xg_rolling_3
gold;equipe_match;avg_np_xg_rolling_5;float;dec_avg_np_xg_rolling_5
gold;equipe_match;clean_sheet_rate_rolling_10;float;dec_clean_sheet_rate_rolling_10
gold;equipe_match;clean_sheet_rate_rolling_3;float;dec_clean_sheet_rate_rolling_3
gold;equipe_match;clean_sheet_rate_rolling_5;float;dec_clean_sheet_rate_rolling_5
gold;equipe_match;comp_category;string;str_comp_category
gold;equipe_match;corners_against_rolling_10;float;dec_corners_against_rolling_10
gold;equipe_match;corners_against_rolling_3;float;dec_corners_against_rolling_3
gold;equipe_match;corners_against_rolling_5;float;dec_corners_against_rolling_5
gold;equipe_match;corners_for_rolling_10;float;dec_corners_for_rolling_10
gold;equipe_match;corners_for_rolling_3;float;dec_corners_for_rolling_3
gold;equipe_match;corners_for_rolling_5;float;dec_corners_for_rolling_5
gold;equipe_match;counter_attack_dna_rolling_10;float;dec_counter_attack_dna_rolling_10
gold;equipe_match;counter_attack_dna_rolling_3;float;dec_counter_attack_dna_rolling_3
gold;equipe_match;counter_attack_dna_rolling_5;float;dec_counter_attack_dna_rolling_5
gold;equipe_match;cross_rate_rolling_10;float;dec_cross_rate_rolling_10
gold;equipe_match;cross_rate_rolling_3;float;dec_cross_rate_rolling_3
gold;equipe_match;cross_rate_rolling_5;float;dec_cross_rate_rolling_5
gold;equipe_match;date;date/timestamp;dt_date
gold;equipe_match;days_since_last_game;integer;int_days_since_last_game
gold;equipe_match;def_exposed_center_pct_rolling_10;float;dec_def_exposed_center_pct_rolling_10
gold;equipe_match;def_exposed_center_pct_rolling_3;float;dec_def_exposed_center_pct_rolling_3
gold;equipe_match;def_exposed_center_pct_rolling_5;float;dec_def_exposed_center_pct_rolling_5
gold;equipe_match;def_exposed_left_pct_rolling_10;float;dec_def_exposed_left_pct_rolling_10
gold;equipe_match;def_exposed_left_pct_rolling_3;float;dec_def_exposed_left_pct_rolling_3
gold;equipe_match;def_exposed_left_pct_rolling_5;float;dec_def_exposed_left_pct_rolling_5
gold;equipe_match;def_exposed_right_pct_rolling_10;float;dec_def_exposed_right_pct_rolling_10
gold;equipe_match;def_exposed_right_pct_rolling_3;float;dec_def_exposed_right_pct_rolling_3
gold;equipe_match;def_exposed_right_pct_rolling_5;float;dec_def_exposed_right_pct_rolling_5
gold;equipe_match;defensive_line_height_rolling_10;float;dec_defensive_line_height_rolling_10
gold;equipe_match;defensive_line_height_rolling_3;float;dec_defensive_line_height_rolling_3
gold;equipe_match;defensive_line_height_rolling_5;float;dec_defensive_line_height_rolling_5
gold;equipe_match;draw_rate_rolling_10;float;dec_draw_rate_rolling_10
gold;equipe_match;draw_rate_rolling_3;float;dec_draw_rate_rolling_3
gold;equipe_match;draw_rate_rolling_5;float;dec_draw_rate_rolling_5
gold;equipe_match;failed_to_score_rate_rolling_10;float;dec_failed_to_score_rate_rolling_10
gold;equipe_match;failed_to_score_rate_rolling_3;float;dec_failed_to_score_rate_rolling_3
gold;equipe_match;failed_to_score_rate_rolling_5;float;dec_failed_to_score_rate_rolling_5
gold;equipe_match;field_tilt_rolling_10;float;dec_field_tilt_rolling_10
gold;equipe_match;field_tilt_rolling_3;float;dec_field_tilt_rolling_3
gold;equipe_match;field_tilt_rolling_5;float;dec_field_tilt_rolling_5
gold;equipe_match;fouls_committed_rolling_10;float;dec_fouls_committed_rolling_10
gold;equipe_match;fouls_committed_rolling_3;float;dec_fouls_committed_rolling_3
gold;equipe_match;fouls_committed_rolling_5;float;dec_fouls_committed_rolling_5
gold;equipe_match;fouls_drawn_rolling_10;float;dec_fouls_drawn_rolling_10
gold;equipe_match;fouls_drawn_rolling_3;float;dec_fouls_drawn_rolling_3
gold;equipe_match;fouls_drawn_rolling_5;float;dec_fouls_drawn_rolling_5
gold;equipe_match;is_home;integer;int_is_home
gold;equipe_match;league_source;string;str_league_source
gold;equipe_match;long_ball_rate_rolling_10;float;dec_long_ball_rate_rolling_10
gold;equipe_match;long_ball_rate_rolling_3;float;dec_long_ball_rate_rolling_3
gold;equipe_match;long_ball_rate_rolling_5;float;dec_long_ball_rate_rolling_5
gold;equipe_match;loss_rate_rolling_10;float;dec_loss_rate_rolling_10
gold;equipe_match;loss_rate_rolling_3;float;dec_loss_rate_rolling_3
gold;equipe_match;loss_rate_rolling_5;float;dec_loss_rate_rolling_5
gold;equipe_match;match_id;string;str_match_id
gold;equipe_match;opponent_id;string;str_opponent_id
gold;equipe_match;points_rolling_10;float;dec_points_rolling_10
gold;equipe_match;points_rolling_3;float;dec_points_rolling_3
gold;equipe_match;points_rolling_5;float;dec_points_rolling_5
gold;equipe_match;ppda_allowed_rolling_10;float;dec_ppda_allowed_rolling_10
gold;equipe_match;ppda_allowed_rolling_3;float;dec_ppda_allowed_rolling_3
gold;equipe_match;ppda_allowed_rolling_5;float;dec_ppda_allowed_rolling_5
gold;equipe_match;ppda_rolling_10;float;dec_ppda_rolling_10
gold;equipe_match;ppda_rolling_3;float;dec_ppda_rolling_3
gold;equipe_match;ppda_rolling_5;float;dec_ppda_rolling_5
gold;equipe_match;season;string;str_season
gold;equipe_match;season_xg_per_shot_against_lag;float;dec_season_xg_per_shot_against_lag
gold;equipe_match;season_xg_per_shot_for_lag;float;dec_season_xg_per_shot_for_lag
gold;equipe_match;set_piece_reliance_rolling_10;float;dec_set_piece_reliance_rolling_10
gold;equipe_match;set_piece_reliance_rolling_3;float;dec_set_piece_reliance_rolling_3
gold;equipe_match;set_piece_reliance_rolling_5;float;dec_set_piece_reliance_rolling_5
gold;equipe_match;shot_open_play_pct_rolling_10;float;dec_shot_open_play_pct_rolling_10
gold;equipe_match;shot_open_play_pct_rolling_3;float;dec_shot_open_play_pct_rolling_3
gold;equipe_match;shot_open_play_pct_rolling_5;float;dec_shot_open_play_pct_rolling_5
gold;equipe_match;shot_set_piece_pct_rolling_10;float;dec_shot_set_piece_pct_rolling_10
gold;equipe_match;shot_set_piece_pct_rolling_3;float;dec_shot_set_piece_pct_rolling_3
gold;equipe_match;shot_set_piece_pct_rolling_5;float;dec_shot_set_piece_pct_rolling_5
gold;equipe_match;shot_six_yard_pct_rolling_10;float;dec_shot_six_yard_pct_rolling_10
gold;equipe_match;shot_six_yard_pct_rolling_3;float;dec_shot_six_yard_pct_rolling_3
gold;equipe_match;shot_six_yard_pct_rolling_5;float;dec_shot_six_yard_pct_rolling_5
gold;equipe_match;shots_blocked_rolling_10;float;dec_shots_blocked_rolling_10
gold;equipe_match;shots_blocked_rolling_3;float;dec_shots_blocked_rolling_3
gold;equipe_match;shots_blocked_rolling_5;float;dec_shots_blocked_rolling_5
gold;equipe_match;shots_ot_rolling_10;float;dec_shots_ot_rolling_10
gold;equipe_match;shots_ot_rolling_3;float;dec_shots_ot_rolling_3
gold;equipe_match;shots_ot_rolling_5;float;dec_shots_ot_rolling_5
gold;equipe_match;shots_rolling_10;float;dec_shots_rolling_10
gold;equipe_match;shots_rolling_3;float;dec_shots_rolling_3
gold;equipe_match;shots_rolling_5;float;dec_shots_rolling_5
gold;equipe_match;team_id;string;str_team_id
gold;equipe_match;through_ball_rate_rolling_10;float;dec_through_ball_rate_rolling_10
gold;equipe_match;through_ball_rate_rolling_3;float;dec_through_ball_rate_rolling_3
gold;equipe_match;through_ball_rate_rolling_5;float;dec_through_ball_rate_rolling_5
gold;equipe_match;venue;string;str_venue
gold;equipe_match;win_rate_rolling_10;float;dec_win_rate_rolling_10
gold;equipe_match;win_rate_rolling_3;float;dec_win_rate_rolling_3
gold;equipe_match;win_rate_rolling_5;float;dec_win_rate_rolling_5
gold;equipe_match;yellow_cards_rolling_10;float;dec_yellow_cards_rolling_10
gold;equipe_match;yellow_cards_rolling_3;float;dec_yellow_cards_rolling_3
gold;equipe_match;yellow_cards_rolling_5;float;dec_yellow_cards_rolling_5
gold;gardien_saison;keeper_id;string;str_keeper_id
gold;gardien_saison;keeper_psxg_per_shot_lag;float;dec_keeper_psxg_per_shot_lag
gold;gardien_saison;keeper_psxg_plus_minus_lag;float;dec_keeper_psxg_plus_minus_lag
gold;gardien_saison;keeper_save_pct_lag;float;dec_keeper_save_pct_lag
gold;gardien_saison;keeper_shots_faced_lag;integer;int_keeper_shots_faced_lag
gold;gardien_saison;profile_confidence_flag;string;str_profile_confidence_flag
gold;gardien_saison;season;string;str_season
gold;joueur_match;is_home;integer;int_is_home
gold;joueur_match;match_id;string;str_match_id
gold;joueur_match;off_xg_per_shot_lag;float;dec_off_xg_per_shot_lag
gold;joueur_match;opponent_id;string;str_opponent_id
gold;joueur_match;player_id;string;str_player_id
gold;joueur_match;scorer_context_vs_opponent_style;float;dec_scorer_context_vs_opponent_style
gold;joueur_match;scorer_freekick_taker_lag;integer;int_scorer_freekick_taker_lag
gold;joueur_match;scorer_penalty_taker_lag;integer;int_scorer_penalty_taker_lag
gold;joueur_match;scorer_shots_per90_lag;float;dec_scorer_shots_per90_lag
gold;joueur_match;scorer_team_shot_share_lag;float;dec_scorer_team_shot_share_lag
gold;joueur_match;scorer_xg_per90_lag;float;dec_scorer_xg_per90_lag
gold;joueur_match;team_id;string;str_team_id
gold;joueur_saison;date;date/timestamp;dt_date
gold;joueur_saison;def_actions_per90_lag;float;dec_def_actions_per90_lag
gold;joueur_saison;def_aerial_win_rate_lag;float;dec_def_aerial_win_rate_lag
gold;joueur_saison;def_errors_per90_lag;float;dec_def_errors_per90_lag
gold;joueur_saison;def_threat_conceded_per90_lag;float;dec_def_threat_conceded_per90_lag
gold;joueur_saison;match_id;string;str_match_id
gold;joueur_saison;minutes_lag;integer;int_minutes_lag
gold;joueur_saison;n_apps_lag;integer;int_n_apps_lag
gold;joueur_saison;off_chances_created_per90_lag;float;dec_off_chances_created_per90_lag
gold;joueur_saison;off_key_passes_per90_lag;float;dec_off_key_passes_per90_lag
gold;joueur_saison;off_xg_per_shot_lag;float;dec_off_xg_per_shot_lag
gold;joueur_saison;off_xgbuildup_per90_lag;float;dec_off_xgbuildup_per90_lag
gold;joueur_saison;off_xgchain_per90_lag;float;dec_off_xgchain_per90_lag
gold;joueur_saison;player_card_propensity_lag;float;dec_player_card_propensity_lag
gold;joueur_saison;player_id;string;str_player_id
gold;joueur_saison;profile_confidence_flag;string;str_profile_confidence_flag
gold;joueur_saison;scorer_freekick_taker_lag;integer;int_scorer_freekick_taker_lag
gold;joueur_saison;scorer_penalty_taker_lag;integer;int_scorer_penalty_taker_lag
gold;joueur_saison;scorer_shots_per90_lag;float;dec_scorer_shots_per90_lag
gold;joueur_saison;scorer_team_shot_share_lag;float;dec_scorer_team_shot_share_lag
gold;joueur_saison;scorer_xg_per90_lag;float;dec_scorer_xg_per90_lag
gold;joueur_saison;scorer_xgot_overperformance_lag;float;dec_scorer_xgot_overperformance_lag
gold;joueur_saison;season;string;str_season
gold;joueur_saison;team_id;string;str_team_id
gold;joueur_zone_saison;def_actions_by_zone_lag;float;dec_def_actions_by_zone_lag
gold;joueur_zone_saison;def_duel_win_rate_by_zone_lag;float;dec_def_duel_win_rate_by_zone_lag
gold;joueur_zone_saison;n_duels_prev;integer;int_n_duels_prev
gold;joueur_zone_saison;n_matches_prev;integer;int_n_matches_prev
gold;joueur_zone_saison;off_cross_volume_by_zone_lag;float;dec_off_cross_volume_by_zone_lag
gold;joueur_zone_saison;off_danger_by_zone_lag;float;dec_off_danger_by_zone_lag
gold;joueur_zone_saison;off_progressive_actions_by_zone_lag;float;dec_off_progressive_actions_by_zone_lag
gold;joueur_zone_saison;off_shot_volume_by_zone_lag;float;dec_off_shot_volume_by_zone_lag
gold;joueur_zone_saison;off_touch_share_by_zone_lag;float;dec_off_touch_share_by_zone_lag
gold;joueur_zone_saison;player_id;string;str_player_id
gold;joueur_zone_saison;profile_confidence_flag;string;str_profile_confidence_flag
gold;joueur_zone_saison;season;string;str_season
gold;joueur_zone_saison;zone_5x5;string;str_zone_5x5
gold;rolling_corners;corner_clearance_fail_rate_against_10;float;dec_corner_clearance_fail_rate_against_10
gold;rolling_corners;corner_clearance_fail_rate_against_3;float;dec_corner_clearance_fail_rate_against_3
gold;rolling_corners;corner_clearance_fail_rate_against_5;float;dec_corner_clearance_fail_rate_against_5
gold;rolling_corners;corner_conversion_rate_against_10;float;dec_corner_conversion_rate_against_10
gold;rolling_corners;corner_conversion_rate_against_3;float;dec_corner_conversion_rate_against_3
gold;rolling_corners;corner_conversion_rate_against_5;float;dec_corner_conversion_rate_against_5
gold;rolling_corners;corner_conversion_rate_for_10;float;dec_corner_conversion_rate_for_10
gold;rolling_corners;corner_conversion_rate_for_3;float;dec_corner_conversion_rate_for_3
gold;rolling_corners;corner_conversion_rate_for_5;float;dec_corner_conversion_rate_for_5
gold;rolling_corners;corner_danger_intensity_against_10;float;dec_corner_danger_intensity_against_10
gold;rolling_corners;corner_danger_intensity_against_3;float;dec_corner_danger_intensity_against_3
gold;rolling_corners;corner_danger_intensity_against_5;float;dec_corner_danger_intensity_against_5
gold;rolling_corners;corner_danger_intensity_for_10;float;dec_corner_danger_intensity_for_10
gold;rolling_corners;corner_danger_intensity_for_3;float;dec_corner_danger_intensity_for_3
gold;rolling_corners;corner_danger_intensity_for_5;float;dec_corner_danger_intensity_for_5
gold;rolling_corners;corner_danger_rate_against_10;float;dec_corner_danger_rate_against_10
gold;rolling_corners;corner_danger_rate_against_3;float;dec_corner_danger_rate_against_3
gold;rolling_corners;corner_danger_rate_against_5;float;dec_corner_danger_rate_against_5
gold;rolling_corners;corner_danger_rate_for_10;float;dec_corner_danger_rate_for_10
gold;rolling_corners;corner_danger_rate_for_3;float;dec_corner_danger_rate_for_3
gold;rolling_corners;corner_danger_rate_for_5;float;dec_corner_danger_rate_for_5
gold;rolling_corners;corner_forced_bad_clearance_rate_for_10;float;dec_corner_forced_bad_clearance_rate_for_10
gold;rolling_corners;corner_forced_bad_clearance_rate_for_3;float;dec_corner_forced_bad_clearance_rate_for_3
gold;rolling_corners;corner_forced_bad_clearance_rate_for_5;float;dec_corner_forced_bad_clearance_rate_for_5
gold;rolling_corners;corner_headed_clearance_rate_against_10;float;dec_corner_headed_clearance_rate_against_10
gold;rolling_corners;corner_headed_clearance_rate_against_3;float;dec_corner_headed_clearance_rate_against_3
gold;rolling_corners;corner_headed_clearance_rate_against_5;float;dec_corner_headed_clearance_rate_against_5
gold;rolling_corners;corner_header_goal_share_against_10;float;dec_corner_header_goal_share_against_10
gold;rolling_corners;corner_header_goal_share_against_3;float;dec_corner_header_goal_share_against_3
gold;rolling_corners;corner_header_goal_share_against_5;float;dec_corner_header_goal_share_against_5
gold;rolling_corners;corner_header_goal_share_for_10;float;dec_corner_header_goal_share_for_10
gold;rolling_corners;corner_header_goal_share_for_3;float;dec_corner_header_goal_share_for_3
gold;rolling_corners;corner_header_goal_share_for_5;float;dec_corner_header_goal_share_for_5
gold;rolling_corners;corner_header_share_against_10;float;dec_corner_header_share_against_10
gold;rolling_corners;corner_header_share_against_3;float;dec_corner_header_share_against_3
gold;rolling_corners;corner_header_share_against_5;float;dec_corner_header_share_against_5
gold;rolling_corners;corner_header_share_for_10;float;dec_corner_header_share_for_10
gold;rolling_corners;corner_header_share_for_3;float;dec_corner_header_share_for_3
gold;rolling_corners;corner_header_share_for_5;float;dec_corner_header_share_for_5
gold;rolling_corners;corner_short_rate_against_10;float;dec_corner_short_rate_against_10
gold;rolling_corners;corner_short_rate_against_3;float;dec_corner_short_rate_against_3
gold;rolling_corners;corner_short_rate_against_5;float;dec_corner_short_rate_against_5
gold;rolling_corners;corner_short_rate_for_10;float;dec_corner_short_rate_for_10
gold;rolling_corners;corner_short_rate_for_3;float;dec_corner_short_rate_for_3
gold;rolling_corners;corner_short_rate_for_5;float;dec_corner_short_rate_for_5
gold;rolling_corners;corners_against_10;integer;int_corners_against_10
gold;rolling_corners;corners_against_3;integer;int_corners_against_3
gold;rolling_corners;corners_against_5;integer;int_corners_against_5
gold;rolling_corners;corners_for_10;integer;int_corners_for_10
gold;rolling_corners;corners_for_3;integer;int_corners_for_3
gold;rolling_corners;corners_for_5;integer;int_corners_for_5
gold;rolling_corners;date;date/timestamp;dt_date
gold;rolling_corners;league_source;string;str_league_source
gold;rolling_corners;match_id;string;str_match_id
gold;rolling_corners;season;string;str_season
gold;rolling_corners;team_id;string;str_team_id
gold;rolling_freekicks;date;date/timestamp;dt_date
gold;rolling_freekicks;freekick_clearance_fail_rate_against_10;float;dec_freekick_clearance_fail_rate_against_10
gold;rolling_freekicks;freekick_clearance_fail_rate_against_3;float;dec_freekick_clearance_fail_rate_against_3
gold;rolling_freekicks;freekick_clearance_fail_rate_against_5;float;dec_freekick_clearance_fail_rate_against_5
gold;rolling_freekicks;freekick_conversion_rate_against_10;float;dec_freekick_conversion_rate_against_10
gold;rolling_freekicks;freekick_conversion_rate_against_3;float;dec_freekick_conversion_rate_against_3
gold;rolling_freekicks;freekick_conversion_rate_against_5;float;dec_freekick_conversion_rate_against_5
gold;rolling_freekicks;freekick_conversion_rate_for_10;float;dec_freekick_conversion_rate_for_10
gold;rolling_freekicks;freekick_conversion_rate_for_3;float;dec_freekick_conversion_rate_for_3
gold;rolling_freekicks;freekick_conversion_rate_for_5;float;dec_freekick_conversion_rate_for_5
gold;rolling_freekicks;freekick_danger_intensity_against_10;float;dec_freekick_danger_intensity_against_10
gold;rolling_freekicks;freekick_danger_intensity_against_3;float;dec_freekick_danger_intensity_against_3
gold;rolling_freekicks;freekick_danger_intensity_against_5;float;dec_freekick_danger_intensity_against_5
gold;rolling_freekicks;freekick_danger_intensity_for_10;float;dec_freekick_danger_intensity_for_10
gold;rolling_freekicks;freekick_danger_intensity_for_3;float;dec_freekick_danger_intensity_for_3
gold;rolling_freekicks;freekick_danger_intensity_for_5;float;dec_freekick_danger_intensity_for_5
gold;rolling_freekicks;freekick_danger_rate_against_10;float;dec_freekick_danger_rate_against_10
gold;rolling_freekicks;freekick_danger_rate_against_3;float;dec_freekick_danger_rate_against_3
gold;rolling_freekicks;freekick_danger_rate_against_5;float;dec_freekick_danger_rate_against_5
gold;rolling_freekicks;freekick_danger_rate_for_10;float;dec_freekick_danger_rate_for_10
gold;rolling_freekicks;freekick_danger_rate_for_3;float;dec_freekick_danger_rate_for_3
gold;rolling_freekicks;freekick_danger_rate_for_5;float;dec_freekick_danger_rate_for_5
gold;rolling_freekicks;freekick_direct_angle_avg_against_10;float;dec_freekick_direct_angle_avg_against_10
gold;rolling_freekicks;freekick_direct_angle_avg_against_3;float;dec_freekick_direct_angle_avg_against_3
gold;rolling_freekicks;freekick_direct_angle_avg_against_5;float;dec_freekick_direct_angle_avg_against_5
gold;rolling_freekicks;freekick_direct_angle_avg_for_10;float;dec_freekick_direct_angle_avg_for_10
gold;rolling_freekicks;freekick_direct_angle_avg_for_3;float;dec_freekick_direct_angle_avg_for_3
gold;rolling_freekicks;freekick_direct_angle_avg_for_5;float;dec_freekick_direct_angle_avg_for_5
gold;rolling_freekicks;freekick_direct_distance_avg_against_10;float;dec_freekick_direct_distance_avg_against_10
gold;rolling_freekicks;freekick_direct_distance_avg_against_3;float;dec_freekick_direct_distance_avg_against_3
gold;rolling_freekicks;freekick_direct_distance_avg_against_5;float;dec_freekick_direct_distance_avg_against_5
gold;rolling_freekicks;freekick_direct_distance_avg_for_10;float;dec_freekick_direct_distance_avg_for_10
gold;rolling_freekicks;freekick_direct_distance_avg_for_3;float;dec_freekick_direct_distance_avg_for_3
gold;rolling_freekicks;freekick_direct_distance_avg_for_5;float;dec_freekick_direct_distance_avg_for_5
gold;rolling_freekicks;freekick_forced_bad_clearance_rate_for_10;float;dec_freekick_forced_bad_clearance_rate_for_10
gold;rolling_freekicks;freekick_forced_bad_clearance_rate_for_3;float;dec_freekick_forced_bad_clearance_rate_for_3
gold;rolling_freekicks;freekick_forced_bad_clearance_rate_for_5;float;dec_freekick_forced_bad_clearance_rate_for_5
gold;rolling_freekicks;freekick_headed_clearance_rate_against_10;float;dec_freekick_headed_clearance_rate_against_10
gold;rolling_freekicks;freekick_headed_clearance_rate_against_3;float;dec_freekick_headed_clearance_rate_against_3
gold;rolling_freekicks;freekick_headed_clearance_rate_against_5;float;dec_freekick_headed_clearance_rate_against_5
gold;rolling_freekicks;freekick_header_goal_share_against_10;float;dec_freekick_header_goal_share_against_10
gold;rolling_freekicks;freekick_header_goal_share_against_3;float;dec_freekick_header_goal_share_against_3
gold;rolling_freekicks;freekick_header_goal_share_against_5;float;dec_freekick_header_goal_share_against_5
gold;rolling_freekicks;freekick_header_goal_share_for_10;float;dec_freekick_header_goal_share_for_10
gold;rolling_freekicks;freekick_header_goal_share_for_3;float;dec_freekick_header_goal_share_for_3
gold;rolling_freekicks;freekick_header_goal_share_for_5;float;dec_freekick_header_goal_share_for_5
gold;rolling_freekicks;freekick_header_share_against_10;float;dec_freekick_header_share_against_10
gold;rolling_freekicks;freekick_header_share_against_3;float;dec_freekick_header_share_against_3
gold;rolling_freekicks;freekick_header_share_against_5;float;dec_freekick_header_share_against_5
gold;rolling_freekicks;freekick_header_share_for_10;float;dec_freekick_header_share_for_10
gold;rolling_freekicks;freekick_header_share_for_3;float;dec_freekick_header_share_for_3
gold;rolling_freekicks;freekick_header_share_for_5;float;dec_freekick_header_share_for_5
gold;rolling_freekicks;freekick_zone_crossed_rate_against_10;float;dec_freekick_zone_crossed_rate_against_10
gold;rolling_freekicks;freekick_zone_crossed_rate_against_3;float;dec_freekick_zone_crossed_rate_against_3
gold;rolling_freekicks;freekick_zone_crossed_rate_against_5;float;dec_freekick_zone_crossed_rate_against_5
gold;rolling_freekicks;freekick_zone_crossed_rate_for_10;float;dec_freekick_zone_crossed_rate_for_10
gold;rolling_freekicks;freekick_zone_crossed_rate_for_3;float;dec_freekick_zone_crossed_rate_for_3
gold;rolling_freekicks;freekick_zone_crossed_rate_for_5;float;dec_freekick_zone_crossed_rate_for_5
gold;rolling_freekicks;freekick_zone_direct_rate_against_10;float;dec_freekick_zone_direct_rate_against_10
gold;rolling_freekicks;freekick_zone_direct_rate_against_3;float;dec_freekick_zone_direct_rate_against_3
gold;rolling_freekicks;freekick_zone_direct_rate_against_5;float;dec_freekick_zone_direct_rate_against_5
gold;rolling_freekicks;freekick_zone_direct_rate_for_10;float;dec_freekick_zone_direct_rate_for_10
gold;rolling_freekicks;freekick_zone_direct_rate_for_3;float;dec_freekick_zone_direct_rate_for_3
gold;rolling_freekicks;freekick_zone_direct_rate_for_5;float;dec_freekick_zone_direct_rate_for_5
gold;rolling_freekicks;freekicks_against_10;integer;int_freekicks_against_10
gold;rolling_freekicks;freekicks_against_3;integer;int_freekicks_against_3
gold;rolling_freekicks;freekicks_against_5;integer;int_freekicks_against_5
gold;rolling_freekicks;freekicks_for_10;integer;int_freekicks_for_10
gold;rolling_freekicks;freekicks_for_3;integer;int_freekicks_for_3
gold;rolling_freekicks;freekicks_for_5;integer;int_freekicks_for_5
gold;rolling_freekicks;league_source;string;str_league_source
gold;rolling_freekicks;match_id;string;str_match_id
gold;rolling_freekicks;season;string;str_season
gold;rolling_freekicks;team_id;string;str_team_id
gold;team_corridor_profile;corridor;string;str_corridor
gold;team_corridor_profile;def_central_density;float;dec_def_central_density
gold;team_corridor_profile;def_solidity;float;dec_def_solidity
gold;team_corridor_profile;match_id;string;str_match_id
gold;team_corridor_profile;off_central_progression;float;dec_off_central_progression
gold;team_corridor_profile;off_central_touch;float;dec_off_central_touch
gold;team_corridor_profile;off_cross_strength;float;dec_off_cross_strength
gold;team_corridor_profile;off_dribble_strength;float;dec_off_dribble_strength
gold;team_corridor_profile;off_strength;float;dec_off_strength
gold;team_corridor_profile;opponent_id;string;str_opponent_id
gold;team_corridor_profile;team_id;string;str_team_id
gold;zone_confrontation_match;attack_corridor;string;str_attack_corridor
gold;zone_confrontation_match;attacking_team_id;string;str_attacking_team_id
gold;zone_confrontation_match;defending_team_id;string;str_defending_team_id
gold;zone_confrontation_match;match_id;string;str_match_id
gold;zone_confrontation_match;matchup_central_control;float;dec_matchup_central_control
gold;zone_confrontation_match;matchup_cross_threat;float;dec_matchup_cross_threat
gold;zone_confrontation_match;matchup_danger_by_corridor;float;dec_matchup_danger_by_corridor
gold;zone_confrontation_match;matchup_dribble_threat;float;dec_matchup_dribble_threat
gold;zone_confrontation_match;off_strength;float;dec_off_strength
gold;zone_confrontation_match;opp_central_def_density;float;dec_opp_central_def_density
gold;zone_confrontation_match;opp_def_solidity;float;dec_opp_def_solidity
gold;zone_confrontation_match;self_central_progression;float;dec_self_central_progression
gold;zone_confrontation_match;self_central_touch;float;dec_self_central_touch
intermediate;backbone;clean_sheet;integer;int_clean_sheet
intermediate;backbone;comp_category;string;str_comp_category
intermediate;backbone;date;date/timestamp;dt_date
intermediate;backbone;formation;string;str_formation
intermediate;backbone;fouls_committed;integer;int_fouls_committed
intermediate;backbone;ga;integer;int_ga
intermediate;backbone;gf;integer;int_gf
intermediate;backbone;goals_per_shot;float;dec_goals_per_shot
intermediate;backbone;interceptions;integer;int_interceptions
intermediate;backbone;league_source;string;str_league_source
intermediate;backbone;market_prob_close_draw;float;dec_market_prob_close_draw
intermediate;backbone;market_prob_close_opp;float;dec_market_prob_close_opp
intermediate;backbone;market_prob_close_team;float;dec_market_prob_close_team
intermediate;backbone;market_prob_draw;float;dec_market_prob_draw
intermediate;backbone;market_prob_opp;float;dec_market_prob_opp
intermediate;backbone;market_prob_team;float;dec_market_prob_team
intermediate;backbone;match_id;string;str_match_id
intermediate;backbone;np_xg;float;dec_np_xg
intermediate;backbone;np_xg_conceded;float;dec_np_xg_conceded
intermediate;backbone;np_xg_diff_match;float;dec_np_xg_diff_match
intermediate;backbone;odds_avg_draw;float;dec_odds_avg_draw
intermediate;backbone;odds_avg_opp;float;dec_odds_avg_opp
intermediate;backbone;odds_avg_team;float;dec_odds_avg_team
intermediate;backbone;odds_pinnacle_draw;float;dec_odds_pinnacle_draw
intermediate;backbone;odds_pinnacle_opp;float;dec_odds_pinnacle_opp
intermediate;backbone;odds_pinnacle_team;float;dec_odds_pinnacle_team
intermediate;backbone;opponent_id;string;str_opponent_id
intermediate;backbone;pinnacle_drift_draw;float;dec_pinnacle_drift_draw
intermediate;backbone;pinnacle_drift_opp;float;dec_pinnacle_drift_opp
intermediate;backbone;pinnacle_drift_team;float;dec_pinnacle_drift_team
intermediate;backbone;pinnacle_prob_close_draw;float;dec_pinnacle_prob_close_draw
intermediate;backbone;pinnacle_prob_close_opp;float;dec_pinnacle_prob_close_opp
intermediate;backbone;pinnacle_prob_close_over25;float;dec_pinnacle_prob_close_over25
intermediate;backbone;pinnacle_prob_close_team;float;dec_pinnacle_prob_close_team
intermediate;backbone;pinnacle_prob_close_under25;float;dec_pinnacle_prob_close_under25
intermediate;backbone;pinnacle_prob_draw;float;dec_pinnacle_prob_draw
intermediate;backbone;pinnacle_prob_opp;float;dec_pinnacle_prob_opp
intermediate;backbone;pinnacle_prob_over25;float;dec_pinnacle_prob_over25
intermediate;backbone;pinnacle_prob_team;float;dec_pinnacle_prob_team
intermediate;backbone;pinnacle_prob_under25;float;dec_pinnacle_prob_under25
intermediate;backbone;possession;float;dec_possession
intermediate;backbone;ppda;float;dec_ppda
intermediate;backbone;ppda_allowed;float;dec_ppda_allowed
intermediate;backbone;red_cards;integer;int_red_cards
intermediate;backbone;result_1n2;string;str_result_1n2
intermediate;backbone;save_pct;float;dec_save_pct
intermediate;backbone;saves;integer;int_saves
intermediate;backbone;season;string;str_season
intermediate;backbone;season_att_rating;float;dec_season_att_rating
intermediate;backbone;season_def_rating;float;dec_season_def_rating
intermediate;backbone;second_yellow_cards;integer;int_second_yellow_cards
intermediate;backbone;shots_on_target;integer;int_shots_on_target
intermediate;backbone;shots_on_target_faced;integer;int_shots_on_target_faced
intermediate;backbone;shots_total;integer;int_shots_total
intermediate;backbone;tackles_won;integer;int_tackles_won
intermediate;backbone;team_id;string;str_team_id
intermediate;backbone;venue;string;str_venue
intermediate;backbone;ws_dribbles_pg;float;dec_ws_dribbles_pg
intermediate;backbone;ws_fouled_pg;float;dec_ws_fouled_pg
intermediate;backbone;ws_shots_ot_pg;float;dec_ws_shots_ot_pg
intermediate;backbone;yellow_cards;integer;int_yellow_cards
intermediate;corner_profiles;chain_danger_momentum;float;dec_chain_danger_momentum
intermediate;corner_profiles;chain_danger_total;float;dec_chain_danger_total
intermediate;corner_profiles;clearance_player_id;string;str_clearance_player_id
intermediate;corner_profiles;clearance_quality;string;str_clearance_quality
intermediate;corner_profiles;corner_row_num;integer;int_corner_row_num
intermediate;corner_profiles;corner_side;string;str_corner_side
intermediate;corner_profiles;corner_taker_id;string;str_corner_taker_id
intermediate;corner_profiles;expanded_minute;integer;int_expanded_minute
intermediate;corner_profiles;is_headed_clearance;boolean;bool_is_headed_clearance
intermediate;corner_profiles;landing_zone;string;str_landing_zone
intermediate;corner_profiles;match_id;string;str_match_id
intermediate;corner_profiles;n_aerial_duels;integer;int_n_aerial_duels
intermediate;corner_profiles;outcome;string;str_outcome
intermediate;corner_profiles;shot_body_part;string;str_shot_body_part
intermediate;corner_profiles;team_id;string;str_team_id
intermediate;event_values;action_value;float;dec_action_value
intermediate;event_values;chance_creation;float;dec_chance_creation
intermediate;event_values;context_weight;float;dec_context_weight
intermediate;event_values;danger_position;float;dec_danger_position
intermediate;event_values;def_execution_quality;float;dec_def_execution_quality
intermediate;event_values;event_id;string;str_event_id
intermediate;event_values;expanded_minute;integer;int_expanded_minute
intermediate;event_values;is_shot;boolean;bool_is_shot
intermediate;event_values;league_source;string;str_league_source
intermediate;event_values;match_date;date/timestamp;dt_match_date
intermediate;event_values;match_id;string;str_match_id
intermediate;event_values;outcome_id;string;str_outcome_id
intermediate;event_values;period;integer;int_period
intermediate;event_values;player_id;string;str_player_id
intermediate;event_values;pressure_context;float;dec_pressure_context
intermediate;event_values;row_num;integer;int_row_num
intermediate;event_values;scraped_at;date/timestamp;dt_scraped_at
intermediate;event_values;season;string;str_season
intermediate;event_values;team_id;string;str_team_id
intermediate;event_values;type_id;string;str_type_id
intermediate;event_values;type_name;string;str_type_name
intermediate;event_values;x;float;dec_x
intermediate;event_values;y;float;dec_y
intermediate;events_qual;end_x;float;dec_end_x
intermediate;events_qual;end_y;float;dec_end_y
intermediate;events_qual;event_id;string;str_event_id
intermediate;events_qual;expanded_minute;integer;int_expanded_minute
intermediate;events_qual;is_shot;boolean;bool_is_shot
intermediate;events_qual;is_touch;boolean;bool_is_touch
intermediate;events_qual;match_id;string;str_match_id
intermediate;events_qual;minute;integer;int_minute
intermediate;events_qual;outcome_id;string;str_outcome_id
intermediate;events_qual;period;integer;int_period
intermediate;events_qual;player_id;string;str_player_id
intermediate;events_qual;qual_type_id;string;str_qual_type_id
intermediate;events_qual;qual_type_name;string;str_qual_type_name
intermediate;events_qual;qual_value;string;str_qual_value
intermediate;events_qual;row_num;integer;int_row_num
intermediate;events_qual;second;integer;int_second
intermediate;events_qual;team_id;string;str_team_id
intermediate;events_qual;type_id;string;str_type_id
intermediate;events_qual;type_name;string;str_type_name
intermediate;events_qual;x;float;dec_x
intermediate;events_qual;y;float;dec_y
intermediate;freekick_profiles;angle;float;dec_angle
intermediate;freekick_profiles;chain_danger_momentum;float;dec_chain_danger_momentum
intermediate;freekick_profiles;chain_danger_total;float;dec_chain_danger_total
intermediate;freekick_profiles;chain_id;string;str_chain_id
intermediate;freekick_profiles;chain_number;integer;int_chain_number
intermediate;freekick_profiles;chain_team_id;string;str_chain_team_id
intermediate;freekick_profiles;clearance_player_id;string;str_clearance_player_id
intermediate;freekick_profiles;clearance_quality;string;str_clearance_quality
intermediate;freekick_profiles;distance_to_goal;float;dec_distance_to_goal
intermediate;freekick_profiles;event_id;string;str_event_id
intermediate;freekick_profiles;expanded_minute;integer;int_expanded_minute
intermediate;freekick_profiles;fk_type;string;str_fk_type
intermediate;freekick_profiles;fk_zone_type;string;str_fk_zone_type
intermediate;freekick_profiles;freekick_taker_id;string;str_freekick_taker_id
intermediate;freekick_profiles;is_headed_clearance;boolean;bool_is_headed_clearance
intermediate;freekick_profiles;is_offside;boolean;bool_is_offside
intermediate;freekick_profiles;match_id;string;str_match_id
intermediate;freekick_profiles;outcome;string;str_outcome
intermediate;freekick_profiles;outcome_id;string;str_outcome_id
intermediate;freekick_profiles;row_num;integer;int_row_num
intermediate;freekick_profiles;second;integer;int_second
intermediate;freekick_profiles;shot_body_part;string;str_shot_body_part
intermediate;freekick_profiles;type_id;string;str_type_id
intermediate;freekick_profiles;x;float;dec_x
intermediate;freekick_profiles;x_m;float;dec_x_m
intermediate;freekick_profiles;y;float;dec_y
intermediate;freekick_profiles;y_m;float;dec_y_m
intermediate;h2h_history;date;date/timestamp;dt_date
intermediate;h2h_history;ga;integer;int_ga
intermediate;h2h_history;gf;integer;int_gf
intermediate;h2h_history;h2h_avg_ga_10;float;dec_h2h_avg_ga_10
intermediate;h2h_history;h2h_avg_gf_10;float;dec_h2h_avg_gf_10
intermediate;h2h_history;h2h_avg_xg_diff_10;float;dec_h2h_avg_xg_diff_10
intermediate;h2h_history;h2h_away_draws;integer;int_h2h_away_draws
intermediate;h2h_history;h2h_away_losses;integer;int_h2h_away_losses
intermediate;h2h_history;h2h_away_played;integer;int_h2h_away_played
intermediate;h2h_history;h2h_away_wins;integer;int_h2h_away_wins
intermediate;h2h_history;h2h_draws;integer;int_h2h_draws
intermediate;h2h_history;h2h_draws_10;integer;int_h2h_draws_10
intermediate;h2h_history;h2h_home_draws;integer;int_h2h_home_draws
intermediate;h2h_history;h2h_home_losses;integer;int_h2h_home_losses
intermediate;h2h_history;h2h_home_played;integer;int_h2h_home_played
intermediate;h2h_history;h2h_home_wins;integer;int_h2h_home_wins
intermediate;h2h_history;h2h_losses;integer;int_h2h_losses
intermediate;h2h_history;h2h_losses_10;integer;int_h2h_losses_10
intermediate;h2h_history;h2h_played;integer;int_h2h_played
intermediate;h2h_history;h2h_played_10;integer;int_h2h_played_10
intermediate;h2h_history;h2h_wins;integer;int_h2h_wins
intermediate;h2h_history;h2h_wins_10;integer;int_h2h_wins_10
intermediate;h2h_history;league_source;string;str_league_source
intermediate;h2h_history;match_id;string;str_match_id
intermediate;h2h_history;np_xg;float;dec_np_xg
intermediate;h2h_history;np_xg_conceded;float;dec_np_xg_conceded
intermediate;h2h_history;opponent_id;string;str_opponent_id
intermediate;h2h_history;result_1n2;string;str_result_1n2
intermediate;h2h_history;season;string;str_season
intermediate;h2h_history;team_id;string;str_team_id
intermediate;h2h_history;venue;string;str_venue
intermediate;int_defensive_blocks;block_x;float;dec_block_x
intermediate;int_defensive_blocks;block_y;float;dec_block_y
intermediate;int_defensive_blocks;blocked_player_id;string;str_blocked_player_id
intermediate;int_defensive_blocks;blocked_team_id;string;str_blocked_team_id
intermediate;int_defensive_blocks;blocked_type;string;str_blocked_type
intermediate;int_defensive_blocks;blocker_player_id;string;str_blocker_player_id
intermediate;int_defensive_blocks;blocking_team_id;string;str_blocking_team_id
intermediate;int_defensive_blocks;event_id;string;str_event_id
intermediate;int_defensive_blocks;expanded_minute;integer;int_expanded_minute
intermediate;int_defensive_blocks;league_source;string;str_league_source
intermediate;int_defensive_blocks;match_id;string;str_match_id
intermediate;int_defensive_blocks;row_num;integer;int_row_num
intermediate;int_defensive_blocks;scraped_at;date/timestamp;dt_scraped_at
intermediate;int_defensive_blocks;season;string;str_season
intermediate;int_event_enriched;blocked_x;float;dec_blocked_x
intermediate;int_event_enriched;blocked_y;float;dec_blocked_y
intermediate;int_event_enriched;card_type;string;str_card_type
intermediate;int_event_enriched;end_x;float;dec_end_x
intermediate;int_event_enriched;end_y;float;dec_end_y
intermediate;int_event_enriched;event_id;string;str_event_id
intermediate;int_event_enriched;expanded_minute;integer;int_expanded_minute
intermediate;int_event_enriched;goal_mouth_y;float;dec_goal_mouth_y
intermediate;int_event_enriched;goal_mouth_z;float;dec_goal_mouth_z
intermediate;int_event_enriched;has_defensive_qual;integer;int_has_defensive_qual
intermediate;int_event_enriched;has_offensive_qual;integer;int_has_offensive_qual
intermediate;int_event_enriched;has_opposite_event;integer;int_has_opposite_event
intermediate;int_event_enriched;is_big_chance_created;integer;int_is_big_chance_created
intermediate;int_event_enriched;is_intentional_assist;integer;int_is_intentional_assist
intermediate;int_event_enriched;is_intentional_goal_assist;integer;int_is_intentional_goal_assist
intermediate;int_event_enriched;is_key_pass;integer;int_is_key_pass
intermediate;int_event_enriched;is_leading_to_attempt;integer;int_is_leading_to_attempt
intermediate;int_event_enriched;is_leading_to_goal;integer;int_is_leading_to_goal
intermediate;int_event_enriched;is_own_goal;boolean;bool_is_own_goal
intermediate;int_event_enriched;is_shot;boolean;bool_is_shot
intermediate;int_event_enriched;is_shot_assist;integer;int_is_shot_assist
intermediate;int_event_enriched;is_touch;boolean;bool_is_touch
intermediate;int_event_enriched;league_source;string;str_league_source
intermediate;int_event_enriched;match_date;date/timestamp;dt_match_date
intermediate;int_event_enriched;match_id;string;str_match_id
intermediate;int_event_enriched;opp_score;integer;int_opp_score
intermediate;int_event_enriched;outcome_id;string;str_outcome_id
intermediate;int_event_enriched;period;integer;int_period
intermediate;int_event_enriched;player_id;string;str_player_id
intermediate;int_event_enriched;related_event_id;string;str_related_event_id
intermediate;int_event_enriched;related_player_id;string;str_related_player_id
intermediate;int_event_enriched;row_num;integer;int_row_num
intermediate;int_event_enriched;scraped_at;date/timestamp;dt_scraped_at
intermediate;int_event_enriched;season;string;str_season
intermediate;int_event_enriched;second;integer;int_second
intermediate;int_event_enriched;team_id;string;str_team_id
intermediate;int_event_enriched;team_score;integer;int_team_score
intermediate;int_event_enriched;type_id;string;str_type_id
intermediate;int_event_enriched;type_name;string;str_type_name
intermediate;int_event_enriched;x;float;dec_x
intermediate;int_event_enriched;y;float;dec_y
intermediate;int_fbref_keeper;comp_category;string;str_comp_category
intermediate;int_fbref_keeper;cs;boolean;bool_cs
intermediate;int_fbref_keeper;date;date/timestamp;dt_date
intermediate;int_fbref_keeper;day;string;str_day
intermediate;int_fbref_keeper;ga;integer;int_ga
intermediate;int_fbref_keeper;ga_keeper;integer;int_ga_keeper
intermediate;int_fbref_keeper;gf;integer;int_gf
intermediate;int_fbref_keeper;league_source;string;str_league_source
intermediate;int_fbref_keeper;match_id;string;str_match_id
intermediate;int_fbref_keeper;opponent_id;string;str_opponent_id
intermediate;int_fbref_keeper;pk_allowed;integer;int_pk_allowed
intermediate;int_fbref_keeper;pk_att;integer;int_pk_att
intermediate;int_fbref_keeper;pk_missed;integer;int_pk_missed
intermediate;int_fbref_keeper;pk_saved;integer;int_pk_saved
intermediate;int_fbref_keeper;result;string;str_result
intermediate;int_fbref_keeper;result_1n2;string;str_result_1n2
intermediate;int_fbref_keeper;save_pct;float;dec_save_pct
intermediate;int_fbref_keeper;saves;integer;int_saves
intermediate;int_fbref_keeper;scraped_at;date/timestamp;dt_scraped_at
intermediate;int_fbref_keeper;season;string;str_season
intermediate;int_fbref_keeper;sota;integer;int_sota
intermediate;int_fbref_keeper;source;string;str_source
intermediate;int_fbref_keeper;team_id;string;str_team_id
intermediate;int_fbref_keeper;time;string;str_time
intermediate;int_fbref_keeper;venue;string;str_venue
intermediate;int_fbref_misc;comp_category;string;str_comp_category
intermediate;int_fbref_misc;crdr;integer;int_crdr
intermediate;int_fbref_misc;crdy;integer;int_crdy
intermediate;int_fbref_misc;crdy2;integer;int_crdy2
intermediate;int_fbref_misc;crosses;integer;int_crosses
intermediate;int_fbref_misc;date;date/timestamp;dt_date
intermediate;int_fbref_misc;day;string;str_day
intermediate;int_fbref_misc;fld;integer;int_fld
intermediate;int_fbref_misc;fls;integer;int_fls
intermediate;int_fbref_misc;ga;integer;int_ga
intermediate;int_fbref_misc;gf;integer;int_gf
intermediate;int_fbref_misc;int;integer;int_int
intermediate;int_fbref_misc;league_source;string;str_league_source
intermediate;int_fbref_misc;match_id;string;str_match_id
intermediate;int_fbref_misc;off;integer;int_off
intermediate;int_fbref_misc;og;integer;int_og
intermediate;int_fbref_misc;opponent_id;string;str_opponent_id
intermediate;int_fbref_misc;pkcon;integer;int_pkcon
intermediate;int_fbref_misc;pkwon;integer;int_pkwon
intermediate;int_fbref_misc;result;string;str_result
intermediate;int_fbref_misc;result_1n2;string;str_result_1n2
intermediate;int_fbref_misc;scraped_at;date/timestamp;dt_scraped_at
intermediate;int_fbref_misc;season;string;str_season
intermediate;int_fbref_misc;source;string;str_source
intermediate;int_fbref_misc;team_id;string;str_team_id
intermediate;int_fbref_misc;time;string;str_time
intermediate;int_fbref_misc;tklw;integer;int_tklw
intermediate;int_fbref_misc;venue;string;str_venue
intermediate;int_fbref_schedule;comp_category;string;str_comp_category
intermediate;int_fbref_schedule;date;date/timestamp;dt_date
intermediate;int_fbref_schedule;day;string;str_day
intermediate;int_fbref_schedule;formation;string;str_formation
intermediate;int_fbref_schedule;ga;integer;int_ga
intermediate;int_fbref_schedule;gf;integer;int_gf
intermediate;int_fbref_schedule;league_source;string;str_league_source
intermediate;int_fbref_schedule;match_id;string;str_match_id
intermediate;int_fbref_schedule;opp_formation;string;str_opp_formation
intermediate;int_fbref_schedule;opponent_id;string;str_opponent_id
intermediate;int_fbref_schedule;poss;string;str_poss
intermediate;int_fbref_schedule;result;string;str_result
intermediate;int_fbref_schedule;result_1n2;string;str_result_1n2
intermediate;int_fbref_schedule;scraped_at;date/timestamp;dt_scraped_at
intermediate;int_fbref_schedule;season;string;str_season
intermediate;int_fbref_schedule;source;string;str_source
intermediate;int_fbref_schedule;team_id;string;str_team_id
intermediate;int_fbref_schedule;time;string;str_time
intermediate;int_fbref_schedule;venue;string;str_venue
intermediate;int_fbref_shooting;comp_category;string;str_comp_category
intermediate;int_fbref_shooting;date;date/timestamp;dt_date
intermediate;int_fbref_shooting;day;string;str_day
intermediate;int_fbref_shooting;ga;integer;int_ga
intermediate;int_fbref_shooting;gf;integer;int_gf
intermediate;int_fbref_shooting;league_source;string;str_league_source
intermediate;int_fbref_shooting;match_id;string;str_match_id
intermediate;int_fbref_shooting;opponent_id;string;str_opponent_id
intermediate;int_fbref_shooting;result;string;str_result
intermediate;int_fbref_shooting;result_1n2;string;str_result_1n2
intermediate;int_fbref_shooting;scraped_at;date/timestamp;dt_scraped_at
intermediate;int_fbref_shooting;season;string;str_season
intermediate;int_fbref_shooting;source;string;str_source
intermediate;int_fbref_shooting;standard_g_sh;float;dec_standard_g_sh
intermediate;int_fbref_shooting;standard_g_sot;float;dec_standard_g_sot
intermediate;int_fbref_shooting;standard_gls;integer;int_standard_gls
intermediate;int_fbref_shooting;standard_pk;integer;int_standard_pk
intermediate;int_fbref_shooting;standard_pkatt;integer;int_standard_pkatt
intermediate;int_fbref_shooting;standard_sh;integer;int_standard_sh
intermediate;int_fbref_shooting;standard_sot;integer;int_standard_sot
intermediate;int_fbref_shooting;standard_sot_pct;float;dec_standard_sot_pct
intermediate;int_fbref_shooting;team_id;string;str_team_id
intermediate;int_fbref_shooting;time;string;str_time
intermediate;int_fbref_shooting;venue;string;str_venue
intermediate;int_fouls_drawn;committed_by_player_id;string;str_committed_by_player_id
intermediate;int_fouls_drawn;drawer_player_id;string;str_drawer_player_id
intermediate;int_fouls_drawn;drawing_team_id;string;str_drawing_team_id
intermediate;int_fouls_drawn;event_id;string;str_event_id
intermediate;int_fouls_drawn;expanded_minute;integer;int_expanded_minute
intermediate;int_fouls_drawn;foul_zone;string;str_foul_zone
intermediate;int_fouls_drawn;is_attacking_third;boolean;bool_is_attacking_third
intermediate;int_fouls_drawn;leads_to_penalty;boolean;bool_leads_to_penalty
intermediate;int_fouls_drawn;league_source;string;str_league_source
intermediate;int_fouls_drawn;match_id;string;str_match_id
intermediate;int_fouls_drawn;row_num;integer;int_row_num
intermediate;int_fouls_drawn;scraped_at;date/timestamp;dt_scraped_at
intermediate;int_fouls_drawn;season;string;str_season
intermediate;int_fouls_drawn;x;float;dec_x
intermediate;int_fouls_drawn;y;float;dec_y
intermediate;int_keeper_psxg;goals_conceded;integer;int_goals_conceded
intermediate;int_keeper_psxg;keeper_id;string;str_keeper_id
intermediate;int_keeper_psxg;league_source;string;str_league_source
intermediate;int_keeper_psxg;psxg_faced;float;dec_psxg_faced
intermediate;int_keeper_psxg;psxg_plus_minus;float;dec_psxg_plus_minus
intermediate;int_keeper_psxg;save_pct;float;dec_save_pct
intermediate;int_keeper_psxg;saves;integer;int_saves
intermediate;int_keeper_psxg;season;string;str_season
intermediate;int_keeper_psxg;shots_faced;integer;int_shots_faced
intermediate;int_keeper_shots;attribution_method;string;str_attribution_method
intermediate;int_keeper_shots;def_gk_available;boolean;bool_def_gk_available
intermediate;int_keeper_shots;def_team;integer;int_def_team
intermediate;int_keeper_shots;is_goal;boolean;bool_is_goal
intermediate;int_keeper_shots;keeper_id;string;str_keeper_id
intermediate;int_keeper_shots;league_source;string;str_league_source
intermediate;int_keeper_shots;match_id;string;str_match_id
intermediate;int_keeper_shots;row_num;integer;int_row_num
intermediate;int_keeper_shots;season;string;str_season
intermediate;int_keeper_shots;type_id;string;str_type_id
intermediate;int_keeper_shots;xgot;float;dec_xgot
intermediate;int_odds;date;date/timestamp;dt_date
intermediate;int_odds;league_source;string;str_league_source
intermediate;int_odds;market_prob_a;float;dec_market_prob_a
intermediate;int_odds;market_prob_close_a;float;dec_market_prob_close_a
intermediate;int_odds;market_prob_close_d;float;dec_market_prob_close_d
intermediate;int_odds;market_prob_close_h;float;dec_market_prob_close_h
intermediate;int_odds;market_prob_d;float;dec_market_prob_d
intermediate;int_odds;market_prob_h;float;dec_market_prob_h
intermediate;int_odds;match_id;string;str_match_id
intermediate;int_odds;odds_avg_a;float;dec_odds_avg_a
intermediate;int_odds;odds_avg_d;float;dec_odds_avg_d
intermediate;int_odds;odds_avg_h;float;dec_odds_avg_h
intermediate;int_odds;odds_max_a;float;dec_odds_max_a
intermediate;int_odds;odds_max_d;float;dec_odds_max_d
intermediate;int_odds;odds_max_h;float;dec_odds_max_h
intermediate;int_odds;odds_pinnacle_a;float;dec_odds_pinnacle_a
intermediate;int_odds;odds_pinnacle_d;float;dec_odds_pinnacle_d
intermediate;int_odds;odds_pinnacle_h;float;dec_odds_pinnacle_h
intermediate;int_odds;opponent_id;string;str_opponent_id
intermediate;int_odds;pinnacle_drift_a;float;dec_pinnacle_drift_a
intermediate;int_odds;pinnacle_drift_d;float;dec_pinnacle_drift_d
intermediate;int_odds;pinnacle_drift_h;float;dec_pinnacle_drift_h
intermediate;int_odds;pinnacle_prob_a;float;dec_pinnacle_prob_a
intermediate;int_odds;pinnacle_prob_close_a;float;dec_pinnacle_prob_close_a
intermediate;int_odds;pinnacle_prob_close_d;float;dec_pinnacle_prob_close_d
intermediate;int_odds;pinnacle_prob_close_h;float;dec_pinnacle_prob_close_h
intermediate;int_odds;pinnacle_prob_close_over25;float;dec_pinnacle_prob_close_over25
intermediate;int_odds;pinnacle_prob_close_under25;float;dec_pinnacle_prob_close_under25
intermediate;int_odds;pinnacle_prob_d;float;dec_pinnacle_prob_d
intermediate;int_odds;pinnacle_prob_h;float;dec_pinnacle_prob_h
intermediate;int_odds;pinnacle_prob_over25;float;dec_pinnacle_prob_over25
intermediate;int_odds;pinnacle_prob_under25;float;dec_pinnacle_prob_under25
intermediate;int_odds;result_fdc;string;str_result_fdc
intermediate;int_odds;season;string;str_season
intermediate;int_odds;team_id;string;str_team_id
intermediate;int_penalties;attacking_team_id;string;str_attacking_team_id
intermediate;int_penalties;defending_team_id;string;str_defending_team_id
intermediate;int_penalties;expanded_minute;integer;int_expanded_minute
intermediate;int_penalties;gk_player_id;string;str_gk_player_id
intermediate;int_penalties;goal_mouth_y;float;dec_goal_mouth_y
intermediate;int_penalties;goal_mouth_z;float;dec_goal_mouth_z
intermediate;int_penalties;is_goal;boolean;bool_is_goal
intermediate;int_penalties;is_off_target;boolean;bool_is_off_target
intermediate;int_penalties;is_post;boolean;bool_is_post
intermediate;int_penalties;is_saved;boolean;bool_is_saved
intermediate;int_penalties;league_source;string;str_league_source
intermediate;int_penalties;match_id;string;str_match_id
intermediate;int_penalties;player_conceded;integer;int_player_conceded
intermediate;int_penalties;player_drew;integer;int_player_drew
intermediate;int_penalties;result_label;string;str_result_label
intermediate;int_penalties;row_num;integer;int_row_num
intermediate;int_penalties;scraped_at;date/timestamp;dt_scraped_at
intermediate;int_penalties;season;string;str_season
intermediate;int_penalties;taker_player_id;string;str_taker_player_id
intermediate;int_player_minutes;match_id;string;str_match_id
intermediate;int_player_minutes;minutes_played;integer;int_minutes_played
intermediate;int_player_minutes;player_id;string;str_player_id
intermediate;int_player_minutes;team_id;string;str_team_id
intermediate;int_player_zone_season;avg_touch_share;float;dec_avg_touch_share
intermediate;int_player_zone_season;duels_won;integer;int_duels_won
intermediate;int_player_zone_season;n_duels;integer;int_n_duels
intermediate;int_player_zone_season;n_matches;integer;int_n_matches
intermediate;int_player_zone_season;player_id;string;str_player_id
intermediate;int_player_zone_season;season;string;str_season
intermediate;int_player_zone_season;total_crosses;integer;int_total_crosses
intermediate;int_player_zone_season;total_danger;float;dec_total_danger
intermediate;int_player_zone_season;total_def_actions;integer;int_total_def_actions
intermediate;int_player_zone_season;total_progressive;integer;int_total_progressive
intermediate;int_player_zone_season;total_shots;integer;int_total_shots
intermediate;int_player_zone_season;zone_5x5;string;str_zone_5x5
intermediate;int_progressive_carries;dribble_x;float;dec_dribble_x
intermediate;int_progressive_carries;dribble_y;float;dec_dribble_y
intermediate;int_progressive_carries;event_id;string;str_event_id
intermediate;int_progressive_carries;expanded_minute;integer;int_expanded_minute
intermediate;int_progressive_carries;is_progressive;boolean;bool_is_progressive
intermediate;int_progressive_carries;league_source;string;str_league_source
intermediate;int_progressive_carries;match_id;string;str_match_id
intermediate;int_progressive_carries;next_x;float;dec_next_x
intermediate;int_progressive_carries;next_y;float;dec_next_y
intermediate;int_progressive_carries;player_id;string;str_player_id
intermediate;int_progressive_carries;progress_m;float;dec_progress_m
intermediate;int_progressive_carries;row_num;integer;int_row_num
intermediate;int_progressive_carries;scraped_at;date/timestamp;dt_scraped_at
intermediate;int_progressive_carries;season;string;str_season
intermediate;int_progressive_carries;team_id;string;str_team_id
intermediate;int_shot_creating_actions;action_row_num;integer;int_action_row_num
intermediate;int_shot_creating_actions;action_type;string;str_action_type
intermediate;int_shot_creating_actions;attacking_team_id;string;str_attacking_team_id
intermediate;int_shot_creating_actions;chain_id;string;str_chain_id
intermediate;int_shot_creating_actions;creator_player_id;string;str_creator_player_id
intermediate;int_shot_creating_actions;is_gca;boolean;bool_is_gca
intermediate;int_shot_creating_actions;league_source;string;str_league_source
intermediate;int_shot_creating_actions;match_id;string;str_match_id
intermediate;int_shot_creating_actions;sca_order;integer;int_sca_order
intermediate;int_shot_creating_actions;scraped_at;date/timestamp;dt_scraped_at
intermediate;int_shot_creating_actions;season;string;str_season
intermediate;int_shot_creating_actions;shot_event_id;string;str_shot_event_id
intermediate;int_shot_creating_actions;shot_row_num;integer;int_shot_row_num
intermediate;int_shot_creating_actions;shot_taker_player_id;string;str_shot_taker_player_id
intermediate;int_shot_placement;blocked_x;float;dec_blocked_x
intermediate;int_shot_placement;blocked_y;float;dec_blocked_y
intermediate;int_shot_placement;corner_dist;float;dec_corner_dist
intermediate;int_shot_placement;event_id;string;str_event_id
intermediate;int_shot_placement;expanded_minute;integer;int_expanded_minute
intermediate;int_shot_placement;goal_mouth_y;float;dec_goal_mouth_y
intermediate;int_shot_placement;goal_mouth_z;float;dec_goal_mouth_z
intermediate;int_shot_placement;height;float;dec_height
intermediate;int_shot_placement;is_goal;boolean;bool_is_goal
intermediate;int_shot_placement;is_on_target;boolean;bool_is_on_target
intermediate;int_shot_placement;is_own_goal;boolean;bool_is_own_goal
intermediate;int_shot_placement;league_source;string;str_league_source
intermediate;int_shot_placement;match_id;string;str_match_id
intermediate;int_shot_placement;offset_center;float;dec_offset_center
intermediate;int_shot_placement;placement_col;string;str_placement_col
intermediate;int_shot_placement;placement_row;string;str_placement_row
intermediate;int_shot_placement;placement_zone;string;str_placement_zone
intermediate;int_shot_placement;player_id;string;str_player_id
intermediate;int_shot_placement;pre_shot_xg_proxy;float;dec_pre_shot_xg_proxy
intermediate;int_shot_placement;row_num;integer;int_row_num
intermediate;int_shot_placement;scraped_at;date/timestamp;dt_scraped_at
intermediate;int_shot_placement;season;string;str_season
intermediate;int_shot_placement;team_id;string;str_team_id
intermediate;int_shot_placement;type_id;string;str_type_id
intermediate;int_shot_placement;type_name;string;str_type_name
intermediate;int_shot_placement;x;float;dec_x
intermediate;int_shot_placement;y;float;dec_y
intermediate;int_substitutions;expanded_minute;integer;int_expanded_minute
intermediate;int_substitutions;league_source;string;str_league_source
intermediate;int_substitutions;match_id;string;str_match_id
intermediate;int_substitutions;off_row_num;integer;int_off_row_num
intermediate;int_substitutions;player_off;integer;int_player_off
intermediate;int_substitutions;player_on;integer;int_player_on
intermediate;int_substitutions;scraped_at;date/timestamp;dt_scraped_at
intermediate;int_substitutions;season;string;str_season
intermediate;int_substitutions;sub_number;integer;int_sub_number
intermediate;int_substitutions;team_id;string;str_team_id
intermediate;int_understat_schedule;away_goals;integer;int_away_goals
intermediate;int_understat_schedule;away_xg;float;dec_away_xg
intermediate;int_understat_schedule;comp_category;string;str_comp_category
intermediate;int_understat_schedule;home_goals;integer;int_home_goals
intermediate;int_understat_schedule;home_xg;float;dec_home_xg
intermediate;int_understat_schedule;is_result;boolean;bool_is_result
intermediate;int_understat_schedule;league_source;string;str_league_source
intermediate;int_understat_schedule;match_id;string;str_match_id
intermediate;int_understat_schedule;match_url;string;str_match_url
intermediate;int_understat_schedule;opponent_id;string;str_opponent_id
intermediate;int_understat_schedule;scraped_at;date/timestamp;dt_scraped_at
intermediate;int_understat_schedule;season;string;str_season
intermediate;int_understat_schedule;source;string;str_source
intermediate;int_understat_schedule;team_id;string;str_team_id
intermediate;int_understat_schedule;us_match_id;string;str_us_match_id
intermediate;int_understat_stats;away_deep;integer;int_away_deep
intermediate;int_understat_stats;away_np_xg;float;dec_away_np_xg
intermediate;int_understat_stats;away_np_xg_diff;float;dec_away_np_xg_diff
intermediate;int_understat_stats;away_ppda;float;dec_away_ppda
intermediate;int_understat_stats;away_xpts;float;dec_away_xpts
intermediate;int_understat_stats;comp_category;string;str_comp_category
intermediate;int_understat_stats;home_deep;integer;int_home_deep
intermediate;int_understat_stats;home_np_xg;float;dec_home_np_xg
intermediate;int_understat_stats;home_np_xg_diff;float;dec_home_np_xg_diff
intermediate;int_understat_stats;home_ppda;float;dec_home_ppda
intermediate;int_understat_stats;home_xpts;float;dec_home_xpts
intermediate;int_understat_stats;league_source;string;str_league_source
intermediate;int_understat_stats;match_id;string;str_match_id
intermediate;int_understat_stats;scraped_at;date/timestamp;dt_scraped_at
intermediate;int_understat_stats;season;string;str_season
intermediate;int_understat_stats;source;string;str_source
intermediate;int_understat_stats;us_match_id;string;str_us_match_id
intermediate;int_whoscored_events;blocked_x;float;dec_blocked_x
intermediate;int_whoscored_events;blocked_y;float;dec_blocked_y
intermediate;int_whoscored_events;card_type;string;str_card_type
intermediate;int_whoscored_events;end_x;float;dec_end_x
intermediate;int_whoscored_events;end_y;float;dec_end_y
intermediate;int_whoscored_events;event_id;string;str_event_id
intermediate;int_whoscored_events;expanded_minute;integer;int_expanded_minute
intermediate;int_whoscored_events;goal_mouth_y;float;dec_goal_mouth_y
intermediate;int_whoscored_events;goal_mouth_z;float;dec_goal_mouth_z
intermediate;int_whoscored_events;is_goal;boolean;bool_is_goal
intermediate;int_whoscored_events;is_own_goal;boolean;bool_is_own_goal
intermediate;int_whoscored_events;is_shot;boolean;bool_is_shot
intermediate;int_whoscored_events;is_touch;boolean;bool_is_touch
intermediate;int_whoscored_events;league_source;string;str_league_source
intermediate;int_whoscored_events;match_id;string;str_match_id
intermediate;int_whoscored_events;minute;integer;int_minute
intermediate;int_whoscored_events;outcome_id;string;str_outcome_id
intermediate;int_whoscored_events;outcome_name;string;str_outcome_name
intermediate;int_whoscored_events;period;integer;int_period
intermediate;int_whoscored_events;player_id;string;str_player_id
intermediate;int_whoscored_events;qualifiers_json;string;str_qualifiers_json
intermediate;int_whoscored_events;related_event_id;string;str_related_event_id
intermediate;int_whoscored_events;related_player_id;string;str_related_player_id
intermediate;int_whoscored_events;row_num;integer;int_row_num
intermediate;int_whoscored_events;scraped_at;date/timestamp;dt_scraped_at
intermediate;int_whoscored_events;season;string;str_season
intermediate;int_whoscored_events;second;integer;int_second
intermediate;int_whoscored_events;team_id;string;str_team_id
intermediate;int_whoscored_events;type_id;string;str_type_id
intermediate;int_whoscored_events;type_name;string;str_type_name
intermediate;int_whoscored_events;x;float;dec_x
intermediate;int_whoscored_events;y;float;dec_y
intermediate;int_whoscored_formations;captain_player_id;string;str_captain_player_id
intermediate;int_whoscored_formations;end_minute;integer;int_end_minute
intermediate;int_whoscored_formations;formation_id;string;str_formation_id
intermediate;int_whoscored_formations;formation_positions;string;str_formation_positions
intermediate;int_whoscored_formations;formation_seq;integer;int_formation_seq
intermediate;int_whoscored_formations;match_id;string;str_match_id
intermediate;int_whoscored_formations;period;integer;int_period
intermediate;int_whoscored_formations;player_ids;string;str_player_ids
intermediate;int_whoscored_formations;start_minute;integer;int_start_minute
intermediate;int_whoscored_formations;team_id;string;str_team_id
intermediate;int_whoscored_lineup;end_minute;integer;int_end_minute
intermediate;int_whoscored_lineup;formation_id;string;str_formation_id
intermediate;int_whoscored_lineup;formation_seq;integer;int_formation_seq
intermediate;int_whoscored_lineup;grid_horizontal;float;dec_grid_horizontal
intermediate;int_whoscored_lineup;grid_vertical;float;dec_grid_vertical
intermediate;int_whoscored_lineup;is_captain;boolean;bool_is_captain
intermediate;int_whoscored_lineup;match_id;string;str_match_id
intermediate;int_whoscored_lineup;period;integer;int_period
intermediate;int_whoscored_lineup;player_id;string;str_player_id
intermediate;int_whoscored_lineup;slot;integer;int_slot
intermediate;int_whoscored_lineup;start_minute;integer;int_start_minute
intermediate;int_whoscored_lineup;team_id;string;str_team_id
intermediate;int_whoscored_lineup_agg;avg_horizontal;float;dec_avg_horizontal
intermediate;int_whoscored_lineup_agg;avg_vertical;float;dec_avg_vertical
intermediate;int_whoscored_lineup_agg;is_captain;boolean;bool_is_captain
intermediate;int_whoscored_lineup_agg;match_id;string;str_match_id
intermediate;int_whoscored_lineup_agg;n_formation_periods;integer;int_n_formation_periods
intermediate;int_whoscored_lineup_agg;player_id;string;str_player_id
intermediate;int_whoscored_lineup_agg;primary_slot;integer;int_primary_slot
intermediate;int_whoscored_lineup_agg;team_id;string;str_team_id
intermediate;int_whoscored_match_index;comp_category;string;str_comp_category
intermediate;int_whoscored_match_index;league_source;string;str_league_source
intermediate;int_whoscored_match_index;match_date;date/timestamp;dt_match_date
intermediate;int_whoscored_match_index;match_id;string;str_match_id
intermediate;int_whoscored_match_index;opponent_id;string;str_opponent_id
intermediate;int_whoscored_match_index;scraped_at;date/timestamp;dt_scraped_at
intermediate;int_whoscored_match_index;season;string;str_season
intermediate;int_whoscored_match_index;team_id;string;str_team_id
intermediate;int_whoscored_match_index;ws_away_team_id;string;str_ws_away_team_id
intermediate;int_whoscored_match_index;ws_home_team_id;string;str_ws_home_team_id
intermediate;int_whoscored_match_index;ws_match_id;string;str_ws_match_id
intermediate;int_whoscored_player_match;aerials_total;float;dec_aerials_total
intermediate;int_whoscored_player_match;aerials_won;float;dec_aerials_won
intermediate;int_whoscored_player_match;age;integer;int_age
intermediate;int_whoscored_player_match;claims_high;float;dec_claims_high
intermediate;int_whoscored_player_match;clearances;float;dec_clearances
intermediate;int_whoscored_player_match;collected;float;dec_collected
intermediate;int_whoscored_player_match;corners_accurate;float;dec_corners_accurate
intermediate;int_whoscored_player_match;corners_total;float;dec_corners_total
intermediate;int_whoscored_player_match;defensive_aerials;float;dec_defensive_aerials
intermediate;int_whoscored_player_match;dispossessed;float;dec_dispossessed
intermediate;int_whoscored_player_match;dribbled_past;float;dec_dribbled_past
intermediate;int_whoscored_player_match;dribbles_attempted;float;dec_dribbles_attempted
intermediate;int_whoscored_player_match;dribbles_lost;float;dec_dribbles_lost
intermediate;int_whoscored_player_match;dribbles_won;float;dec_dribbles_won
intermediate;int_whoscored_player_match;errors;float;dec_errors
intermediate;int_whoscored_player_match;fouls_commited;float;dec_fouls_commited
intermediate;int_whoscored_player_match;height;integer;int_height
intermediate;int_whoscored_player_match;interceptions;float;dec_interceptions
intermediate;int_whoscored_player_match;is_first_eleven;boolean;bool_is_first_eleven
intermediate;int_whoscored_player_match;is_man_of_the_match;boolean;bool_is_man_of_the_match
intermediate;int_whoscored_player_match;match_id;string;str_match_id
intermediate;int_whoscored_player_match;offensive_aerials;float;dec_offensive_aerials
intermediate;int_whoscored_player_match;offsides_caught;float;dec_offsides_caught
intermediate;int_whoscored_player_match;parried_danger;float;dec_parried_danger
intermediate;int_whoscored_player_match;parried_safe;float;dec_parried_safe
intermediate;int_whoscored_player_match;passes_accurate;float;dec_passes_accurate
intermediate;int_whoscored_player_match;passes_key;float;dec_passes_key
intermediate;int_whoscored_player_match;passes_total;float;dec_passes_total
intermediate;int_whoscored_player_match;player_id;string;str_player_id
intermediate;int_whoscored_player_match;position;string;str_position
intermediate;int_whoscored_player_match;possession;float;dec_possession
intermediate;int_whoscored_player_match;rating;float;dec_rating
intermediate;int_whoscored_player_match;shirt_no;integer;int_shirt_no
intermediate;int_whoscored_player_match;shots_blocked;float;dec_shots_blocked
intermediate;int_whoscored_player_match;shots_off_target;float;dec_shots_off_target
intermediate;int_whoscored_player_match;shots_on_post;float;dec_shots_on_post
intermediate;int_whoscored_player_match;shots_on_target;float;dec_shots_on_target
intermediate;int_whoscored_player_match;shots_total;float;dec_shots_total
intermediate;int_whoscored_player_match;stats_json;string;str_stats_json
intermediate;int_whoscored_player_match;tackle_successful;float;dec_tackle_successful
intermediate;int_whoscored_player_match;tackle_unsuccesful;float;dec_tackle_unsuccesful
intermediate;int_whoscored_player_match;tackles_total;float;dec_tackles_total
intermediate;int_whoscored_player_match;team_id;string;str_team_id
intermediate;int_whoscored_player_match;throw_ins_accurate;float;dec_throw_ins_accurate
intermediate;int_whoscored_player_match;throw_ins_total;float;dec_throw_ins_total
intermediate;int_whoscored_player_match;total_saves;float;dec_total_saves
intermediate;int_whoscored_player_match;touches;float;dec_touches
intermediate;int_whoscored_player_match;weight;integer;int_weight
intermediate;int_whoscored_players;height;integer;int_height
intermediate;int_whoscored_players;n_matchs;integer;int_n_matchs
intermediate;int_whoscored_players;player_id;string;str_player_id
intermediate;int_whoscored_players;player_name;string;str_player_name
intermediate;int_whoscored_players;season;string;str_season
intermediate;int_whoscored_players;team_id;string;str_team_id
intermediate;int_whoscored_players;weight;integer;int_weight
intermediate;int_whoscored_team_match;average_age;float;dec_average_age
intermediate;int_whoscored_team_match;country_name;string;str_country_name
intermediate;int_whoscored_team_match;field;string;str_field
intermediate;int_whoscored_team_match;manager_name;string;str_manager_name
intermediate;int_whoscored_team_match;match_id;string;str_match_id
intermediate;int_whoscored_team_match;stats_json;string;str_stats_json
intermediate;int_whoscored_team_match;team_id;string;str_team_id
intermediate;int_whoscored_team_match_agg;aerial_success_pct;float;dec_aerial_success_pct
intermediate;int_whoscored_team_match_agg;aerials_total;float;dec_aerials_total
intermediate;int_whoscored_team_match_agg;aerials_won;float;dec_aerials_won
intermediate;int_whoscored_team_match_agg;clearances;float;dec_clearances
intermediate;int_whoscored_team_match_agg;corners_accurate;float;dec_corners_accurate
intermediate;int_whoscored_team_match_agg;corners_total;float;dec_corners_total
intermediate;int_whoscored_team_match_agg;defensive_aerials;float;dec_defensive_aerials
intermediate;int_whoscored_team_match_agg;dispossessed;float;dec_dispossessed
intermediate;int_whoscored_team_match_agg;dribble_success_pct;float;dec_dribble_success_pct
intermediate;int_whoscored_team_match_agg;dribbled_past;float;dec_dribbled_past
intermediate;int_whoscored_team_match_agg;dribbles_attempted;float;dec_dribbles_attempted
intermediate;int_whoscored_team_match_agg;dribbles_lost;float;dec_dribbles_lost
intermediate;int_whoscored_team_match_agg;dribbles_won;float;dec_dribbles_won
intermediate;int_whoscored_team_match_agg;errors;float;dec_errors
intermediate;int_whoscored_team_match_agg;fouls_committed;integer;int_fouls_committed
intermediate;int_whoscored_team_match_agg;interceptions;integer;int_interceptions
intermediate;int_whoscored_team_match_agg;match_id;string;str_match_id
intermediate;int_whoscored_team_match_agg;offensive_aerials;float;dec_offensive_aerials
intermediate;int_whoscored_team_match_agg;offsides_caught;float;dec_offsides_caught
intermediate;int_whoscored_team_match_agg;pass_success_pct;float;dec_pass_success_pct
intermediate;int_whoscored_team_match_agg;passes_accurate;float;dec_passes_accurate
intermediate;int_whoscored_team_match_agg;passes_key;float;dec_passes_key
intermediate;int_whoscored_team_match_agg;passes_total;float;dec_passes_total
intermediate;int_whoscored_team_match_agg;possession;float;dec_possession
intermediate;int_whoscored_team_match_agg;shots_blocked;float;dec_shots_blocked
intermediate;int_whoscored_team_match_agg;shots_off_target;float;dec_shots_off_target
intermediate;int_whoscored_team_match_agg;shots_on_target;integer;int_shots_on_target
intermediate;int_whoscored_team_match_agg;shots_total;integer;int_shots_total
intermediate;int_whoscored_team_match_agg;tackle_success_pct;float;dec_tackle_success_pct
intermediate;int_whoscored_team_match_agg;tackles_successful;integer;int_tackles_successful
intermediate;int_whoscored_team_match_agg;tackles_total;float;dec_tackles_total
intermediate;int_whoscored_team_match_agg;tackles_unsuccessful;integer;int_tackles_unsuccessful
intermediate;int_whoscored_team_match_agg;team_id;string;str_team_id
intermediate;int_whoscored_team_match_agg;throw_in_accuracy_pct;float;dec_throw_in_accuracy_pct
intermediate;int_whoscored_team_match_agg;throw_ins_accurate;float;dec_throw_ins_accurate
intermediate;int_whoscored_team_match_agg;throw_ins_total;float;dec_throw_ins_total
intermediate;int_whoscored_team_match_agg;touches;float;dec_touches
intermediate;int_whoscored_team_match_minute;aerial_success_value;float;dec_aerial_success_value
intermediate;int_whoscored_team_match_minute;aerials_total_value;float;dec_aerials_total_value
intermediate;int_whoscored_team_match_minute;aerials_won_value;float;dec_aerials_won_value
intermediate;int_whoscored_team_match_minute;clearances_value;float;dec_clearances_value
intermediate;int_whoscored_team_match_minute;corners_accurate_value;float;dec_corners_accurate_value
intermediate;int_whoscored_team_match_minute;corners_total_value;float;dec_corners_total_value
intermediate;int_whoscored_team_match_minute;defensive_aerials_value;float;dec_defensive_aerials_value
intermediate;int_whoscored_team_match_minute;dispossessed_value;float;dec_dispossessed_value
intermediate;int_whoscored_team_match_minute;dribble_success_value;float;dec_dribble_success_value
intermediate;int_whoscored_team_match_minute;dribbled_past_value;float;dec_dribbled_past_value
intermediate;int_whoscored_team_match_minute;dribbles_attempted_value;float;dec_dribbles_attempted_value
intermediate;int_whoscored_team_match_minute;dribbles_lost_value;float;dec_dribbles_lost_value
intermediate;int_whoscored_team_match_minute;dribbles_won_value;float;dec_dribbles_won_value
intermediate;int_whoscored_team_match_minute;errors_value;float;dec_errors_value
intermediate;int_whoscored_team_match_minute;fouls_committed_value;integer;int_fouls_committed_value
intermediate;int_whoscored_team_match_minute;interceptions_value;integer;int_interceptions_value
intermediate;int_whoscored_team_match_minute;match_id;string;str_match_id
intermediate;int_whoscored_team_match_minute;minute;integer;int_minute
intermediate;int_whoscored_team_match_minute;offensive_aerials_value;float;dec_offensive_aerials_value
intermediate;int_whoscored_team_match_minute;offsides_caught_value;float;dec_offsides_caught_value
intermediate;int_whoscored_team_match_minute;pass_success_value;float;dec_pass_success_value
intermediate;int_whoscored_team_match_minute;passes_accurate_value;float;dec_passes_accurate_value
intermediate;int_whoscored_team_match_minute;passes_key_value;float;dec_passes_key_value
intermediate;int_whoscored_team_match_minute;passes_total_value;float;dec_passes_total_value
intermediate;int_whoscored_team_match_minute;possession_value;float;dec_possession_value
intermediate;int_whoscored_team_match_minute;rating;float;dec_rating
intermediate;int_whoscored_team_match_minute;shots_blocked_value;float;dec_shots_blocked_value
intermediate;int_whoscored_team_match_minute;shots_off_target_value;float;dec_shots_off_target_value
intermediate;int_whoscored_team_match_minute;shots_on_target_value;integer;int_shots_on_target_value
intermediate;int_whoscored_team_match_minute;shots_total_value;integer;int_shots_total_value
intermediate;int_whoscored_team_match_minute;tackle_success_value;float;dec_tackle_success_value
intermediate;int_whoscored_team_match_minute;tackles_successful_value;integer;int_tackles_successful_value
intermediate;int_whoscored_team_match_minute;tackles_total_value;float;dec_tackles_total_value
intermediate;int_whoscored_team_match_minute;tackles_unsuccessful_value;integer;int_tackles_unsuccessful_value
intermediate;int_whoscored_team_match_minute;team_id;string;str_team_id
intermediate;int_whoscored_team_match_minute;throw_in_accuracy_value;float;dec_throw_in_accuracy_value
intermediate;int_whoscored_team_match_minute;throw_ins_accurate_value;float;dec_throw_ins_accurate_value
intermediate;int_whoscored_team_match_minute;throw_ins_total_value;float;dec_throw_ins_total_value
intermediate;int_whoscored_team_match_minute;touches_value;float;dec_touches_value
intermediate;int_whoscored_team_season;comp_category;string;str_comp_category
intermediate;int_whoscored_team_season;league_source;string;str_league_source
intermediate;int_whoscored_team_season;raw_team;string;str_raw_team
intermediate;int_whoscored_team_season;scraped_at;date/timestamp;dt_scraped_at
intermediate;int_whoscored_team_season;season;string;str_season
intermediate;int_whoscored_team_season;source;string;str_source
intermediate;int_whoscored_team_season;team_id;string;str_team_id
intermediate;int_whoscored_team_season;ws_away_att_rating;float;dec_ws_away_att_rating
intermediate;int_whoscored_team_season;ws_away_def_rating;float;dec_ws_away_def_rating
intermediate;int_whoscored_team_season;ws_away_dribbles_pg;float;dec_ws_away_dribbles_pg
intermediate;int_whoscored_team_season;ws_away_fouled_pg;float;dec_ws_away_fouled_pg
intermediate;int_whoscored_team_season;ws_away_fouls_pg;float;dec_ws_away_fouls_pg
intermediate;int_whoscored_team_season;ws_away_goals_against;float;dec_ws_away_goals_against
intermediate;int_whoscored_team_season;ws_away_goals_for;float;dec_ws_away_goals_for
intermediate;int_whoscored_team_season;ws_away_interceptions_pg;float;dec_ws_away_interceptions_pg
intermediate;int_whoscored_team_season;ws_away_offsides_pg;float;dec_ws_away_offsides_pg
intermediate;int_whoscored_team_season;ws_away_shots_against;float;dec_ws_away_shots_against
intermediate;int_whoscored_team_season;ws_away_shots_conceded_pg;float;dec_ws_away_shots_conceded_pg
intermediate;int_whoscored_team_season;ws_away_shots_for;float;dec_ws_away_shots_for
intermediate;int_whoscored_team_season;ws_away_shots_ot_pg;float;dec_ws_away_shots_ot_pg
intermediate;int_whoscored_team_season;ws_away_shots_pg;float;dec_ws_away_shots_pg
intermediate;int_whoscored_team_season;ws_away_tackles_pg;float;dec_ws_away_tackles_pg
intermediate;int_whoscored_team_season;ws_away_xg_against;float;dec_ws_away_xg_against
intermediate;int_whoscored_team_season;ws_away_xg_against_rating;float;dec_ws_away_xg_against_rating
intermediate;int_whoscored_team_season;ws_away_xg_diff_against;float;dec_ws_away_xg_diff_against
intermediate;int_whoscored_team_season;ws_away_xg_diff_for;float;dec_ws_away_xg_diff_for
intermediate;int_whoscored_team_season;ws_away_xg_for;float;dec_ws_away_xg_for
intermediate;int_whoscored_team_season;ws_away_xg_for_rating;float;dec_ws_away_xg_for_rating
intermediate;int_whoscored_team_season;ws_away_xg_per_shot_against;float;dec_ws_away_xg_per_shot_against
intermediate;int_whoscored_team_season;ws_away_xg_per_shot_for;float;dec_ws_away_xg_per_shot_for
intermediate;int_whoscored_team_season;ws_home_att_rating;float;dec_ws_home_att_rating
intermediate;int_whoscored_team_season;ws_home_def_rating;float;dec_ws_home_def_rating
intermediate;int_whoscored_team_season;ws_home_dribbles_pg;float;dec_ws_home_dribbles_pg
intermediate;int_whoscored_team_season;ws_home_fouled_pg;float;dec_ws_home_fouled_pg
intermediate;int_whoscored_team_season;ws_home_fouls_pg;float;dec_ws_home_fouls_pg
intermediate;int_whoscored_team_season;ws_home_goals_against;float;dec_ws_home_goals_against
intermediate;int_whoscored_team_season;ws_home_goals_for;float;dec_ws_home_goals_for
intermediate;int_whoscored_team_season;ws_home_interceptions_pg;float;dec_ws_home_interceptions_pg
intermediate;int_whoscored_team_season;ws_home_offsides_pg;float;dec_ws_home_offsides_pg
intermediate;int_whoscored_team_season;ws_home_shots_against;float;dec_ws_home_shots_against
intermediate;int_whoscored_team_season;ws_home_shots_conceded_pg;float;dec_ws_home_shots_conceded_pg
intermediate;int_whoscored_team_season;ws_home_shots_for;float;dec_ws_home_shots_for
intermediate;int_whoscored_team_season;ws_home_shots_ot_pg;float;dec_ws_home_shots_ot_pg
intermediate;int_whoscored_team_season;ws_home_shots_pg;float;dec_ws_home_shots_pg
intermediate;int_whoscored_team_season;ws_home_tackles_pg;float;dec_ws_home_tackles_pg
intermediate;int_whoscored_team_season;ws_home_xg_against;float;dec_ws_home_xg_against
intermediate;int_whoscored_team_season;ws_home_xg_against_rating;float;dec_ws_home_xg_against_rating
intermediate;int_whoscored_team_season;ws_home_xg_diff_against;float;dec_ws_home_xg_diff_against
intermediate;int_whoscored_team_season;ws_home_xg_diff_for;float;dec_ws_home_xg_diff_for
intermediate;int_whoscored_team_season;ws_home_xg_for;float;dec_ws_home_xg_for
intermediate;int_whoscored_team_season;ws_home_xg_for_rating;float;dec_ws_home_xg_for_rating
intermediate;int_whoscored_team_season;ws_home_xg_per_shot_against;float;dec_ws_home_xg_per_shot_against
intermediate;int_whoscored_team_season;ws_home_xg_per_shot_for;float;dec_ws_home_xg_per_shot_for
intermediate;int_xt_actions;action_kind;string;str_action_kind
intermediate;int_xt_actions;col_from;integer;int_col_from
intermediate;int_xt_actions;col_to;integer;int_col_to
intermediate;int_xt_actions;is_goal;boolean;bool_is_goal
intermediate;int_xt_actions;is_shot;boolean;bool_is_shot
intermediate;int_xt_actions;league_source;string;str_league_source
intermediate;int_xt_actions;match_id;string;str_match_id
intermediate;int_xt_actions;player_id;string;str_player_id
intermediate;int_xt_actions;row_from;integer;int_row_from
intermediate;int_xt_actions;row_num;integer;int_row_num
intermediate;int_xt_actions;row_to;integer;int_row_to
intermediate;int_xt_actions;season;string;str_season
intermediate;int_xt_actions;team_id;string;str_team_id
intermediate;int_xt_contributions;col_from;integer;int_col_from
intermediate;int_xt_contributions;col_to;integer;int_col_to
intermediate;int_xt_contributions;league_source;string;str_league_source
intermediate;int_xt_contributions;match_id;string;str_match_id
intermediate;int_xt_contributions;player_id;string;str_player_id
intermediate;int_xt_contributions;row_from;integer;int_row_from
intermediate;int_xt_contributions;row_num;integer;int_row_num
intermediate;int_xt_contributions;row_to;integer;int_row_to
intermediate;int_xt_contributions;season;string;str_season
intermediate;int_xt_contributions;team_id;string;str_team_id
intermediate;int_xt_contributions;xt_added;float;dec_xt_added
intermediate;int_xt_contributions;xt_from;float;dec_xt_from
intermediate;int_xt_contributions;xt_to;float;dec_xt_to
intermediate;match_registry;away_team_id;string;str_away_team_id
intermediate;match_registry;home_team_id;string;str_home_team_id
intermediate;match_registry;league_source;string;str_league_source
intermediate;match_registry;match_date;date/timestamp;dt_match_date
intermediate;match_registry;match_id;string;str_match_id
intermediate;match_registry;season;string;str_season
intermediate;player_match_stats;aerial_win_rate;float;dec_aerial_win_rate
intermediate;player_match_stats;blank_late_pct_z1_c1;float;dec_blank_late_pct_z1_c1
intermediate;player_match_stats;blank_late_pct_z1_c2;float;dec_blank_late_pct_z1_c2
intermediate;player_match_stats;blank_late_pct_z1_c3;float;dec_blank_late_pct_z1_c3
intermediate;player_match_stats;blank_late_pct_z1_c4;float;dec_blank_late_pct_z1_c4
intermediate;player_match_stats;blank_late_pct_z1_c5;float;dec_blank_late_pct_z1_c5
intermediate;player_match_stats;blank_late_pct_z2_c1;float;dec_blank_late_pct_z2_c1
intermediate;player_match_stats;blank_late_pct_z2_c2;float;dec_blank_late_pct_z2_c2
intermediate;player_match_stats;blank_late_pct_z2_c3;float;dec_blank_late_pct_z2_c3
intermediate;player_match_stats;blank_late_pct_z2_c4;float;dec_blank_late_pct_z2_c4
intermediate;player_match_stats;blank_late_pct_z2_c5;float;dec_blank_late_pct_z2_c5
intermediate;player_match_stats;blank_late_pct_z3_c1;float;dec_blank_late_pct_z3_c1
intermediate;player_match_stats;blank_late_pct_z3_c2;float;dec_blank_late_pct_z3_c2
intermediate;player_match_stats;blank_late_pct_z3_c3;float;dec_blank_late_pct_z3_c3
intermediate;player_match_stats;blank_late_pct_z3_c4;float;dec_blank_late_pct_z3_c4
intermediate;player_match_stats;blank_late_pct_z3_c5;float;dec_blank_late_pct_z3_c5
intermediate;player_match_stats;blank_late_pct_z4_c1;float;dec_blank_late_pct_z4_c1
intermediate;player_match_stats;blank_late_pct_z4_c2;float;dec_blank_late_pct_z4_c2
intermediate;player_match_stats;blank_late_pct_z4_c3;float;dec_blank_late_pct_z4_c3
intermediate;player_match_stats;blank_late_pct_z4_c4;float;dec_blank_late_pct_z4_c4
intermediate;player_match_stats;blank_late_pct_z4_c5;float;dec_blank_late_pct_z4_c5
intermediate;player_match_stats;blank_late_pct_z5_c1;float;dec_blank_late_pct_z5_c1
intermediate;player_match_stats;blank_late_pct_z5_c2;float;dec_blank_late_pct_z5_c2
intermediate;player_match_stats;blank_late_pct_z5_c3;float;dec_blank_late_pct_z5_c3
intermediate;player_match_stats;blank_late_pct_z5_c4;float;dec_blank_late_pct_z5_c4
intermediate;player_match_stats;blank_late_pct_z5_c5;float;dec_blank_late_pct_z5_c5
intermediate;player_match_stats;blank_pct_z1_c1;float;dec_blank_pct_z1_c1
intermediate;player_match_stats;blank_pct_z1_c2;float;dec_blank_pct_z1_c2
intermediate;player_match_stats;blank_pct_z1_c3;float;dec_blank_pct_z1_c3
intermediate;player_match_stats;blank_pct_z1_c4;float;dec_blank_pct_z1_c4
intermediate;player_match_stats;blank_pct_z1_c5;float;dec_blank_pct_z1_c5
intermediate;player_match_stats;blank_pct_z2_c1;float;dec_blank_pct_z2_c1
intermediate;player_match_stats;blank_pct_z2_c2;float;dec_blank_pct_z2_c2
intermediate;player_match_stats;blank_pct_z2_c3;float;dec_blank_pct_z2_c3
intermediate;player_match_stats;blank_pct_z2_c4;float;dec_blank_pct_z2_c4
intermediate;player_match_stats;blank_pct_z2_c5;float;dec_blank_pct_z2_c5
intermediate;player_match_stats;blank_pct_z3_c1;float;dec_blank_pct_z3_c1
intermediate;player_match_stats;blank_pct_z3_c2;float;dec_blank_pct_z3_c2
intermediate;player_match_stats;blank_pct_z3_c3;float;dec_blank_pct_z3_c3
intermediate;player_match_stats;blank_pct_z3_c4;float;dec_blank_pct_z3_c4
intermediate;player_match_stats;blank_pct_z3_c5;float;dec_blank_pct_z3_c5
intermediate;player_match_stats;blank_pct_z4_c1;float;dec_blank_pct_z4_c1
intermediate;player_match_stats;blank_pct_z4_c2;float;dec_blank_pct_z4_c2
intermediate;player_match_stats;blank_pct_z4_c3;float;dec_blank_pct_z4_c3
intermediate;player_match_stats;blank_pct_z4_c4;float;dec_blank_pct_z4_c4
intermediate;player_match_stats;blank_pct_z4_c5;float;dec_blank_pct_z4_c5
intermediate;player_match_stats;blank_pct_z5_c1;float;dec_blank_pct_z5_c1
intermediate;player_match_stats;blank_pct_z5_c2;float;dec_blank_pct_z5_c2
intermediate;player_match_stats;blank_pct_z5_c3;float;dec_blank_pct_z5_c3
intermediate;player_match_stats;blank_pct_z5_c4;float;dec_blank_pct_z5_c4
intermediate;player_match_stats;blank_pct_z5_c5;float;dec_blank_pct_z5_c5
intermediate;player_match_stats;date;date/timestamp;dt_date
intermediate;player_match_stats;defensive_zone_x;float;dec_defensive_zone_x
intermediate;player_match_stats;drawing_late_pct_z1_c1;float;dec_drawing_late_pct_z1_c1
intermediate;player_match_stats;drawing_late_pct_z1_c2;float;dec_drawing_late_pct_z1_c2
intermediate;player_match_stats;drawing_late_pct_z1_c3;float;dec_drawing_late_pct_z1_c3
intermediate;player_match_stats;drawing_late_pct_z1_c4;float;dec_drawing_late_pct_z1_c4
intermediate;player_match_stats;drawing_late_pct_z1_c5;float;dec_drawing_late_pct_z1_c5
intermediate;player_match_stats;drawing_late_pct_z2_c1;float;dec_drawing_late_pct_z2_c1
intermediate;player_match_stats;drawing_late_pct_z2_c2;float;dec_drawing_late_pct_z2_c2
intermediate;player_match_stats;drawing_late_pct_z2_c3;float;dec_drawing_late_pct_z2_c3
intermediate;player_match_stats;drawing_late_pct_z2_c4;float;dec_drawing_late_pct_z2_c4
intermediate;player_match_stats;drawing_late_pct_z2_c5;float;dec_drawing_late_pct_z2_c5
intermediate;player_match_stats;drawing_late_pct_z3_c1;float;dec_drawing_late_pct_z3_c1
intermediate;player_match_stats;drawing_late_pct_z3_c2;float;dec_drawing_late_pct_z3_c2
intermediate;player_match_stats;drawing_late_pct_z3_c3;float;dec_drawing_late_pct_z3_c3
intermediate;player_match_stats;drawing_late_pct_z3_c4;float;dec_drawing_late_pct_z3_c4
intermediate;player_match_stats;drawing_late_pct_z3_c5;float;dec_drawing_late_pct_z3_c5
intermediate;player_match_stats;drawing_late_pct_z4_c1;float;dec_drawing_late_pct_z4_c1
intermediate;player_match_stats;drawing_late_pct_z4_c2;float;dec_drawing_late_pct_z4_c2
intermediate;player_match_stats;drawing_late_pct_z4_c3;float;dec_drawing_late_pct_z4_c3
intermediate;player_match_stats;drawing_late_pct_z4_c4;float;dec_drawing_late_pct_z4_c4
intermediate;player_match_stats;drawing_late_pct_z4_c5;float;dec_drawing_late_pct_z4_c5
intermediate;player_match_stats;drawing_late_pct_z5_c1;float;dec_drawing_late_pct_z5_c1
intermediate;player_match_stats;drawing_late_pct_z5_c2;float;dec_drawing_late_pct_z5_c2
intermediate;player_match_stats;drawing_late_pct_z5_c3;float;dec_drawing_late_pct_z5_c3
intermediate;player_match_stats;drawing_late_pct_z5_c4;float;dec_drawing_late_pct_z5_c4
intermediate;player_match_stats;drawing_late_pct_z5_c5;float;dec_drawing_late_pct_z5_c5
intermediate;player_match_stats;drawing_pct_z1_c1;float;dec_drawing_pct_z1_c1
intermediate;player_match_stats;drawing_pct_z1_c2;float;dec_drawing_pct_z1_c2
intermediate;player_match_stats;drawing_pct_z1_c3;float;dec_drawing_pct_z1_c3
intermediate;player_match_stats;drawing_pct_z1_c4;float;dec_drawing_pct_z1_c4
intermediate;player_match_stats;drawing_pct_z1_c5;float;dec_drawing_pct_z1_c5
intermediate;player_match_stats;drawing_pct_z2_c1;float;dec_drawing_pct_z2_c1
intermediate;player_match_stats;drawing_pct_z2_c2;float;dec_drawing_pct_z2_c2
intermediate;player_match_stats;drawing_pct_z2_c3;float;dec_drawing_pct_z2_c3
intermediate;player_match_stats;drawing_pct_z2_c4;float;dec_drawing_pct_z2_c4
intermediate;player_match_stats;drawing_pct_z2_c5;float;dec_drawing_pct_z2_c5
intermediate;player_match_stats;drawing_pct_z3_c1;float;dec_drawing_pct_z3_c1
intermediate;player_match_stats;drawing_pct_z3_c2;float;dec_drawing_pct_z3_c2
intermediate;player_match_stats;drawing_pct_z3_c3;float;dec_drawing_pct_z3_c3
intermediate;player_match_stats;drawing_pct_z3_c4;float;dec_drawing_pct_z3_c4
intermediate;player_match_stats;drawing_pct_z3_c5;float;dec_drawing_pct_z3_c5
intermediate;player_match_stats;drawing_pct_z4_c1;float;dec_drawing_pct_z4_c1
intermediate;player_match_stats;drawing_pct_z4_c2;float;dec_drawing_pct_z4_c2
intermediate;player_match_stats;drawing_pct_z4_c3;float;dec_drawing_pct_z4_c3
intermediate;player_match_stats;drawing_pct_z4_c4;float;dec_drawing_pct_z4_c4
intermediate;player_match_stats;drawing_pct_z4_c5;float;dec_drawing_pct_z4_c5
intermediate;player_match_stats;drawing_pct_z5_c1;float;dec_drawing_pct_z5_c1
intermediate;player_match_stats;drawing_pct_z5_c2;float;dec_drawing_pct_z5_c2
intermediate;player_match_stats;drawing_pct_z5_c3;float;dec_drawing_pct_z5_c3
intermediate;player_match_stats;drawing_pct_z5_c4;float;dec_drawing_pct_z5_c4
intermediate;player_match_stats;drawing_pct_z5_c5;float;dec_drawing_pct_z5_c5
intermediate;player_match_stats;league_source;string;str_league_source
intermediate;player_match_stats;losing_late_pct_z1_c1;float;dec_losing_late_pct_z1_c1
intermediate;player_match_stats;losing_late_pct_z1_c2;float;dec_losing_late_pct_z1_c2
intermediate;player_match_stats;losing_late_pct_z1_c3;float;dec_losing_late_pct_z1_c3
intermediate;player_match_stats;losing_late_pct_z1_c4;float;dec_losing_late_pct_z1_c4
intermediate;player_match_stats;losing_late_pct_z1_c5;float;dec_losing_late_pct_z1_c5
intermediate;player_match_stats;losing_late_pct_z2_c1;float;dec_losing_late_pct_z2_c1
intermediate;player_match_stats;losing_late_pct_z2_c2;float;dec_losing_late_pct_z2_c2
intermediate;player_match_stats;losing_late_pct_z2_c3;float;dec_losing_late_pct_z2_c3
intermediate;player_match_stats;losing_late_pct_z2_c4;float;dec_losing_late_pct_z2_c4
intermediate;player_match_stats;losing_late_pct_z2_c5;float;dec_losing_late_pct_z2_c5
intermediate;player_match_stats;losing_late_pct_z3_c1;float;dec_losing_late_pct_z3_c1
intermediate;player_match_stats;losing_late_pct_z3_c2;float;dec_losing_late_pct_z3_c2
intermediate;player_match_stats;losing_late_pct_z3_c3;float;dec_losing_late_pct_z3_c3
intermediate;player_match_stats;losing_late_pct_z3_c4;float;dec_losing_late_pct_z3_c4
intermediate;player_match_stats;losing_late_pct_z3_c5;float;dec_losing_late_pct_z3_c5
intermediate;player_match_stats;losing_late_pct_z4_c1;float;dec_losing_late_pct_z4_c1
intermediate;player_match_stats;losing_late_pct_z4_c2;float;dec_losing_late_pct_z4_c2
intermediate;player_match_stats;losing_late_pct_z4_c3;float;dec_losing_late_pct_z4_c3
intermediate;player_match_stats;losing_late_pct_z4_c4;float;dec_losing_late_pct_z4_c4
intermediate;player_match_stats;losing_late_pct_z4_c5;float;dec_losing_late_pct_z4_c5
intermediate;player_match_stats;losing_late_pct_z5_c1;float;dec_losing_late_pct_z5_c1
intermediate;player_match_stats;losing_late_pct_z5_c2;float;dec_losing_late_pct_z5_c2
intermediate;player_match_stats;losing_late_pct_z5_c3;float;dec_losing_late_pct_z5_c3
intermediate;player_match_stats;losing_late_pct_z5_c4;float;dec_losing_late_pct_z5_c4
intermediate;player_match_stats;losing_late_pct_z5_c5;float;dec_losing_late_pct_z5_c5
intermediate;player_match_stats;losing_pct_z1_c1;float;dec_losing_pct_z1_c1
intermediate;player_match_stats;losing_pct_z1_c2;float;dec_losing_pct_z1_c2
intermediate;player_match_stats;losing_pct_z1_c3;float;dec_losing_pct_z1_c3
intermediate;player_match_stats;losing_pct_z1_c4;float;dec_losing_pct_z1_c4
intermediate;player_match_stats;losing_pct_z1_c5;float;dec_losing_pct_z1_c5
intermediate;player_match_stats;losing_pct_z2_c1;float;dec_losing_pct_z2_c1
intermediate;player_match_stats;losing_pct_z2_c2;float;dec_losing_pct_z2_c2
intermediate;player_match_stats;losing_pct_z2_c3;float;dec_losing_pct_z2_c3
intermediate;player_match_stats;losing_pct_z2_c4;float;dec_losing_pct_z2_c4
intermediate;player_match_stats;losing_pct_z2_c5;float;dec_losing_pct_z2_c5
intermediate;player_match_stats;losing_pct_z3_c1;float;dec_losing_pct_z3_c1
intermediate;player_match_stats;losing_pct_z3_c2;float;dec_losing_pct_z3_c2
intermediate;player_match_stats;losing_pct_z3_c3;float;dec_losing_pct_z3_c3
intermediate;player_match_stats;losing_pct_z3_c4;float;dec_losing_pct_z3_c4
intermediate;player_match_stats;losing_pct_z3_c5;float;dec_losing_pct_z3_c5
intermediate;player_match_stats;losing_pct_z4_c1;float;dec_losing_pct_z4_c1
intermediate;player_match_stats;losing_pct_z4_c2;float;dec_losing_pct_z4_c2
intermediate;player_match_stats;losing_pct_z4_c3;float;dec_losing_pct_z4_c3
intermediate;player_match_stats;losing_pct_z4_c4;float;dec_losing_pct_z4_c4
intermediate;player_match_stats;losing_pct_z4_c5;float;dec_losing_pct_z4_c5
intermediate;player_match_stats;losing_pct_z5_c1;float;dec_losing_pct_z5_c1
intermediate;player_match_stats;losing_pct_z5_c2;float;dec_losing_pct_z5_c2
intermediate;player_match_stats;losing_pct_z5_c3;float;dec_losing_pct_z5_c3
intermediate;player_match_stats;losing_pct_z5_c4;float;dec_losing_pct_z5_c4
intermediate;player_match_stats;losing_pct_z5_c5;float;dec_losing_pct_z5_c5
intermediate;player_match_stats;match_id;string;str_match_id
intermediate;player_match_stats;minutes_played;integer;int_minutes_played
intermediate;player_match_stats;n_actions;integer;int_n_actions
intermediate;player_match_stats;n_actions_blank;integer;int_n_actions_blank
intermediate;player_match_stats;n_actions_blank_late;integer;int_n_actions_blank_late
intermediate;player_match_stats;n_actions_drawing;integer;int_n_actions_drawing
intermediate;player_match_stats;n_actions_drawing_late;integer;int_n_actions_drawing_late
intermediate;player_match_stats;n_actions_losing;integer;int_n_actions_losing
intermediate;player_match_stats;n_actions_losing_late;integer;int_n_actions_losing_late
intermediate;player_match_stats;n_actions_winning;integer;int_n_actions_winning
intermediate;player_match_stats;n_actions_winning_late;integer;int_n_actions_winning_late
intermediate;player_match_stats;n_aerial_defensive;integer;int_n_aerial_defensive
intermediate;player_match_stats;n_aerial_duels;integer;int_n_aerial_duels
intermediate;player_match_stats;n_aerial_offensive;integer;int_n_aerial_offensive
intermediate;player_match_stats;n_aerial_won;integer;int_n_aerial_won
intermediate;player_match_stats;n_assists;integer;int_n_assists
intermediate;player_match_stats;n_ball_recoveries;integer;int_n_ball_recoveries
intermediate;player_match_stats;n_challenges;integer;int_n_challenges
intermediate;player_match_stats;n_chances_created;integer;int_n_chances_created
intermediate;player_match_stats;n_clearances;integer;int_n_clearances
intermediate;player_match_stats;n_crosses;integer;int_n_crosses
intermediate;player_match_stats;n_defensive_actions_blank;integer;int_n_defensive_actions_blank
intermediate;player_match_stats;n_defensive_actions_blank_late;integer;int_n_defensive_actions_blank_late
intermediate;player_match_stats;n_defensive_actions_drawing;integer;int_n_defensive_actions_drawing
intermediate;player_match_stats;n_defensive_actions_drawing_late;integer;int_n_defensive_actions_drawing_late
intermediate;player_match_stats;n_defensive_actions_losing;integer;int_n_defensive_actions_losing
intermediate;player_match_stats;n_defensive_actions_losing_late;integer;int_n_defensive_actions_losing_late
intermediate;player_match_stats;n_defensive_actions_winning;integer;int_n_defensive_actions_winning
intermediate;player_match_stats;n_defensive_actions_winning_late;integer;int_n_defensive_actions_winning_late
intermediate;player_match_stats;n_errors_lead_to_goal;integer;int_n_errors_lead_to_goal
intermediate;player_match_stats;n_errors_lead_to_shot;integer;int_n_errors_lead_to_shot
intermediate;player_match_stats;n_interceptions;integer;int_n_interceptions
intermediate;player_match_stats;n_key_passes;integer;int_n_key_passes
intermediate;player_match_stats;n_longballs;integer;int_n_longballs
intermediate;player_match_stats;n_progressive_passes;integer;int_n_progressive_passes
intermediate;player_match_stats;n_progressive_passes_blank;integer;int_n_progressive_passes_blank
intermediate;player_match_stats;n_progressive_passes_blank_late;integer;int_n_progressive_passes_blank_late
intermediate;player_match_stats;n_progressive_passes_drawing;integer;int_n_progressive_passes_drawing
intermediate;player_match_stats;n_progressive_passes_drawing_late;integer;int_n_progressive_passes_drawing_late
intermediate;player_match_stats;n_progressive_passes_losing;integer;int_n_progressive_passes_losing
intermediate;player_match_stats;n_progressive_passes_losing_late;integer;int_n_progressive_passes_losing_late
intermediate;player_match_stats;n_progressive_passes_winning;integer;int_n_progressive_passes_winning
intermediate;player_match_stats;n_progressive_passes_winning_late;integer;int_n_progressive_passes_winning_late
intermediate;player_match_stats;n_red_cards;integer;int_n_red_cards
intermediate;player_match_stats;n_second_yellows;integer;int_n_second_yellows
intermediate;player_match_stats;n_shot_assists;integer;int_n_shot_assists
intermediate;player_match_stats;n_shots;integer;int_n_shots
intermediate;player_match_stats;n_shots_blank;integer;int_n_shots_blank
intermediate;player_match_stats;n_shots_blank_late;integer;int_n_shots_blank_late
intermediate;player_match_stats;n_shots_drawing;integer;int_n_shots_drawing
intermediate;player_match_stats;n_shots_drawing_late;integer;int_n_shots_drawing_late
intermediate;player_match_stats;n_shots_individual_play;integer;int_n_shots_individual_play
intermediate;player_match_stats;n_shots_losing;integer;int_n_shots_losing
intermediate;player_match_stats;n_shots_losing_late;integer;int_n_shots_losing_late
intermediate;player_match_stats;n_shots_regular_play;integer;int_n_shots_regular_play
intermediate;player_match_stats;n_shots_winning;integer;int_n_shots_winning
intermediate;player_match_stats;n_shots_winning_late;integer;int_n_shots_winning_late
intermediate;player_match_stats;n_tackles;integer;int_n_tackles
intermediate;player_match_stats;n_tackles_won;integer;int_n_tackles_won
intermediate;player_match_stats;n_throughballs;integer;int_n_throughballs
intermediate;player_match_stats;n_touches;integer;int_n_touches
intermediate;player_match_stats;n_yellow_cards;integer;int_n_yellow_cards
intermediate;player_match_stats;pct_z1_c1;float;dec_pct_z1_c1
intermediate;player_match_stats;pct_z1_c2;float;dec_pct_z1_c2
intermediate;player_match_stats;pct_z1_c3;float;dec_pct_z1_c3
intermediate;player_match_stats;pct_z1_c4;float;dec_pct_z1_c4
intermediate;player_match_stats;pct_z1_c5;float;dec_pct_z1_c5
intermediate;player_match_stats;pct_z2_c1;float;dec_pct_z2_c1
intermediate;player_match_stats;pct_z2_c2;float;dec_pct_z2_c2
intermediate;player_match_stats;pct_z2_c3;float;dec_pct_z2_c3
intermediate;player_match_stats;pct_z2_c4;float;dec_pct_z2_c4
intermediate;player_match_stats;pct_z2_c5;float;dec_pct_z2_c5
intermediate;player_match_stats;pct_z3_c1;float;dec_pct_z3_c1
intermediate;player_match_stats;pct_z3_c2;float;dec_pct_z3_c2
intermediate;player_match_stats;pct_z3_c3;float;dec_pct_z3_c3
intermediate;player_match_stats;pct_z3_c4;float;dec_pct_z3_c4
intermediate;player_match_stats;pct_z3_c5;float;dec_pct_z3_c5
intermediate;player_match_stats;pct_z4_c1;float;dec_pct_z4_c1
intermediate;player_match_stats;pct_z4_c2;float;dec_pct_z4_c2
intermediate;player_match_stats;pct_z4_c3;float;dec_pct_z4_c3
intermediate;player_match_stats;pct_z4_c4;float;dec_pct_z4_c4
intermediate;player_match_stats;pct_z4_c5;float;dec_pct_z4_c5
intermediate;player_match_stats;pct_z5_c1;float;dec_pct_z5_c1
intermediate;player_match_stats;pct_z5_c2;float;dec_pct_z5_c2
intermediate;player_match_stats;pct_z5_c3;float;dec_pct_z5_c3
intermediate;player_match_stats;pct_z5_c4;float;dec_pct_z5_c4
intermediate;player_match_stats;pct_z5_c5;float;dec_pct_z5_c5
intermediate;player_match_stats;player_id;string;str_player_id
intermediate;player_match_stats;scraped_at;date/timestamp;dt_scraped_at
intermediate;player_match_stats;season;string;str_season
intermediate;player_match_stats;team_id;string;str_team_id
intermediate;player_match_stats;winning_late_pct_z1_c1;float;dec_winning_late_pct_z1_c1
intermediate;player_match_stats;winning_late_pct_z1_c2;float;dec_winning_late_pct_z1_c2
intermediate;player_match_stats;winning_late_pct_z1_c3;float;dec_winning_late_pct_z1_c3
intermediate;player_match_stats;winning_late_pct_z1_c4;float;dec_winning_late_pct_z1_c4
intermediate;player_match_stats;winning_late_pct_z1_c5;float;dec_winning_late_pct_z1_c5
intermediate;player_match_stats;winning_late_pct_z2_c1;float;dec_winning_late_pct_z2_c1
intermediate;player_match_stats;winning_late_pct_z2_c2;float;dec_winning_late_pct_z2_c2
intermediate;player_match_stats;winning_late_pct_z2_c3;float;dec_winning_late_pct_z2_c3
intermediate;player_match_stats;winning_late_pct_z2_c4;float;dec_winning_late_pct_z2_c4
intermediate;player_match_stats;winning_late_pct_z2_c5;float;dec_winning_late_pct_z2_c5
intermediate;player_match_stats;winning_late_pct_z3_c1;float;dec_winning_late_pct_z3_c1
intermediate;player_match_stats;winning_late_pct_z3_c2;float;dec_winning_late_pct_z3_c2
intermediate;player_match_stats;winning_late_pct_z3_c3;float;dec_winning_late_pct_z3_c3
intermediate;player_match_stats;winning_late_pct_z3_c4;float;dec_winning_late_pct_z3_c4
intermediate;player_match_stats;winning_late_pct_z3_c5;float;dec_winning_late_pct_z3_c5
intermediate;player_match_stats;winning_late_pct_z4_c1;float;dec_winning_late_pct_z4_c1
intermediate;player_match_stats;winning_late_pct_z4_c2;float;dec_winning_late_pct_z4_c2
intermediate;player_match_stats;winning_late_pct_z4_c3;float;dec_winning_late_pct_z4_c3
intermediate;player_match_stats;winning_late_pct_z4_c4;float;dec_winning_late_pct_z4_c4
intermediate;player_match_stats;winning_late_pct_z4_c5;float;dec_winning_late_pct_z4_c5
intermediate;player_match_stats;winning_late_pct_z5_c1;float;dec_winning_late_pct_z5_c1
intermediate;player_match_stats;winning_late_pct_z5_c2;float;dec_winning_late_pct_z5_c2
intermediate;player_match_stats;winning_late_pct_z5_c3;float;dec_winning_late_pct_z5_c3
intermediate;player_match_stats;winning_late_pct_z5_c4;float;dec_winning_late_pct_z5_c4
intermediate;player_match_stats;winning_late_pct_z5_c5;float;dec_winning_late_pct_z5_c5
intermediate;player_match_stats;winning_pct_z1_c1;float;dec_winning_pct_z1_c1
intermediate;player_match_stats;winning_pct_z1_c2;float;dec_winning_pct_z1_c2
intermediate;player_match_stats;winning_pct_z1_c3;float;dec_winning_pct_z1_c3
intermediate;player_match_stats;winning_pct_z1_c4;float;dec_winning_pct_z1_c4
intermediate;player_match_stats;winning_pct_z1_c5;float;dec_winning_pct_z1_c5
intermediate;player_match_stats;winning_pct_z2_c1;float;dec_winning_pct_z2_c1
intermediate;player_match_stats;winning_pct_z2_c2;float;dec_winning_pct_z2_c2
intermediate;player_match_stats;winning_pct_z2_c3;float;dec_winning_pct_z2_c3
intermediate;player_match_stats;winning_pct_z2_c4;float;dec_winning_pct_z2_c4
intermediate;player_match_stats;winning_pct_z2_c5;float;dec_winning_pct_z2_c5
intermediate;player_match_stats;winning_pct_z3_c1;float;dec_winning_pct_z3_c1
intermediate;player_match_stats;winning_pct_z3_c2;float;dec_winning_pct_z3_c2
intermediate;player_match_stats;winning_pct_z3_c3;float;dec_winning_pct_z3_c3
intermediate;player_match_stats;winning_pct_z3_c4;float;dec_winning_pct_z3_c4
intermediate;player_match_stats;winning_pct_z3_c5;float;dec_winning_pct_z3_c5
intermediate;player_match_stats;winning_pct_z4_c1;float;dec_winning_pct_z4_c1
intermediate;player_match_stats;winning_pct_z4_c2;float;dec_winning_pct_z4_c2
intermediate;player_match_stats;winning_pct_z4_c3;float;dec_winning_pct_z4_c3
intermediate;player_match_stats;winning_pct_z4_c4;float;dec_winning_pct_z4_c4
intermediate;player_match_stats;winning_pct_z4_c5;float;dec_winning_pct_z4_c5
intermediate;player_match_stats;winning_pct_z5_c1;float;dec_winning_pct_z5_c1
intermediate;player_match_stats;winning_pct_z5_c2;float;dec_winning_pct_z5_c2
intermediate;player_match_stats;winning_pct_z5_c3;float;dec_winning_pct_z5_c3
intermediate;player_match_stats;winning_pct_z5_c4;float;dec_winning_pct_z5_c4
intermediate;player_match_stats;winning_pct_z5_c5;float;dec_winning_pct_z5_c5
intermediate;player_match_stats;xg_contribution;float;dec_xg_contribution
intermediate;player_network_betweenness;betweenness_exact;float;dec_betweenness_exact
intermediate;player_network_betweenness;league_source;string;str_league_source
intermediate;player_network_betweenness;match_id;string;str_match_id
intermediate;player_network_betweenness;player_id;string;str_player_id
intermediate;player_network_betweenness;season;string;str_season
intermediate;player_network_betweenness;team_id;string;str_team_id
intermediate;player_network_centrality;betweenness_proxy;float;dec_betweenness_proxy
intermediate;player_network_centrality;creative_rate;float;dec_creative_rate
intermediate;player_network_centrality;degree_in;integer;int_degree_in
intermediate;player_network_centrality;degree_out;integer;int_degree_out
intermediate;player_network_centrality;league_source;string;str_league_source
intermediate;player_network_centrality;match_id;string;str_match_id
intermediate;player_network_centrality;n_creative_out;integer;int_n_creative_out
intermediate;player_network_centrality;n_progressive_out;integer;int_n_progressive_out
intermediate;player_network_centrality;pass_share;float;dec_pass_share
intermediate;player_network_centrality;player_id;string;str_player_id
intermediate;player_network_centrality;season;string;str_season
intermediate;player_network_centrality;team_id;string;str_team_id
intermediate;player_network_centrality;weighted_degree_in;integer;int_weighted_degree_in
intermediate;player_network_centrality;weighted_degree_out;integer;int_weighted_degree_out
intermediate;player_network_duels;duel_type;string;str_duel_type
intermediate;player_network_duels;duel_type_id;string;str_duel_type_id
intermediate;player_network_duels;event_id_a;integer;int_event_id_a
intermediate;player_network_duels;event_id_b;integer;int_event_id_b
intermediate;player_network_duels;expanded_minute;integer;int_expanded_minute
intermediate;player_network_duels;league_source;string;str_league_source
intermediate;player_network_duels;match_id;string;str_match_id
intermediate;player_network_duels;outcome_a;integer;int_outcome_a
intermediate;player_network_duels;outcome_b;integer;int_outcome_b
intermediate;player_network_duels;player_id_a;integer;int_player_id_a
intermediate;player_network_duels;player_id_b;integer;int_player_id_b
intermediate;player_network_duels;season;string;str_season
intermediate;player_network_duels;second;integer;int_second
intermediate;player_network_duels;team_id_a;integer;int_team_id_a
intermediate;player_network_duels;team_id_b;integer;int_team_id_b
intermediate;player_network_duels;x;float;dec_x
intermediate;player_network_duels;y;float;dec_y
intermediate;player_network_passes;league_source;string;str_league_source
intermediate;player_network_passes;match_id;string;str_match_id
intermediate;player_network_passes;n_buildup;integer;int_n_buildup
intermediate;player_network_passes;n_creative;integer;int_n_creative
intermediate;player_network_passes;n_passes;integer;int_n_passes
intermediate;player_network_passes;n_passes_counter_attack;integer;int_n_passes_counter_attack
intermediate;player_network_passes;n_passes_open_play;integer;int_n_passes_open_play
intermediate;player_network_passes;n_passes_other;integer;int_n_passes_other
intermediate;player_network_passes;n_passes_recovery;integer;int_n_passes_recovery
intermediate;player_network_passes;n_progressive;integer;int_n_progressive
intermediate;player_network_passes;passer_id;string;str_passer_id
intermediate;player_network_passes;receiver_id;string;str_receiver_id
intermediate;player_network_passes;season;string;str_season
intermediate;player_network_passes;team_id;string;str_team_id
intermediate;player_passes_raw;chain_id;string;str_chain_id
intermediate;player_passes_raw;chain_trigger;string;str_chain_trigger
intermediate;player_passes_raw;end_x;float;dec_end_x
intermediate;player_passes_raw;end_y;float;dec_end_y
intermediate;player_passes_raw;expanded_minute;integer;int_expanded_minute
intermediate;player_passes_raw;is_buildup;boolean;bool_is_buildup
intermediate;player_passes_raw;is_creative;boolean;bool_is_creative
intermediate;player_passes_raw;is_key_pass;integer;int_is_key_pass
intermediate;player_passes_raw;is_progressive;boolean;bool_is_progressive
intermediate;player_passes_raw;is_shot_assist;integer;int_is_shot_assist
intermediate;player_passes_raw;league_source;string;str_league_source
intermediate;player_passes_raw;match_id;string;str_match_id
intermediate;player_passes_raw;passer_id;string;str_passer_id
intermediate;player_passes_raw;receiver_id;string;str_receiver_id
intermediate;player_passes_raw;row_num;integer;int_row_num
intermediate;player_passes_raw;season;string;str_season
intermediate;player_passes_raw;second;integer;int_second
intermediate;player_passes_raw;team_id;string;str_team_id
intermediate;player_passes_raw;x;float;dec_x
intermediate;player_passes_raw;y;float;dec_y
intermediate;player_possession_chains;certain_possessor;integer;int_certain_possessor
intermediate;player_possession_chains;chain_id;string;str_chain_id
intermediate;player_possession_chains;chain_number;integer;int_chain_number
intermediate;player_possession_chains;chain_team_id;string;str_chain_team_id
intermediate;player_possession_chains;chain_trigger;string;str_chain_trigger
intermediate;player_possession_chains;event_id;string;str_event_id
intermediate;player_possession_chains;expanded_minute;integer;int_expanded_minute
intermediate;player_possession_chains;is_rupture;integer;int_is_rupture
intermediate;player_possession_chains;is_shot;boolean;bool_is_shot
intermediate;player_possession_chains;league_source;string;str_league_source
intermediate;player_possession_chains;match_id;string;str_match_id
intermediate;player_possession_chains;outcome_id;string;str_outcome_id
intermediate;player_possession_chains;period;integer;int_period
intermediate;player_possession_chains;player_id;string;str_player_id
intermediate;player_possession_chains;row_num;integer;int_row_num
intermediate;player_possession_chains;scraped_at;date/timestamp;dt_scraped_at
intermediate;player_possession_chains;season;string;str_season
intermediate;player_possession_chains;second;integer;int_second
intermediate;player_possession_chains;team_id;string;str_team_id
intermediate;player_possession_chains;type_id;string;str_type_id
intermediate;player_possession_chains;type_name;string;str_type_name
intermediate;player_possession_chains;x;float;dec_x
intermediate;player_possession_chains;y;float;dec_y
intermediate;player_xg_chain;chain_id;string;str_chain_id
intermediate;player_xg_chain;chain_length;integer;int_chain_length
intermediate;player_xg_chain;chain_number;integer;int_chain_number
intermediate;player_xg_chain;chain_team_id;string;str_chain_team_id
intermediate;player_xg_chain;is_assister;boolean;bool_is_assister
intermediate;player_xg_chain;is_counter_attack;boolean;bool_is_counter_attack
intermediate;player_xg_chain;is_shooter;boolean;bool_is_shooter
intermediate;player_xg_chain;league_source;string;str_league_source
intermediate;player_xg_chain;match_id;string;str_match_id
intermediate;player_xg_chain;player_id;string;str_player_id
intermediate;player_xg_chain;position_in_chain;integer;int_position_in_chain
intermediate;player_xg_chain;position_weight;float;dec_position_weight
intermediate;player_xg_chain;season;string;str_season
intermediate;player_xg_chain;shot_event_id;string;str_shot_event_id
intermediate;player_xg_chain;shot_minute;integer;int_shot_minute
intermediate;player_xg_chain;shot_type_id;string;str_shot_type_id
intermediate;player_xg_chain;xg_proxy;float;dec_xg_proxy
intermediate;player_xg_chain;xgbuildup;float;dec_xgbuildup
intermediate;player_xg_chain;xgbuildup_weighted;float;dec_xgbuildup_weighted
intermediate;player_xg_chain;xgchain;float;dec_xgchain
intermediate;player_xg_chain;xgchain_weighted;float;dec_xgchain_weighted
intermediate;player_zone_transitions;formation;string;str_formation
intermediate;player_zone_transitions;league_source;string;str_league_source
intermediate;player_zone_transitions;match_id;string;str_match_id
intermediate;player_zone_transitions;n_transitions;integer;int_n_transitions
intermediate;player_zone_transitions;pct_transitions;float;dec_pct_transitions
intermediate;player_zone_transitions;period;integer;int_period
intermediate;player_zone_transitions;player_id;string;str_player_id
intermediate;player_zone_transitions;progressive_rate;float;dec_progressive_rate
intermediate;player_zone_transitions;score_state;string;str_score_state
intermediate;player_zone_transitions;season;string;str_season
intermediate;player_zone_transitions;team_id;string;str_team_id
intermediate;player_zone_transitions;zone_from;string;str_zone_from
intermediate;player_zone_transitions;zone_to;string;str_zone_to
intermediate;team_features_ws;match_id;string;str_match_id
intermediate;team_features_ws;team_id;string;str_team_id
intermediate;team_features_ws;ws_attack_center_pct;float;dec_ws_attack_center_pct
intermediate;team_features_ws;ws_attack_left_pct;float;dec_ws_attack_left_pct
intermediate;team_features_ws;ws_attack_right_pct;float;dec_ws_attack_right_pct
intermediate;team_features_ws;ws_conversion_rate;float;dec_ws_conversion_rate
intermediate;team_features_ws;ws_counter_attack_dna;float;dec_ws_counter_attack_dna
intermediate;team_features_ws;ws_counter_shot_rate;float;dec_ws_counter_shot_rate
intermediate;team_features_ws;ws_cross_rate;float;dec_ws_cross_rate
intermediate;team_features_ws;ws_deep_completion_rt;float;dec_ws_deep_completion_rt
intermediate;team_features_ws;ws_def_exposed_center_pct;float;dec_ws_def_exposed_center_pct
intermediate;team_features_ws;ws_def_exposed_left_pct;float;dec_ws_def_exposed_left_pct
intermediate;team_features_ws;ws_def_exposed_right_pct;float;dec_ws_def_exposed_right_pct
intermediate;team_features_ws;ws_defensive_line_height;float;dec_ws_defensive_line_height
intermediate;team_features_ws;ws_field_tilt_actions;float;dec_ws_field_tilt_actions
intermediate;team_features_ws;ws_flank_exposure_asymm;float;dec_ws_flank_exposure_asymm
intermediate;team_features_ws;ws_high_turnover_rate;float;dec_ws_high_turnover_rate
intermediate;team_features_ws;ws_long_ball_rate;float;dec_ws_long_ball_rate
intermediate;team_features_ws;ws_midfield_control_idx;float;dec_ws_midfield_control_idx
intermediate;team_features_ws;ws_momentum_delta;float;dec_ws_momentum_delta
intermediate;team_features_ws;ws_set_piece_pressure;float;dec_ws_set_piece_pressure
intermediate;team_features_ws;ws_short_pass_rate;float;dec_ws_short_pass_rate
intermediate;team_features_ws;ws_shot_oob_pct;float;dec_ws_shot_oob_pct
intermediate;team_features_ws;ws_shot_open_play_pct;float;dec_ws_shot_open_play_pct
intermediate;team_features_ws;ws_shot_penalty_att_pct;float;dec_ws_shot_penalty_att_pct
intermediate;team_features_ws;ws_shot_penalty_pct;float;dec_ws_shot_penalty_pct
intermediate;team_features_ws;ws_shot_set_piece_pct;float;dec_ws_shot_set_piece_pct
intermediate;team_features_ws;ws_shot_six_yard_pct;float;dec_ws_shot_six_yard_pct
intermediate;team_features_ws;ws_through_ball_rate;float;dec_ws_through_ball_rate
intermediate;team_features_ws;ws_zone_att_pct;float;dec_ws_zone_att_pct
intermediate;team_features_ws;ws_zone_def_pct;float;dec_ws_zone_def_pct
intermediate;team_features_ws;ws_zone_mid_pct;float;dec_ws_zone_mid_pct
intermediate;team_network_features;avg_betweenness;float;dec_avg_betweenness
intermediate;team_network_features;centroid_x;float;dec_centroid_x
intermediate;team_network_features;centroid_x_progressive;float;dec_centroid_x_progressive
intermediate;team_network_features;centroid_y;float;dec_centroid_y
intermediate;team_network_features;centroid_y_progressive;float;dec_centroid_y_progressive
intermediate;team_network_features;league_source;string;str_league_source
intermediate;team_network_features;match_id;string;str_match_id
intermediate;team_network_features;n_edges;integer;int_n_edges
intermediate;team_network_features;n_players;integer;int_n_players
intermediate;team_network_features;network_density;float;dec_network_density
intermediate;team_network_features;network_entropy;float;dec_network_entropy
intermediate;team_network_features;season;string;str_season
intermediate;team_network_features;team_id;string;str_team_id
intermediate;team_network_features;top_creator_share;float;dec_top_creator_share
intermediate;threat_conceded;chain_id;string;str_chain_id
intermediate;threat_conceded;chain_length;integer;int_chain_length
intermediate;threat_conceded;chain_number;integer;int_chain_number
intermediate;threat_conceded;chain_team_id;string;str_chain_team_id
intermediate;threat_conceded;has_error_leading_to_goal;boolean;bool_has_error_leading_to_goal
intermediate;threat_conceded;is_keeper;boolean;bool_is_keeper
intermediate;threat_conceded;is_penalty;boolean;bool_is_penalty
intermediate;threat_conceded;league_source;string;str_league_source
intermediate;threat_conceded;match_id;string;str_match_id
intermediate;threat_conceded;player_id;string;str_player_id
intermediate;threat_conceded;position_in_chain;integer;int_position_in_chain
intermediate;threat_conceded;position_weight;float;dec_position_weight
intermediate;threat_conceded;season;string;str_season
intermediate;threat_conceded;team_id;string;str_team_id
intermediate;threat_conceded;threat_conceded;float;dec_threat_conceded
intermediate;threat_conceded;threat_conceded_weighted;float;dec_threat_conceded_weighted
intermediate;threat_conceded;xg_proxy;float;dec_xg_proxy
machine_learning;player_style_clusters;cluster_defensive;string;str_cluster_defensive
machine_learning;player_style_clusters;cluster_offensive;string;str_cluster_offensive
machine_learning;player_style_clusters;player_id;string;str_player_id
machine_learning;player_style_clusters;season;string;str_season
machine_learning;xgot_features;corner_dist;float;dec_corner_dist
machine_learning;xgot_features;height;float;dec_height
machine_learning;xgot_features;is_goal;boolean;bool_is_goal
machine_learning;xgot_features;match_id;string;str_match_id
machine_learning;xgot_features;offset_center;float;dec_offset_center
machine_learning;xgot_features;placement_col;string;str_placement_col
machine_learning;xgot_features;placement_row;string;str_placement_row
machine_learning;xgot_features;placement_zone;string;str_placement_zone
machine_learning;xgot_features;pre_shot_xg_proxy;float;dec_pre_shot_xg_proxy
machine_learning;xgot_features;row_num;integer;int_row_num
machine_learning;xgot_features;season;string;str_season
machine_learning;xgot_features;shot_angle_rad;float;dec_shot_angle_rad
machine_learning;xgot_features;shot_distance_m;float;dec_shot_distance_m
machine_learning;xgot_features;x;float;dec_x
machine_learning;xgot_features;y;float;dec_y
machine_learning;xgot_predictions;is_goal;boolean;bool_is_goal
machine_learning;xgot_predictions;match_id;string;str_match_id
machine_learning;xgot_predictions;row_num;integer;int_row_num
machine_learning;xgot_predictions;season;string;str_season
machine_learning;xgot_predictions;xgot;float;dec_xgot
machine_learning;xgot_training;corner_dist;float;dec_corner_dist
machine_learning;xgot_training;height;float;dec_height
machine_learning;xgot_training;label;integer;int_label
machine_learning;xgot_training;match_id;string;str_match_id
machine_learning;xgot_training;offset_center;float;dec_offset_center
machine_learning;xgot_training;placement_col;string;str_placement_col
machine_learning;xgot_training;placement_row;string;str_placement_row
machine_learning;xgot_training;placement_zone;string;str_placement_zone
machine_learning;xgot_training;pre_shot_xg_proxy;float;dec_pre_shot_xg_proxy
machine_learning;xgot_training;row_num;integer;int_row_num
machine_learning;xgot_training;season;string;str_season
machine_learning;xgot_training;shot_angle_rad;float;dec_shot_angle_rad
machine_learning;xgot_training;shot_distance_m;float;dec_shot_distance_m
machine_learning;xgot_training;x;float;dec_x
machine_learning;xgot_training;y;float;dec_y
machine_learning;xt_grid;col;integer;int_col
machine_learning;xt_grid;goal_prob;float;dec_goal_prob
machine_learning;xt_grid;goals;integer;int_goals
machine_learning;xt_grid;move_pct;float;dec_move_pct
machine_learning;xt_grid;moves;integer;int_moves
machine_learning;xt_grid;row;integer;int_row
machine_learning;xt_grid;shoot_pct;float;dec_shoot_pct
machine_learning;xt_grid;shots;integer;int_shots
machine_learning;xt_grid;turnover;integer;int_turnover
machine_learning;xt_grid;xt;float;dec_xt
machine_learning;zonal_profiles_imputed;player_id;string;str_player_id
machine_learning;zonal_profiles_imputed;season;string;str_season
machine_learning;zonal_profiles_imputed;zone_5x5;string;str_zone_5x5
marts;mart_1n2;match_id;string;str_match_id
marts;mart_1n2;result_1n2;string;str_result_1n2
marts;mart_1n2;team_id;string;str_team_id
marts;mart_assists;assisted;integer;int_assisted
marts;mart_assists;match_id;string;str_match_id
marts;mart_assists;player_id;string;str_player_id
marts;mart_assists;team_id;string;str_team_id
marts;mart_events;match_id;string;str_match_id
marts;mart_events;total_cards;integer;int_total_cards
marts;mart_events;total_corners;float;dec_total_corners
marts;mart_goals;match_id;string;str_match_id
marts;mart_goals;team_goals;integer;int_team_goals
marts;mart_goals;team_id;string;str_team_id
marts;mart_scorers;match_id;string;str_match_id
marts;mart_scorers;player_id;string;str_player_id
marts;mart_scorers;scored;integer;int_scored
marts;mart_scorers;team_id;string;str_team_id
referentiel;team_mapping;alias;string;str_alias
referentiel;team_mapping;club_name;string;str_club_name
referentiel;team_mapping;team_id;string;str_team_id
silver;fbref_keeper;comp_category;string;str_comp_category
silver;fbref_keeper;cs;boolean;bool_cs
silver;fbref_keeper;date;date/timestamp;dt_date
silver;fbref_keeper;day;string;str_day
silver;fbref_keeper;ga;integer;int_ga
silver;fbref_keeper;ga_keeper;integer;int_ga_keeper
silver;fbref_keeper;gf;integer;int_gf
silver;fbref_keeper;league_source;string;str_league_source
silver;fbref_keeper;opponent;string;str_opponent
silver;fbref_keeper;pk_allowed;integer;int_pk_allowed
silver;fbref_keeper;pk_att;integer;int_pk_att
silver;fbref_keeper;pk_missed;integer;int_pk_missed
silver;fbref_keeper;pk_saved;integer;int_pk_saved
silver;fbref_keeper;raw_opponent;string;str_raw_opponent
silver;fbref_keeper;raw_team;string;str_raw_team
silver;fbref_keeper;result;string;str_result
silver;fbref_keeper;result_1n2;string;str_result_1n2
silver;fbref_keeper;save_pct;float;dec_save_pct
silver;fbref_keeper;saves;integer;int_saves
silver;fbref_keeper;scraped_at;date/timestamp;dt_scraped_at
silver;fbref_keeper;season;string;str_season
silver;fbref_keeper;sota;integer;int_sota
silver;fbref_keeper;source;string;str_source
silver;fbref_keeper;team;string;str_team
silver;fbref_keeper;time;string;str_time
silver;fbref_keeper;venue;string;str_venue
silver;fbref_misc;comp_category;string;str_comp_category
silver;fbref_misc;crdr;integer;int_crdr
silver;fbref_misc;crdy;integer;int_crdy
silver;fbref_misc;crdy2;integer;int_crdy2
silver;fbref_misc;crosses;integer;int_crosses
silver;fbref_misc;date;date/timestamp;dt_date
silver;fbref_misc;day;string;str_day
silver;fbref_misc;fld;integer;int_fld
silver;fbref_misc;fls;integer;int_fls
silver;fbref_misc;ga;integer;int_ga
silver;fbref_misc;gf;integer;int_gf
silver;fbref_misc;int;integer;int_int
silver;fbref_misc;league_source;string;str_league_source
silver;fbref_misc;off;integer;int_off
silver;fbref_misc;og;integer;int_og
silver;fbref_misc;opponent;string;str_opponent
silver;fbref_misc;pkcon;integer;int_pkcon
silver;fbref_misc;pkwon;integer;int_pkwon
silver;fbref_misc;raw_opponent;string;str_raw_opponent
silver;fbref_misc;raw_team;string;str_raw_team
silver;fbref_misc;result;string;str_result
silver;fbref_misc;result_1n2;string;str_result_1n2
silver;fbref_misc;scraped_at;date/timestamp;dt_scraped_at
silver;fbref_misc;season;string;str_season
silver;fbref_misc;source;string;str_source
silver;fbref_misc;team;string;str_team
silver;fbref_misc;time;string;str_time
silver;fbref_misc;tklw;integer;int_tklw
silver;fbref_misc;venue;string;str_venue
silver;fbref_schedule;comp_category;string;str_comp_category
silver;fbref_schedule;date;date/timestamp;dt_date
silver;fbref_schedule;day;string;str_day
silver;fbref_schedule;formation;string;str_formation
silver;fbref_schedule;ga;integer;int_ga
silver;fbref_schedule;gf;integer;int_gf
silver;fbref_schedule;league_source;string;str_league_source
silver;fbref_schedule;opp_formation;string;str_opp_formation
silver;fbref_schedule;opponent;string;str_opponent
silver;fbref_schedule;poss;string;str_poss
silver;fbref_schedule;raw_opponent;string;str_raw_opponent
silver;fbref_schedule;raw_team;string;str_raw_team
silver;fbref_schedule;result;string;str_result
silver;fbref_schedule;result_1n2;string;str_result_1n2
silver;fbref_schedule;scraped_at;date/timestamp;dt_scraped_at
silver;fbref_schedule;season;string;str_season
silver;fbref_schedule;source;string;str_source
silver;fbref_schedule;team;string;str_team
silver;fbref_schedule;time;string;str_time
silver;fbref_schedule;venue;string;str_venue
silver;fbref_shooting;comp_category;string;str_comp_category
silver;fbref_shooting;date;date/timestamp;dt_date
silver;fbref_shooting;day;string;str_day
silver;fbref_shooting;ga;integer;int_ga
silver;fbref_shooting;gf;integer;int_gf
silver;fbref_shooting;league_source;string;str_league_source
silver;fbref_shooting;opponent;string;str_opponent
silver;fbref_shooting;raw_opponent;string;str_raw_opponent
silver;fbref_shooting;raw_team;string;str_raw_team
silver;fbref_shooting;result;string;str_result
silver;fbref_shooting;result_1n2;string;str_result_1n2
silver;fbref_shooting;scraped_at;date/timestamp;dt_scraped_at
silver;fbref_shooting;season;string;str_season
silver;fbref_shooting;source;string;str_source
silver;fbref_shooting;standard_g_sh;float;dec_standard_g_sh
silver;fbref_shooting;standard_g_sot;float;dec_standard_g_sot
silver;fbref_shooting;standard_gls;integer;int_standard_gls
silver;fbref_shooting;standard_pk;integer;int_standard_pk
silver;fbref_shooting;standard_pkatt;integer;int_standard_pkatt
silver;fbref_shooting;standard_sh;integer;int_standard_sh
silver;fbref_shooting;standard_sot;integer;int_standard_sot
silver;fbref_shooting;standard_sot_pct;float;dec_standard_sot_pct
silver;fbref_shooting;team;string;str_team
silver;fbref_shooting;time;string;str_time
silver;fbref_shooting;venue;string;str_venue
silver;odds;away_team;string;str_away_team
silver;odds;date;date/timestamp;dt_date
silver;odds;home_team;string;str_home_team
silver;odds;league_source;string;str_league_source
silver;odds;market_prob_a;float;dec_market_prob_a
silver;odds;market_prob_d;float;dec_market_prob_d
silver;odds;market_prob_h;float;dec_market_prob_h
silver;odds;odds_avg_a;float;dec_odds_avg_a
silver;odds;odds_avg_d;float;dec_odds_avg_d
silver;odds;odds_avg_h;float;dec_odds_avg_h
silver;odds;odds_max_a;float;dec_odds_max_a
silver;odds;odds_max_d;float;dec_odds_max_d
silver;odds;odds_max_h;float;dec_odds_max_h
silver;odds;odds_pinnacle_a;float;dec_odds_pinnacle_a
silver;odds;odds_pinnacle_d;float;dec_odds_pinnacle_d
silver;odds;odds_pinnacle_h;float;dec_odds_pinnacle_h
silver;odds;pinnacle_prob_a;float;dec_pinnacle_prob_a
silver;odds;pinnacle_prob_d;float;dec_pinnacle_prob_d
silver;odds;pinnacle_prob_h;float;dec_pinnacle_prob_h
silver;odds;result_fdc;string;str_result_fdc
silver;odds;season;string;str_season
silver;stg_whoscored_events;is_shot;boolean;bool_is_shot
silver;stg_whoscored_events;player_id;string;str_player_id
silver;stg_whoscored_events;qualifiers_json;string;str_qualifiers_json
silver;stg_whoscored_events;team_id;string;str_team_id
silver;stg_whoscored_events;type_id;string;str_type_id
silver;stg_whoscored_events;ws_match_id;string;str_ws_match_id
silver;stg_whoscored_formations;captain_player_id;string;str_captain_player_id
silver;stg_whoscored_formations;end_minute;integer;int_end_minute
silver;stg_whoscored_formations;end_minute_reg;integer;int_end_minute_reg
silver;stg_whoscored_formations;formation_id;string;str_formation_id
silver;stg_whoscored_formations;formation_positions;string;str_formation_positions
silver;stg_whoscored_formations;formation_seq;integer;int_formation_seq
silver;stg_whoscored_formations;player_ids;string;str_player_ids
silver;stg_whoscored_formations;start_minute;integer;int_start_minute
silver;stg_whoscored_formations;start_minute_reg;integer;int_start_minute_reg
silver;stg_whoscored_formations;team_id;string;str_team_id
silver;stg_whoscored_formations;ws_match_id;string;str_ws_match_id
silver;stg_whoscored_formations_ref;formation_id;string;str_formation_id
silver;stg_whoscored_formations_ref;formation_name;string;str_formation_name
silver;stg_whoscored_match_index;away_team_id;string;str_away_team_id
silver;stg_whoscored_match_index;away_team_name;string;str_away_team_name
silver;stg_whoscored_match_index;home_team_id;string;str_home_team_id
silver;stg_whoscored_match_index;home_team_name;string;str_home_team_name
silver;stg_whoscored_match_index;league_source;string;str_league_source
silver;stg_whoscored_match_index;match_date;date/timestamp;dt_match_date
silver;stg_whoscored_match_index;season;string;str_season
silver;stg_whoscored_match_index;ws_match_id;string;str_ws_match_id
silver;stg_whoscored_match_meta;attendance;integer;int_attendance
silver;stg_whoscored_match_meta;attendance;integer;int_attendance
silver;stg_whoscored_match_meta;et_score;string;str_et_score
silver;stg_whoscored_match_meta;ft_score;string;str_ft_score
silver;stg_whoscored_match_meta;ht_score;string;str_ht_score
silver;stg_whoscored_match_meta;kickoff_time;string;str_kickoff_time
silver;stg_whoscored_match_meta;pk_score;string;str_pk_score
silver;stg_whoscored_match_meta;referee_id;string;str_referee_id
silver;stg_whoscored_match_meta;referee_name;string;str_referee_name
silver;stg_whoscored_match_meta;venue_name;string;str_venue_name
silver;stg_whoscored_match_meta;weather_code;string;str_weather_code
silver;stg_whoscored_match_meta;ws_match_id;string;str_ws_match_id
silver;stg_whoscored_player_match;is_first_eleven;boolean;bool_is_first_eleven
silver;stg_whoscored_player_match;is_man_of_the_match;boolean;bool_is_man_of_the_match
silver;stg_whoscored_player_match;player_id;string;str_player_id
silver;stg_whoscored_player_match;position;string;str_position
silver;stg_whoscored_player_match;rating;float;dec_rating
silver;stg_whoscored_player_match;stats_json;string;str_stats_json
silver;stg_whoscored_player_match;team_id;string;str_team_id
silver;stg_whoscored_player_match;ws_match_id;string;str_ws_match_id
silver;stg_whoscored_players_ref;player_id;string;str_player_id
silver;stg_whoscored_players_ref;player_name;string;str_player_name
silver;stg_whoscored_team_match;average_age;float;dec_average_age
silver;stg_whoscored_team_match;field;string;str_field
silver;stg_whoscored_team_match;manager_name;string;str_manager_name
silver;stg_whoscored_team_match;stats_json;string;str_stats_json
silver;stg_whoscored_team_match;team_id;string;str_team_id
silver;stg_whoscored_team_match;ws_match_id;string;str_ws_match_id
silver;stg_whoscored_urls;indexed_at;string;str_indexed_at
silver;stg_whoscored_urls;is_scraped;boolean;bool_is_scraped
silver;stg_whoscored_urls;league_source;string;str_league_source
silver;stg_whoscored_urls;match_year;integer;int_match_year
silver;stg_whoscored_urls;month_abbr;string;str_month_abbr
silver;stg_whoscored_urls;scraped_at;date/timestamp;dt_scraped_at
silver;stg_whoscored_urls;season;string;str_season
silver;stg_whoscored_urls;skip_reason;string;str_skip_reason
silver;stg_whoscored_urls;url;string;str_url
silver;stg_whoscored_urls;ws_match_id;string;str_ws_match_id
silver;understat_schedule;away_goals;integer;int_away_goals
silver;understat_schedule;away_team;string;str_away_team
silver;understat_schedule;away_xg;float;dec_away_xg
silver;understat_schedule;comp_category;string;str_comp_category
silver;understat_schedule;home_goals;integer;int_home_goals
silver;understat_schedule;home_team;string;str_home_team
silver;understat_schedule;home_xg;float;dec_home_xg
silver;understat_schedule;is_result;boolean;bool_is_result
silver;understat_schedule;league_source;string;str_league_source
silver;understat_schedule;match_id;string;str_match_id
silver;understat_schedule;match_url;string;str_match_url
silver;understat_schedule;raw_away_team;string;str_raw_away_team
silver;understat_schedule;raw_home_team;string;str_raw_home_team
silver;understat_schedule;season;string;str_season
silver;understat_stats;away_deep;integer;int_away_deep
silver;understat_stats;away_np_xg;float;dec_away_np_xg
silver;understat_stats;away_np_xg_diff;float;dec_away_np_xg_diff
silver;understat_stats;away_ppda;float;dec_away_ppda
silver;understat_stats;away_xpts;float;dec_away_xpts
silver;understat_stats;comp_category;string;str_comp_category
silver;understat_stats;home_deep;integer;int_home_deep
silver;understat_stats;home_np_xg;float;dec_home_np_xg
silver;understat_stats;home_np_xg_diff;float;dec_home_np_xg_diff
silver;understat_stats;home_ppda;float;dec_home_ppda
silver;understat_stats;home_xpts;float;dec_home_xpts
silver;understat_stats;league_source;string;str_league_source
silver;understat_stats;match_id;string;str_match_id
silver;understat_stats;season;string;str_season
silver;whoscored_team_season;league_source;string;str_league_source
silver;whoscored_team_season;season;string;str_season
silver;whoscored_team_season;team;string;str_team
silver;whoscored_team_season;ws_away_att_rating;float;dec_ws_away_att_rating
silver;whoscored_team_season;ws_away_def_rating;float;dec_ws_away_def_rating
silver;whoscored_team_season;ws_away_dribbles_pg;float;dec_ws_away_dribbles_pg
silver;whoscored_team_season;ws_away_fouled_pg;float;dec_ws_away_fouled_pg
silver;whoscored_team_season;ws_away_shots_ot_pg;float;dec_ws_away_shots_ot_pg
silver;whoscored_team_season;ws_home_att_rating;float;dec_ws_home_att_rating
silver;whoscored_team_season;ws_home_def_rating;float;dec_ws_home_def_rating
silver;whoscored_team_season;ws_home_dribbles_pg;float;dec_ws_home_dribbles_pg
silver;whoscored_team_season;ws_home_fouled_pg;float;dec_ws_home_fouled_pg
silver;whoscored_team_season;ws_home_shots_ot_pg;float;dec_ws_home_shots_ot_pg
